customer_id,signup_date,city,age_group,acquisition_channel
C00001,2024-07-22,Chennai,26-35,Facebook
C00002,2025-10-04,Mumbai,18-25,Facebook
C00003,2024-11-14,Kolkata,26-35,YouTube
C00004,2025-09-28,Pune,36-45,Referral
C00005,2025-06-26,Bangalore,26-35,Referral
C00006,2024-11-07,Ahmedabad,18-25,Referral
C00007,2025-04-27,Chennai,26-35,Instagram
C00008,2024-07-24,Chennai,56+,YouTube
C00009,2025-09-22,Bangalore,26-35,Organic
C00010,2025-01-11,Mumbai,26-35,Organic
C00011,2025-03-03,Mumbai,18-25,Google
C00012,2024-10-09,Ahmedabad,26-35,Instagram
C00013,2025-02-19,Pune,36-45,YouTube
C00014,2025-03-10,Kolkata,36-45,Instagram
C00015,2024-11-21,Mumbai,26-35,Instagram
C00016,2026-03-18,Delhi,46-55,Organic
C00017,2024-12-26,Hyderabad,26-35,Organic
C00018,2024-10-24,Bangalore,46-55,Instagram
C00019,2025-06-16,Kolkata,18-25,Google
C00020,2025-01-20,Pune,26-35,Organic
C00021,2025-04-17,Chennai,46-55,Facebook
C00022,2025-10-07,Mumbai,46-55,Referral
C00023,2024-08-19,Ahmedabad,36-45,YouTube
C00024,2025-05-22,Kolkata,36-45,Google
C00025,2024-07-14,Chennai,36-45,Organic
C00026,2024-07-29,Delhi,36-45,Referral
C00027,2024-08-29,Mumbai,18-25,YouTube
C00028,2024-10-12,Bangalore,26-35,Organic
C00029,2025-02-09,Bangalore,36-45,Google
C00030,2026-02-18,Pune,26-35,Instagram
C00031,2026-01-31,Chennai,46-55,YouTube
C00032,2024-09-04,Ahmedabad,26-35,Instagram
C00033,2026-03-26,Delhi,18-25,Organic
C00034,2025-08-10,Mumbai,18-25,Referral
C00035,2025-06-19,Mumbai,46-55,Instagram
C00036,2025-11-19,Delhi,18-25,Organic
C00037,2025-05-06,Bangalore,46-55,Referral
C00038,2024-12-17,Mumbai,18-25,YouTube
C00039,2025-06-04,Delhi,26-35,Google
C00040,2025-10-07,Pune,36-45,Instagram
C00041,2025-09-10,Mumbai,26-35,Instagram
C00042,2024-10-17,Kolkata,36-45,Google
C00043,2026-02-20,Pune,18-25,Organic
C00044,2024-12-29,Delhi,26-35,Google
C00045,2025-12-06,Kolkata,26-35,Instagram
C00046,2025-01-16,Chennai,46-55,Facebook
C00047,2024-08-10,Mumbai,18-25,Instagram
C00048,2026-03-29,Delhi,26-35,Google
C00049,2025-07-12,Pune,36-45,YouTube
C00050,2024-11-15,Bangalore,56+,Organic
C00051,2024-07-01,Delhi,46-55,Google
C00052,2024-09-21,Bangalore,46-55,Facebook
C00053,2024-10-17,Chennai,26-35,Referral
C00054,2026-02-12,Pune,26-35,Instagram
C00055,2024-10-22,Pune,46-55,Instagram
C00056,2024-10-12,Chennai,46-55,Facebook
C00057,2025-12-18,Mumbai,36-45,Google
C00058,2026-01-13,Hyderabad,36-45,YouTube
C00059,2024-11-11,Bangalore,46-55,Instagram
C00060,2025-08-20,Bangalore,18-25,Instagram
C00061,2025-06-07,Pune,26-35,YouTube
C00062,2025-07-04,Mumbai,56+,Facebook
C00063,2025-01-15,Hyderabad,26-35,Instagram
C00064,2025-10-24,Chennai,18-25,Instagram
C00065,2026-01-14,Pune,26-35,Organic
C00066,2025-10-07,Hyderabad,36-45,Referral
C00067,2026-01-29,Hyderabad,36-45,Google
C00068,2024-09-09,Delhi,36-45,Google
C00069,2025-08-24,Bangalore,18-25,Facebook
C00070,2026-03-31,Mumbai,26-35,Instagram
C00071,2025-06-08,Delhi,18-25,Google
C00072,2026-02-22,Mumbai,46-55,Google
C00073,2025-02-08,Kolkata,18-25,Instagram
C00074,2026-01-24,Delhi,26-35,Referral
C00075,2026-02-20,Bangalore,26-35,Google
C00076,2025-08-02,Delhi,26-35,Organic
C00077,2025-09-24,Delhi,26-35,Google
C00078,2025-05-31,Pune,36-45,Instagram
C00079,2025-01-19,Hyderabad,26-35,YouTube
C00080,2025-06-08,Chennai,18-25,Referral
C00081,2026-03-07,Pune,26-35,Google
C00082,2024-07-10,Mumbai,26-35,Instagram
C00083,2024-11-09,Chennai,26-35,Organic
C00084,2025-05-16,Bangalore,36-45,Organic
C00085,2025-02-02,Bangalore,26-35,Organic
C00086,2025-08-03,Bangalore,36-45,Organic
C00087,2025-02-16,Chennai,18-25,Instagram
C00088,2025-08-25,Mumbai,36-45,Facebook
C00089,2024-09-06,Bangalore,18-25,Google
C00090,2025-01-29,Hyderabad,26-35,Google
C00091,2025-09-16,Bangalore,26-35,Referral
C00092,2025-04-28,Pune,26-35,Instagram
C00093,2025-09-30,Mumbai,18-25,Referral
C00094,2025-08-11,Mumbai,36-45,Google
C00095,2025-01-26,Delhi,26-35,Organic
C00096,2025-03-31,Pune,56+,Organic
C00097,2026-03-09,Mumbai,36-45,Organic
C00098,2026-03-07,Bangalore,26-35,Referral
C00099,2024-07-23,Bangalore,36-45,Google
C00100,2025-09-24,Ahmedabad,18-25,YouTube
C00101,2025-05-10,Kolkata,26-35,Referral
C00102,2024-07-01,Pune,26-35,Referral
C00103,2025-08-10,Delhi,36-45,Instagram
C00104,2024-07-15,Ahmedabad,18-25,Google
C00105,2025-01-20,Chennai,26-35,Google
C00106,2025-09-15,Pune,36-45,Organic
C00107,2025-12-02,Mumbai,26-35,YouTube
C00108,2025-03-21,Delhi,18-25,Facebook
C00109,2025-11-29,Bangalore,26-35,Referral
C00110,2025-12-19,Kolkata,46-55,Referral
C00111,2025-04-12,Mumbai,18-25,Organic
C00112,2024-10-19,Delhi,26-35,Google
C00113,2025-08-26,Delhi,56+,Referral
C00114,2024-07-09,Hyderabad,46-55,Organic
C00115,2026-01-22,Bangalore,18-25,Google
C00116,2025-03-05,Kolkata,26-35,Google
C00117,2025-10-29,Chennai,18-25,Google
C00118,2025-10-14,Pune,46-55,Organic
C00119,2025-04-29,Mumbai,26-35,Google
C00120,2026-03-13,Pune,26-35,Google
C00121,2025-11-21,Hyderabad,18-25,Instagram
C00122,2026-01-16,Pune,26-35,YouTube
C00123,2024-08-30,Bangalore,18-25,YouTube
C00124,2025-05-06,Mumbai,36-45,Facebook
C00125,2026-03-01,Bangalore,26-35,YouTube
C00126,2025-12-02,Hyderabad,26-35,Instagram
C00127,2025-04-17,Delhi,46-55,Instagram
C00128,2024-08-14,Bangalore,18-25,Referral
C00129,2024-12-28,Bangalore,18-25,Referral
C00130,2025-07-01,Hyderabad,26-35,Organic
C00131,2025-08-15,Bangalore,36-45,Google
C00132,2026-02-11,Ahmedabad,18-25,Facebook
C00133,2024-08-29,Hyderabad,36-45,Google
C00134,2025-03-11,Mumbai,26-35,Organic
C00135,2024-12-21,Hyderabad,26-35,YouTube
C00136,2026-03-06,Bangalore,26-35,Referral
C00137,2024-10-15,Ahmedabad,18-25,Organic
C00138,2024-11-19,Hyderabad,18-25,Organic
C00139,2025-01-07,Chennai,36-45,YouTube
C00140,2024-09-06,Bangalore,26-35,YouTube
C00141,2025-08-16,Hyderabad,26-35,Google
C00142,2025-06-01,Hyderabad,46-55,Google
C00143,2025-06-22,Ahmedabad,18-25,YouTube
C00144,2026-01-31,Hyderabad,26-35,Organic
C00145,2025-04-03,Mumbai,26-35,Organic
C00146,2025-01-15,Delhi,18-25,Referral
C00147,2025-02-25,Delhi,56+,Google
C00148,2025-11-24,Hyderabad,56+,Referral
C00149,2025-06-03,Mumbai,26-35,Facebook
C00150,2024-10-17,Bangalore,46-55,Google
C00151,2025-09-14,Kolkata,18-25,Google
C00152,2025-10-20,Kolkata,56+,Instagram
C00153,2024-12-07,Bangalore,36-45,Referral
C00154,2025-06-21,Hyderabad,18-25,Google
C00155,2025-06-26,Bangalore,26-35,Organic
C00156,2024-10-20,Pune,36-45,Instagram
C00157,2024-07-06,Delhi,26-35,Google
C00158,2025-10-02,Pune,26-35,Instagram
C00159,2025-07-29,Chennai,26-35,Instagram
C00160,2025-09-30,Chennai,18-25,YouTube
C00161,2025-02-27,Bangalore,18-25,Facebook
C00162,2025-05-26,Ahmedabad,18-25,Organic
C00163,2026-03-20,Delhi,36-45,YouTube
C00164,2024-11-22,Bangalore,26-35,Instagram
C00165,2025-08-22,Hyderabad,26-35,Facebook
C00166,2024-09-23,Mumbai,18-25,Referral
C00167,2024-08-11,Kolkata,18-25,Organic
C00168,2026-03-04,Chennai,36-45,Organic
C00169,2024-09-21,Delhi,18-25,Google
C00170,2025-08-24,Ahmedabad,36-45,Google
C00171,2025-05-25,Delhi,26-35,Instagram
C00172,2025-11-30,Hyderabad,36-45,Referral
C00173,2025-06-15,Delhi,26-35,Referral
C00174,2025-09-19,Ahmedabad,46-55,Facebook
C00175,2026-01-23,Bangalore,18-25,Instagram
C00176,2025-12-13,Bangalore,46-55,Organic
C00177,2025-10-05,Mumbai,18-25,Referral
C00178,2024-10-12,Ahmedabad,18-25,Instagram
C00179,2024-10-17,Kolkata,26-35,Google
C00180,2025-05-14,Chennai,18-25,Referral
C00181,2025-08-26,Kolkata,26-35,Referral
C00182,2025-08-31,Kolkata,36-45,Google
C00183,2025-11-15,Hyderabad,36-45,Instagram
C00184,2024-09-05,Delhi,26-35,Google
C00185,2024-10-19,Chennai,56+,YouTube
C00186,2024-10-04,Pune,26-35,YouTube
C00187,2025-06-11,Mumbai,18-25,Google
C00188,2025-08-10,Bangalore,36-45,Organic
C00189,2024-09-12,Chennai,18-25,Facebook
C00190,2026-01-07,Delhi,18-25,Instagram
C00191,2025-01-10,Ahmedabad,18-25,Instagram
C00192,2025-08-27,Delhi,26-35,Instagram
C00193,2025-10-24,Bangalore,26-35,Instagram
C00194,2024-07-24,Kolkata,26-35,YouTube
C00195,2026-01-04,Bangalore,26-35,YouTube
C00196,2026-03-13,Bangalore,36-45,Referral
C00197,2026-03-05,Hyderabad,46-55,Google
C00198,2024-09-28,Kolkata,18-25,YouTube
C00199,2025-03-08,Delhi,18-25,Google
C00200,2024-11-26,Delhi,26-35,Instagram
C00201,2025-04-15,Chennai,18-25,Instagram
C00202,2026-03-16,Ahmedabad,26-35,YouTube
C00203,2025-10-31,Hyderabad,26-35,Organic
C00204,2025-11-05,Bangalore,36-45,Organic
C00205,2025-03-27,Bangalore,18-25,Organic
C00206,2026-02-19,Delhi,36-45,Instagram
C00207,2026-02-08,Bangalore,36-45,Google
C00208,2025-11-28,Pune,46-55,YouTube
C00209,2025-12-03,Bangalore,26-35,Facebook
C00210,2025-08-21,Hyderabad,36-45,Referral
C00211,2024-08-30,Pune,36-45,Instagram
C00212,2024-12-29,Hyderabad,18-25,Facebook
C00213,2025-11-04,Delhi,26-35,Google
C00214,2025-01-25,Chennai,36-45,Google
C00215,2024-10-19,Pune,18-25,Instagram
C00216,2026-02-26,Chennai,26-35,Instagram
C00217,2025-05-09,Bangalore,26-35,Organic
C00218,2026-01-01,Bangalore,36-45,Organic
C00219,2024-12-29,Ahmedabad,18-25,Google
C00220,2025-02-15,Mumbai,26-35,Instagram
C00221,2025-02-05,Delhi,18-25,Referral
C00222,2025-02-24,Hyderabad,36-45,Referral
C00223,2025-04-06,Pune,36-45,Google
C00224,2025-01-07,Ahmedabad,26-35,Google
C00225,2025-12-03,Delhi,26-35,YouTube
C00226,2025-01-25,Ahmedabad,26-35,Facebook
C00227,2025-04-09,Bangalore,26-35,Google
C00228,2026-01-01,Hyderabad,36-45,Organic
C00229,2025-04-06,Pune,18-25,YouTube
C00230,2024-07-07,Bangalore,36-45,Instagram
C00231,2024-07-01,Bangalore,36-45,Facebook
C00232,2025-04-05,Mumbai,46-55,Referral
C00233,2025-08-19,Ahmedabad,18-25,Referral
C00234,2026-02-23,Hyderabad,26-35,Referral
C00235,2024-09-22,Ahmedabad,18-25,Google
C00236,2025-06-12,Chennai,46-55,Organic
C00237,2025-01-01,Mumbai,36-45,Organic
C00238,2025-04-14,Chennai,26-35,Instagram
C00239,2025-04-09,Bangalore,36-45,Referral
C00240,2025-01-16,Bangalore,26-35,Facebook
C00241,2024-07-12,Kolkata,26-35,YouTube
C00242,2024-08-17,Chennai,36-45,Organic
C00243,2025-05-30,Delhi,18-25,Google
C00244,2024-11-21,Hyderabad,56+,Google
C00245,2025-01-25,Hyderabad,46-55,Instagram
C00246,2024-08-27,Kolkata,56+,YouTube
C00247,2024-08-01,Hyderabad,36-45,Organic
C00248,2024-09-19,Mumbai,26-35,Facebook
C00249,2025-02-27,Mumbai,26-35,Instagram
C00250,2024-10-13,Mumbai,18-25,Facebook
C00251,2024-11-25,Pune,36-45,Facebook
C00252,2025-01-09,Kolkata,18-25,Organic
C00253,2025-01-03,Mumbai,46-55,YouTube
C00254,2024-07-08,Delhi,18-25,Referral
C00255,2024-09-13,Delhi,18-25,Google
C00256,2026-02-28,Chennai,18-25,Instagram
C00257,2025-08-31,Chennai,36-45,Instagram
C00258,2024-09-18,Bangalore,18-25,Instagram
C00259,2024-12-29,Bangalore,18-25,Organic
C00260,2025-03-02,Hyderabad,18-25,Google
C00261,2026-01-30,Bangalore,26-35,Instagram
C00262,2026-01-14,Kolkata,46-55,Instagram
C00263,2025-11-05,Delhi,26-35,Organic
C00264,2024-09-07,Bangalore,18-25,Facebook
C00265,2025-05-10,Ahmedabad,18-25,Google
C00266,2025-05-06,Bangalore,18-25,Organic
C00267,2025-08-12,Delhi,26-35,Facebook
C00268,2025-12-22,Bangalore,18-25,Organic
C00269,2025-01-22,Bangalore,18-25,Organic
C00270,2025-06-21,Bangalore,18-25,Organic
C00271,2024-12-16,Bangalore,26-35,Facebook
C00272,2024-11-12,Bangalore,36-45,Google
C00273,2025-01-17,Bangalore,18-25,Organic
C00274,2025-10-13,Hyderabad,36-45,Referral
C00275,2025-04-06,Pune,26-35,Instagram
C00276,2025-09-09,Mumbai,46-55,Organic
C00277,2025-09-15,Delhi,18-25,YouTube
C00278,2025-02-17,Hyderabad,36-45,YouTube
C00279,2026-03-03,Kolkata,46-55,Facebook
C00280,2024-07-30,Kolkata,56+,Organic
C00281,2026-01-25,Bangalore,36-45,Referral
C00282,2024-07-06,Delhi,18-25,Facebook
C00283,2025-03-02,Delhi,46-55,Google
C00284,2025-12-10,Delhi,36-45,Instagram
C00285,2025-09-11,Hyderabad,18-25,Referral
C00286,2025-01-22,Mumbai,18-25,Organic
C00287,2026-01-17,Bangalore,46-55,Organic
C00288,2024-09-27,Mumbai,18-25,YouTube
C00289,2025-09-02,Hyderabad,36-45,Instagram
C00290,2025-05-28,Bangalore,26-35,YouTube
C00291,2024-11-10,Kolkata,36-45,Organic
C00292,2026-02-09,Bangalore,18-25,Facebook
C00293,2025-11-02,Ahmedabad,36-45,Google
C00294,2024-07-06,Bangalore,26-35,Organic
C00295,2024-08-25,Kolkata,46-55,Organic
C00296,2024-08-05,Kolkata,18-25,Referral
C00297,2025-03-23,Ahmedabad,18-25,Instagram
C00298,2025-03-24,Chennai,18-25,Instagram
C00299,2025-10-06,Chennai,18-25,Instagram
C00300,2025-09-05,Pune,56+,Referral
C00301,2024-07-10,Chennai,18-25,Organic
C00302,2025-05-01,Bangalore,18-25,Organic
C00303,2025-11-14,Hyderabad,36-45,Organic
C00304,2026-01-25,Hyderabad,18-25,Instagram
C00305,2025-01-03,Kolkata,18-25,Instagram
C00306,2024-07-29,Mumbai,36-45,Organic
C00307,2024-10-06,Mumbai,26-35,Organic
C00308,2025-02-03,Pune,36-45,Organic
C00309,2025-04-10,Delhi,26-35,Organic
C00310,2025-02-10,Bangalore,26-35,Facebook
C00311,2024-08-27,Mumbai,26-35,Facebook
C00312,2025-02-03,Mumbai,46-55,Organic
C00313,2025-01-02,Delhi,26-35,Google
C00314,2025-05-08,Mumbai,36-45,Instagram
C00315,2024-08-20,Mumbai,26-35,Organic
C00316,2025-11-18,Delhi,26-35,Referral
C00317,2025-03-24,Mumbai,36-45,Instagram
C00318,2025-01-20,Pune,18-25,Google
C00319,2026-01-31,Delhi,26-35,Facebook
C00320,2025-10-19,Ahmedabad,18-25,Instagram
C00321,2024-09-26,Ahmedabad,36-45,Organic
C00322,2024-10-02,Hyderabad,26-35,Facebook
C00323,2024-07-02,Delhi,26-35,Organic
C00324,2025-06-24,Hyderabad,18-25,Instagram
C00325,2025-02-12,Kolkata,46-55,YouTube
C00326,2025-02-25,Pune,26-35,Organic
C00327,2025-05-22,Chennai,18-25,Google
C00328,2025-06-10,Hyderabad,18-25,Organic
C00329,2024-07-01,Pune,26-35,Instagram
C00330,2024-09-07,Delhi,18-25,Organic
C00331,2025-11-17,Chennai,46-55,Facebook
C00332,2026-03-02,Delhi,36-45,Referral
C00333,2025-12-17,Pune,18-25,Facebook
C00334,2026-01-31,Kolkata,26-35,Referral
C00335,2025-04-23,Bangalore,18-25,YouTube
C00336,2025-12-11,Pune,18-25,Organic
C00337,2026-01-15,Bangalore,26-35,Instagram
C00338,2026-01-22,Chennai,18-25,Facebook
C00339,2024-10-04,Bangalore,46-55,Facebook
C00340,2024-10-02,Ahmedabad,26-35,Google
C00341,2025-03-15,Bangalore,18-25,YouTube
C00342,2025-05-18,Ahmedabad,56+,Google
C00343,2026-03-05,Chennai,26-35,Instagram
C00344,2025-01-20,Hyderabad,18-25,Google
C00345,2025-12-14,Chennai,26-35,Referral
C00346,2026-01-19,Chennai,56+,Instagram
C00347,2026-03-09,Ahmedabad,26-35,Instagram
C00348,2024-10-30,Delhi,26-35,Facebook
C00349,2024-12-02,Hyderabad,26-35,Referral
C00350,2024-11-18,Bangalore,26-35,YouTube
C00351,2025-10-13,Pune,18-25,Google
C00352,2025-09-12,Bangalore,26-35,Instagram
C00353,2025-03-18,Hyderabad,46-55,Organic
C00354,2024-08-26,Hyderabad,36-45,Google
C00355,2025-05-29,Mumbai,18-25,Referral
C00356,2025-10-11,Hyderabad,26-35,Facebook
C00357,2025-04-30,Chennai,18-25,Google
C00358,2024-12-19,Chennai,26-35,Referral
C00359,2025-07-14,Hyderabad,36-45,Organic
C00360,2025-08-27,Hyderabad,26-35,Instagram
C00361,2025-07-13,Ahmedabad,46-55,Organic
C00362,2026-01-09,Bangalore,26-35,Referral
C00363,2025-01-17,Bangalore,36-45,Instagram
C00364,2025-07-25,Bangalore,46-55,Referral
C00365,2025-12-29,Pune,36-45,Referral
C00366,2024-11-13,Mumbai,46-55,Organic
C00367,2024-12-27,Chennai,36-45,Facebook
C00368,2024-08-01,Pune,26-35,Organic
C00369,2025-02-25,Delhi,26-35,Google
C00370,2024-07-29,Kolkata,26-35,Facebook
C00371,2025-10-20,Chennai,46-55,YouTube
C00372,2024-08-26,Delhi,18-25,Instagram
C00373,2025-09-16,Mumbai,46-55,Instagram
C00374,2025-07-06,Delhi,26-35,Google
C00375,2026-03-24,Bangalore,36-45,Instagram
C00376,2025-02-08,Bangalore,26-35,Referral
C00377,2025-02-06,Ahmedabad,56+,Google
C00378,2024-12-03,Mumbai,18-25,Facebook
C00379,2025-06-09,Mumbai,26-35,Referral
C00380,2024-11-18,Chennai,46-55,Google
C00381,2024-09-11,Hyderabad,18-25,Facebook
C00382,2026-02-27,Ahmedabad,18-25,Referral
C00383,2025-09-07,Chennai,46-55,Instagram
C00384,2024-09-14,Mumbai,36-45,Instagram
C00385,2025-07-30,Mumbai,18-25,Organic
C00386,2025-01-11,Ahmedabad,26-35,Referral
C00387,2024-10-24,Pune,18-25,Organic
C00388,2025-04-28,Ahmedabad,18-25,YouTube
C00389,2025-11-16,Bangalore,26-35,Organic
C00390,2024-07-01,Kolkata,18-25,YouTube
C00391,2025-02-12,Pune,26-35,Organic
C00392,2026-02-09,Bangalore,18-25,Organic
C00393,2025-03-09,Hyderabad,46-55,Instagram
C00394,2024-09-02,Pune,26-35,Referral
C00395,2025-03-31,Bangalore,18-25,Referral
C00396,2025-09-10,Mumbai,46-55,Referral
C00397,2026-03-29,Kolkata,36-45,Google
C00398,2025-08-06,Delhi,18-25,Organic
C00399,2024-08-02,Mumbai,56+,Google
C00400,2025-11-29,Mumbai,18-25,Referral
C00401,2025-11-11,Delhi,26-35,Google
C00402,2025-08-21,Ahmedabad,26-35,Facebook
C00403,2026-01-24,Chennai,18-25,Google
C00404,2025-11-04,Bangalore,36-45,Organic
C00405,2024-11-26,Ahmedabad,26-35,Organic
C00406,2025-03-27,Kolkata,46-55,Google
C00407,2025-05-21,Delhi,18-25,YouTube
C00408,2025-05-09,Kolkata,18-25,Facebook
C00409,2025-08-13,Bangalore,26-35,Organic
C00410,2025-09-22,Ahmedabad,18-25,Facebook
C00411,2024-09-05,Pune,46-55,Referral
C00412,2025-06-29,Pune,36-45,Facebook
C00413,2024-07-25,Bangalore,36-45,YouTube
C00414,2025-05-23,Kolkata,36-45,Organic
C00415,2025-03-27,Bangalore,18-25,YouTube
C00416,2024-11-09,Delhi,18-25,Organic
C00417,2026-03-26,Bangalore,26-35,Referral
C00418,2024-12-12,Chennai,36-45,Referral
C00419,2024-08-05,Delhi,26-35,Referral
C00420,2025-02-15,Ahmedabad,18-25,Organic
C00421,2025-10-27,Pune,36-45,Google
C00422,2024-07-06,Bangalore,18-25,Organic
C00423,2025-05-11,Bangalore,26-35,Referral
C00424,2025-03-24,Bangalore,18-25,Google
C00425,2026-01-05,Hyderabad,26-35,Instagram
C00426,2024-07-02,Chennai,26-35,Google
C00427,2024-07-12,Delhi,46-55,Organic
C00428,2025-06-27,Kolkata,36-45,Google
C00429,2024-10-23,Bangalore,18-25,Instagram
C00430,2025-09-23,Chennai,36-45,Google
C00431,2024-12-25,Ahmedabad,36-45,Google
C00432,2025-06-25,Chennai,36-45,Google
C00433,2024-07-25,Pune,46-55,Google
C00434,2025-09-17,Kolkata,36-45,Organic
C00435,2025-05-28,Bangalore,18-25,Organic
C00436,2024-07-01,Delhi,26-35,Facebook
C00437,2024-12-17,Bangalore,26-35,Instagram
C00438,2024-08-07,Hyderabad,26-35,Google
C00439,2024-07-29,Chennai,56+,Instagram
C00440,2025-09-20,Pune,26-35,Organic
C00441,2025-03-31,Kolkata,26-35,Instagram
C00442,2025-11-26,Bangalore,46-55,Google
C00443,2024-12-12,Chennai,36-45,Organic
C00444,2025-10-02,Delhi,18-25,Google
C00445,2025-07-29,Delhi,46-55,Referral
C00446,2025-08-28,Pune,26-35,Organic
C00447,2025-12-12,Ahmedabad,26-35,YouTube
C00448,2025-09-26,Pune,26-35,Google
C00449,2025-10-20,Bangalore,46-55,Google
C00450,2025-10-16,Pune,18-25,Referral
C00451,2025-04-12,Bangalore,26-35,Instagram
C00452,2025-10-06,Kolkata,36-45,Instagram
C00453,2025-12-21,Pune,46-55,Referral
C00454,2025-10-15,Bangalore,18-25,Google
C00455,2025-07-24,Bangalore,18-25,Instagram
C00456,2024-08-17,Delhi,46-55,Organic
C00457,2025-04-05,Ahmedabad,36-45,YouTube
C00458,2024-08-10,Mumbai,26-35,Instagram
C00459,2024-09-05,Chennai,26-35,Referral
C00460,2025-02-16,Pune,26-35,Facebook
C00461,2025-04-23,Hyderabad,36-45,Google
C00462,2025-06-03,Bangalore,26-35,Organic
C00463,2026-01-27,Ahmedabad,36-45,Instagram
C00464,2025-10-31,Delhi,18-25,Facebook
C00465,2025-03-28,Hyderabad,36-45,Instagram
C00466,2025-01-30,Pune,18-25,Google
C00467,2025-09-29,Pune,46-55,Facebook
C00468,2024-12-23,Ahmedabad,18-25,Organic
C00469,2026-01-16,Bangalore,18-25,Google
C00470,2025-11-12,Hyderabad,18-25,YouTube
C00471,2025-09-10,Mumbai,18-25,Facebook
C00472,2024-12-07,Mumbai,26-35,Referral
C00473,2025-08-02,Bangalore,36-45,Instagram
C00474,2025-12-07,Bangalore,46-55,Google
C00475,2024-08-15,Delhi,26-35,Facebook
C00476,2024-10-22,Delhi,26-35,Instagram
C00477,2025-05-26,Mumbai,26-35,Google
C00478,2025-02-15,Pune,36-45,Instagram
C00479,2025-09-27,Pune,18-25,Instagram
C00480,2025-03-14,Mumbai,26-35,Referral
C00481,2026-03-29,Mumbai,18-25,Google
C00482,2025-01-08,Delhi,18-25,Instagram
C00483,2025-02-16,Hyderabad,26-35,Instagram
C00484,2024-07-03,Delhi,18-25,Instagram
C00485,2024-12-06,Bangalore,18-25,Instagram
C00486,2024-11-28,Mumbai,36-45,Instagram
C00487,2025-10-31,Mumbai,18-25,Organic
C00488,2025-02-01,Delhi,26-35,Instagram
C00489,2024-11-08,Hyderabad,26-35,Google
C00490,2025-01-17,Hyderabad,46-55,Referral
C00491,2025-06-25,Pune,36-45,Organic
C00492,2025-11-14,Pune,18-25,Organic
C00493,2026-03-18,Pune,46-55,Facebook
C00494,2024-07-31,Delhi,26-35,Google
C00495,2025-12-20,Chennai,26-35,Instagram
C00496,2025-03-06,Hyderabad,36-45,Instagram
C00497,2025-11-29,Mumbai,36-45,Instagram
C00498,2024-07-24,Pune,26-35,Facebook
C00499,2025-08-05,Mumbai,26-35,Organic
C00500,2026-02-15,Hyderabad,18-25,YouTube
C00501,2024-07-26,Chennai,26-35,Facebook
C00502,2025-11-17,Kolkata,56+,YouTube
C00503,2024-09-12,Ahmedabad,26-35,Google
C00504,2026-03-20,Hyderabad,56+,YouTube
C00505,2025-10-19,Hyderabad,18-25,Referral
C00506,2026-02-02,Chennai,36-45,Instagram
C00507,2026-01-25,Delhi,46-55,Referral
C00508,2025-01-18,Kolkata,36-45,Facebook
C00509,2025-03-23,Hyderabad,18-25,Organic
C00510,2025-09-15,Bangalore,26-35,Google
C00511,2024-10-20,Bangalore,18-25,YouTube
C00512,2025-01-12,Kolkata,26-35,Referral
C00513,2024-09-02,Bangalore,56+,Organic
C00514,2026-01-19,Delhi,26-35,Google
C00515,2024-12-06,Delhi,18-25,Google
C00516,2025-03-20,Bangalore,18-25,Google
C00517,2025-04-16,Delhi,26-35,YouTube
C00518,2025-02-26,Chennai,26-35,Facebook
C00519,2025-11-10,Bangalore,18-25,Google
C00520,2026-02-05,Kolkata,36-45,Instagram
C00521,2025-07-02,Kolkata,18-25,Instagram
C00522,2025-12-17,Mumbai,26-35,Organic
C00523,2024-09-09,Bangalore,26-35,Referral
C00524,2026-03-10,Hyderabad,18-25,Referral
C00525,2024-09-13,Bangalore,26-35,Instagram
C00526,2024-08-12,Mumbai,36-45,Instagram
C00527,2024-07-15,Ahmedabad,26-35,Facebook
C00528,2024-12-03,Ahmedabad,36-45,Organic
C00529,2025-12-17,Chennai,26-35,Google
C00530,2025-01-09,Delhi,26-35,Google
C00531,2025-11-18,Pune,56+,Google
C00532,2025-03-29,Pune,46-55,Instagram
C00533,2024-09-05,Mumbai,18-25,Instagram
C00534,2025-04-29,Pune,46-55,Organic
C00535,2024-11-26,Bangalore,36-45,Google
C00536,2025-01-03,Delhi,18-25,Google
C00537,2025-05-27,Hyderabad,26-35,Referral
C00538,2025-11-18,Bangalore,18-25,Google
C00539,2025-07-10,Bangalore,26-35,Referral
C00540,2024-11-20,Kolkata,46-55,YouTube
C00541,2025-10-02,Ahmedabad,26-35,Google
C00542,2025-09-19,Hyderabad,26-35,YouTube
C00543,2024-11-29,Kolkata,18-25,Google
C00544,2025-12-27,Ahmedabad,26-35,Google
C00545,2025-12-21,Bangalore,36-45,Instagram
C00546,2025-07-21,Mumbai,18-25,Organic
C00547,2025-01-06,Mumbai,26-35,Referral
C00548,2025-02-12,Bangalore,26-35,Organic
C00549,2025-04-07,Chennai,36-45,Instagram
C00550,2024-10-29,Mumbai,36-45,Organic
C00551,2025-01-12,Mumbai,36-45,Instagram
C00552,2024-09-24,Bangalore,26-35,Google
C00553,2024-10-07,Delhi,26-35,Organic
C00554,2025-10-19,Kolkata,36-45,Instagram
C00555,2024-09-21,Bangalore,36-45,Google
C00556,2025-04-26,Delhi,26-35,Referral
C00557,2025-04-01,Delhi,46-55,Organic
C00558,2024-07-30,Hyderabad,18-25,Organic
C00559,2025-12-14,Hyderabad,18-25,Instagram
C00560,2026-03-21,Hyderabad,56+,Instagram
C00561,2025-08-12,Bangalore,18-25,Google
C00562,2025-09-02,Delhi,46-55,Google
C00563,2024-11-26,Kolkata,26-35,Google
C00564,2025-12-22,Pune,46-55,Google
C00565,2025-11-14,Pune,26-35,Google
C00566,2025-04-07,Pune,36-45,Referral
C00567,2025-09-25,Chennai,36-45,Instagram
C00568,2026-03-03,Bangalore,26-35,Google
C00569,2025-07-21,Mumbai,26-35,Google
C00570,2024-11-05,Hyderabad,18-25,Google
C00571,2025-01-28,Delhi,18-25,Organic
C00572,2024-10-27,Kolkata,56+,Google
C00573,2025-01-28,Hyderabad,18-25,Instagram
C00574,2026-01-20,Chennai,36-45,YouTube
C00575,2024-10-30,Kolkata,26-35,Google
C00576,2026-01-21,Hyderabad,26-35,Google
C00577,2024-12-30,Kolkata,56+,Organic
C00578,2025-05-15,Hyderabad,18-25,Organic
C00579,2025-06-03,Kolkata,26-35,Facebook
C00580,2024-09-19,Mumbai,26-35,YouTube
C00581,2024-10-26,Hyderabad,18-25,Organic
C00582,2025-01-12,Hyderabad,18-25,Instagram
C00583,2024-08-08,Bangalore,36-45,Referral
C00584,2025-10-25,Mumbai,18-25,Instagram
C00585,2025-06-15,Ahmedabad,36-45,Referral
C00586,2025-12-23,Pune,26-35,Facebook
C00587,2026-01-03,Bangalore,18-25,Instagram
C00588,2025-02-08,Delhi,26-35,YouTube
C00589,2025-12-05,Delhi,18-25,Referral
C00590,2024-08-09,Bangalore,36-45,Instagram
C00591,2025-04-01,Ahmedabad,26-35,YouTube
C00592,2025-08-30,Mumbai,18-25,Referral
C00593,2025-04-24,Delhi,26-35,Referral
C00594,2025-10-16,Hyderabad,26-35,Referral
C00595,2025-12-31,Bangalore,36-45,Instagram
C00596,2025-03-28,Delhi,18-25,Instagram
C00597,2024-12-23,Pune,18-25,Organic
C00598,2025-07-08,Pune,26-35,YouTube
C00599,2026-01-06,Ahmedabad,36-45,Organic
C00600,2026-03-23,Pune,36-45,YouTube
C00601,2025-12-04,Mumbai,18-25,YouTube
C00602,2024-12-04,Chennai,18-25,Instagram
C00603,2024-11-09,Kolkata,36-45,Organic
C00604,2025-07-02,Chennai,18-25,Organic
C00605,2025-03-14,Ahmedabad,26-35,Google
C00606,2025-07-26,Chennai,26-35,Google
C00607,2026-02-11,Kolkata,18-25,Organic
C00608,2025-06-16,Bangalore,26-35,Facebook
C00609,2025-02-13,Chennai,18-25,Facebook
C00610,2026-01-07,Mumbai,26-35,Referral
C00611,2025-04-07,Hyderabad,18-25,Organic
C00612,2025-07-22,Pune,26-35,Referral
C00613,2024-09-25,Ahmedabad,26-35,YouTube
C00614,2025-05-21,Ahmedabad,18-25,Organic
C00615,2025-03-30,Delhi,26-35,Facebook
C00616,2024-09-17,Chennai,36-45,Facebook
C00617,2024-11-13,Chennai,56+,Google
C00618,2025-09-23,Mumbai,18-25,Facebook
C00619,2024-10-24,Bangalore,18-25,Organic
C00620,2024-09-23,Bangalore,26-35,Google
C00621,2024-08-06,Chennai,46-55,Instagram
C00622,2024-07-17,Hyderabad,26-35,Organic
C00623,2025-04-04,Ahmedabad,26-35,Google
C00624,2025-05-09,Mumbai,36-45,Google
C00625,2025-08-03,Ahmedabad,18-25,Referral
C00626,2025-07-01,Mumbai,26-35,Instagram
C00627,2025-06-09,Chennai,26-35,Referral
C00628,2026-03-31,Bangalore,26-35,YouTube
C00629,2024-12-07,Hyderabad,36-45,Instagram
C00630,2025-09-29,Chennai,26-35,Organic
C00631,2024-08-20,Ahmedabad,26-35,Instagram
C00632,2025-12-25,Kolkata,26-35,YouTube
C00633,2025-02-17,Bangalore,18-25,Google
C00634,2025-02-07,Mumbai,46-55,YouTube
C00635,2024-09-25,Bangalore,36-45,Organic
C00636,2025-05-22,Bangalore,46-55,YouTube
C00637,2025-03-13,Pune,36-45,Referral
C00638,2026-03-15,Pune,18-25,Referral
C00639,2024-10-22,Chennai,26-35,Instagram
C00640,2025-03-24,Kolkata,26-35,Referral
C00641,2026-01-27,Chennai,18-25,Referral
C00642,2025-11-28,Chennai,26-35,Organic
C00643,2025-11-01,Bangalore,26-35,Instagram
C00644,2025-06-02,Delhi,18-25,Referral
C00645,2026-01-09,Pune,46-55,Referral
C00646,2024-11-21,Kolkata,18-25,Organic
C00647,2025-11-30,Bangalore,26-35,Organic
C00648,2025-07-06,Hyderabad,36-45,Google
C00649,2025-02-09,Pune,26-35,Referral
C00650,2024-11-17,Bangalore,18-25,Google
C00651,2025-05-30,Mumbai,26-35,Organic
C00652,2024-07-02,Kolkata,36-45,YouTube
C00653,2025-09-30,Pune,46-55,Google
C00654,2024-11-28,Delhi,26-35,Google
C00655,2025-03-06,Kolkata,18-25,Organic
C00656,2024-11-01,Mumbai,26-35,Organic
C00657,2025-04-24,Kolkata,18-25,Instagram
C00658,2025-02-23,Delhi,36-45,Referral
C00659,2024-10-28,Hyderabad,36-45,Google
C00660,2026-01-19,Mumbai,36-45,Organic
C00661,2025-10-29,Delhi,56+,Instagram
C00662,2025-03-05,Kolkata,26-35,Organic
C00663,2024-08-06,Delhi,46-55,Organic
C00664,2025-12-23,Bangalore,36-45,YouTube
C00665,2025-09-19,Mumbai,18-25,Facebook
C00666,2025-06-21,Pune,36-45,Referral
C00667,2025-07-22,Chennai,36-45,Organic
C00668,2024-07-05,Ahmedabad,56+,Organic
C00669,2025-04-29,Delhi,18-25,YouTube
C00670,2024-10-29,Mumbai,26-35,Referral
C00671,2025-08-21,Bangalore,36-45,Instagram
C00672,2026-02-16,Hyderabad,18-25,Facebook
C00673,2025-06-05,Ahmedabad,26-35,Instagram
C00674,2025-07-22,Pune,26-35,Facebook
C00675,2025-08-31,Hyderabad,18-25,Google
C00676,2026-02-14,Mumbai,18-25,Referral
C00677,2024-07-25,Ahmedabad,36-45,Facebook
C00678,2025-01-15,Hyderabad,18-25,Organic
C00679,2024-12-19,Bangalore,36-45,Organic
C00680,2025-10-01,Mumbai,36-45,Google
C00681,2025-04-13,Bangalore,36-45,Google
C00682,2025-11-06,Delhi,26-35,Instagram
C00683,2025-04-28,Bangalore,18-25,Organic
C00684,2026-03-16,Mumbai,36-45,Referral
C00685,2025-11-03,Pune,18-25,Google
C00686,2024-07-12,Mumbai,26-35,Google
C00687,2026-03-24,Mumbai,46-55,Facebook
C00688,2026-03-01,Ahmedabad,26-35,YouTube
C00689,2024-07-28,Chennai,18-25,Referral
C00690,2025-03-08,Hyderabad,56+,Facebook
C00691,2026-03-13,Delhi,18-25,Referral
C00692,2025-12-18,Kolkata,18-25,Google
C00693,2025-04-26,Delhi,26-35,Google
C00694,2025-06-14,Delhi,36-45,YouTube
C00695,2024-07-19,Kolkata,46-55,Google
C00696,2025-06-26,Hyderabad,36-45,Google
C00697,2025-08-30,Chennai,56+,Facebook
C00698,2025-02-15,Hyderabad,18-25,Organic
C00699,2025-01-13,Pune,26-35,Organic
C00700,2025-12-12,Delhi,18-25,Organic
C00701,2025-04-13,Delhi,46-55,Organic
C00702,2024-12-16,Delhi,46-55,Instagram
C00703,2025-02-25,Bangalore,26-35,Organic
C00704,2025-05-11,Kolkata,36-45,Google
C00705,2024-12-13,Delhi,26-35,Instagram
C00706,2025-06-23,Hyderabad,18-25,Facebook
C00707,2026-01-02,Chennai,26-35,Instagram
C00708,2025-10-18,Chennai,56+,Instagram
C00709,2024-11-25,Mumbai,26-35,Google
C00710,2025-04-28,Mumbai,18-25,YouTube
C00711,2025-06-13,Ahmedabad,56+,Facebook
C00712,2025-09-08,Pune,26-35,Instagram
C00713,2025-10-27,Chennai,26-35,Google
C00714,2025-05-07,Kolkata,36-45,Organic
C00715,2025-01-18,Chennai,26-35,Organic
C00716,2025-08-26,Delhi,26-35,Google
C00717,2024-09-19,Hyderabad,18-25,Google
C00718,2025-09-04,Bangalore,36-45,Organic
C00719,2026-01-24,Pune,26-35,Instagram
C00720,2025-09-27,Ahmedabad,36-45,Organic
C00721,2025-04-04,Hyderabad,46-55,Google
C00722,2025-12-09,Mumbai,18-25,YouTube
C00723,2025-06-06,Bangalore,46-55,Organic
C00724,2025-06-11,Ahmedabad,36-45,Organic
C00725,2025-12-27,Bangalore,46-55,Organic
C00726,2024-11-01,Bangalore,18-25,Instagram
C00727,2025-11-11,Delhi,26-35,Google
C00728,2025-09-08,Bangalore,36-45,Referral
C00729,2025-06-04,Mumbai,46-55,Organic
C00730,2024-08-19,Hyderabad,56+,YouTube
C00731,2025-11-02,Delhi,26-35,Google
C00732,2024-11-17,Bangalore,26-35,YouTube
C00733,2026-01-24,Bangalore,18-25,Google
C00734,2025-11-19,Mumbai,36-45,Instagram
C00735,2025-02-18,Bangalore,36-45,Google
C00736,2025-04-05,Pune,36-45,Facebook
C00737,2024-07-17,Delhi,26-35,Referral
C00738,2025-05-15,Delhi,56+,Referral
C00739,2024-08-07,Mumbai,18-25,Organic
C00740,2026-03-23,Mumbai,26-35,Instagram
C00741,2025-08-14,Bangalore,26-35,Instagram
C00742,2024-11-28,Bangalore,26-35,Instagram
C00743,2025-11-26,Kolkata,36-45,Instagram
C00744,2024-07-13,Bangalore,26-35,Referral
C00745,2025-06-17,Hyderabad,18-25,Google
C00746,2024-09-10,Hyderabad,18-25,Organic
C00747,2024-08-04,Delhi,26-35,YouTube
C00748,2024-12-04,Mumbai,36-45,Facebook
C00749,2025-01-05,Chennai,26-35,Google
C00750,2025-10-07,Kolkata,26-35,Referral
C00751,2026-01-21,Delhi,18-25,Instagram
C00752,2025-11-08,Delhi,36-45,Google
C00753,2025-10-16,Delhi,26-35,Organic
C00754,2025-06-27,Mumbai,26-35,Referral
C00755,2025-02-23,Pune,26-35,Organic
C00756,2024-12-10,Delhi,18-25,YouTube
C00757,2026-02-25,Delhi,18-25,Instagram
C00758,2025-05-30,Ahmedabad,18-25,Facebook
C00759,2025-06-26,Bangalore,36-45,Instagram
C00760,2024-07-10,Mumbai,18-25,Facebook
C00761,2025-04-19,Pune,26-35,Organic
C00762,2025-09-09,Bangalore,56+,Instagram
C00763,2025-05-13,Bangalore,26-35,Google
C00764,2025-07-28,Bangalore,26-35,Google
C00765,2025-11-30,Ahmedabad,26-35,YouTube
C00766,2024-07-14,Bangalore,26-35,Google
C00767,2026-01-29,Delhi,18-25,YouTube
C00768,2025-12-05,Bangalore,46-55,Google
C00769,2025-03-26,Bangalore,26-35,Facebook
C00770,2025-10-31,Pune,36-45,Google
C00771,2024-08-12,Delhi,56+,Organic
C00772,2025-01-13,Hyderabad,18-25,YouTube
C00773,2024-09-07,Hyderabad,36-45,Google
C00774,2025-08-11,Kolkata,18-25,Instagram
C00775,2025-12-30,Bangalore,26-35,Referral
C00776,2025-07-20,Kolkata,46-55,Organic
C00777,2025-09-28,Pune,18-25,YouTube
C00778,2024-09-30,Bangalore,56+,Google
C00779,2026-02-17,Chennai,26-35,YouTube
C00780,2024-11-01,Kolkata,26-35,Facebook
C00781,2025-06-02,Delhi,18-25,Organic
C00782,2025-09-10,Ahmedabad,26-35,Instagram
C00783,2025-12-30,Mumbai,26-35,Instagram
C00784,2026-02-17,Hyderabad,18-25,Facebook
C00785,2025-07-18,Ahmedabad,26-35,Organic
C00786,2025-07-04,Mumbai,18-25,Organic
C00787,2025-03-24,Chennai,56+,Facebook
C00788,2025-06-28,Delhi,26-35,Instagram
C00789,2025-09-05,Chennai,26-35,Organic
C00790,2025-08-18,Hyderabad,36-45,Organic
C00791,2025-07-14,Delhi,36-45,YouTube
C00792,2025-04-08,Mumbai,46-55,Organic
C00793,2024-11-03,Delhi,46-55,Referral
C00794,2024-08-04,Bangalore,18-25,Instagram
C00795,2025-03-26,Bangalore,26-35,Facebook
C00796,2025-03-11,Mumbai,36-45,Organic
C00797,2025-07-24,Bangalore,18-25,Google
C00798,2026-01-27,Bangalore,36-45,Facebook
C00799,2025-09-22,Chennai,18-25,Google
C00800,2025-11-27,Pune,46-55,Google
C00801,2025-07-05,Chennai,36-45,Facebook
C00802,2026-02-13,Delhi,26-35,Organic
C00803,2026-02-21,Kolkata,26-35,YouTube
C00804,2024-10-06,Hyderabad,56+,YouTube
C00805,2025-08-13,Bangalore,36-45,Referral
C00806,2025-05-20,Bangalore,36-45,Google
C00807,2026-03-14,Pune,36-45,YouTube
C00808,2025-07-09,Bangalore,18-25,Referral
C00809,2024-07-11,Hyderabad,18-25,Referral
C00810,2024-11-12,Ahmedabad,18-25,Referral
C00811,2024-09-21,Bangalore,36-45,Instagram
C00812,2024-11-06,Bangalore,26-35,Instagram
C00813,2024-08-31,Ahmedabad,26-35,Organic
C00814,2025-11-12,Hyderabad,56+,YouTube
C00815,2025-05-12,Bangalore,18-25,Referral
C00816,2025-09-03,Kolkata,36-45,Google
C00817,2026-03-31,Kolkata,26-35,Google
C00818,2025-08-18,Hyderabad,26-35,Organic
C00819,2025-05-03,Pune,18-25,Instagram
C00820,2024-12-18,Delhi,36-45,Referral
C00821,2025-10-26,Bangalore,36-45,Organic
C00822,2025-05-20,Hyderabad,26-35,Referral
C00823,2025-10-27,Delhi,26-35,Organic
C00824,2024-07-15,Pune,26-35,YouTube
C00825,2024-10-13,Kolkata,26-35,Google
C00826,2024-09-22,Bangalore,26-35,Instagram
C00827,2025-09-09,Hyderabad,26-35,Instagram
C00828,2025-05-28,Delhi,46-55,Organic
C00829,2025-01-19,Kolkata,36-45,Facebook
C00830,2025-01-14,Delhi,18-25,Organic
C00831,2025-07-23,Pune,36-45,Facebook
C00832,2026-03-10,Hyderabad,26-35,Organic
C00833,2026-03-29,Mumbai,46-55,Google
C00834,2025-04-28,Pune,26-35,Google
C00835,2025-09-02,Chennai,18-25,Organic
C00836,2024-08-23,Hyderabad,36-45,Organic
C00837,2026-02-25,Chennai,18-25,Referral
C00838,2024-07-12,Ahmedabad,46-55,Referral
C00839,2025-02-04,Mumbai,46-55,Referral
C00840,2025-10-07,Hyderabad,36-45,Google
C00841,2026-03-12,Bangalore,26-35,Organic
C00842,2024-10-18,Chennai,26-35,Organic
C00843,2025-08-27,Hyderabad,26-35,YouTube
C00844,2024-10-29,Mumbai,18-25,Google
C00845,2024-08-02,Bangalore,46-55,YouTube
C00846,2025-03-28,Kolkata,26-35,Google
C00847,2025-07-04,Mumbai,26-35,Google
C00848,2024-12-16,Pune,18-25,YouTube
C00849,2026-03-14,Bangalore,56+,Facebook
C00850,2025-07-29,Ahmedabad,46-55,Facebook
C00851,2025-04-07,Bangalore,26-35,Instagram
C00852,2025-05-07,Delhi,18-25,Google
C00853,2025-04-23,Kolkata,36-45,Organic
C00854,2024-09-10,Ahmedabad,26-35,YouTube
C00855,2025-07-23,Delhi,56+,Referral
C00856,2025-11-14,Mumbai,46-55,Instagram
C00857,2025-03-27,Chennai,36-45,Referral
C00858,2025-03-30,Kolkata,18-25,Instagram
C00859,2026-02-02,Mumbai,36-45,Google
C00860,2025-07-26,Hyderabad,56+,Organic
C00861,2025-01-07,Chennai,26-35,Instagram
C00862,2024-07-03,Chennai,46-55,Organic
C00863,2025-12-09,Chennai,26-35,Organic
C00864,2025-08-05,Hyderabad,56+,Referral
C00865,2025-08-05,Bangalore,36-45,Google
C00866,2024-12-28,Kolkata,18-25,Facebook
C00867,2024-10-27,Kolkata,26-35,Referral
C00868,2025-05-12,Chennai,18-25,YouTube
C00869,2025-10-28,Bangalore,26-35,Referral
C00870,2025-01-07,Delhi,46-55,Organic
C00871,2025-06-02,Chennai,18-25,Facebook
C00872,2026-03-29,Bangalore,56+,Instagram
C00873,2024-11-18,Ahmedabad,18-25,Google
C00874,2024-11-25,Mumbai,36-45,Facebook
C00875,2024-11-28,Pune,56+,Referral
C00876,2026-02-04,Kolkata,36-45,Google
C00877,2025-06-03,Mumbai,46-55,Facebook
C00878,2026-02-07,Delhi,56+,Instagram
C00879,2026-02-26,Hyderabad,36-45,Organic
C00880,2025-03-27,Hyderabad,36-45,Organic
C00881,2024-08-05,Mumbai,18-25,Organic
C00882,2025-01-11,Hyderabad,26-35,Referral
C00883,2025-06-13,Ahmedabad,26-35,Instagram
C00884,2025-03-01,Mumbai,36-45,YouTube
C00885,2024-07-02,Delhi,36-45,YouTube
C00886,2026-03-25,Mumbai,26-35,Google
C00887,2025-01-10,Mumbai,46-55,Google
C00888,2025-07-31,Bangalore,18-25,Referral
C00889,2026-02-25,Bangalore,56+,Instagram
C00890,2025-06-14,Pune,18-25,YouTube
C00891,2025-09-17,Delhi,26-35,Facebook
C00892,2024-07-23,Ahmedabad,26-35,Google
C00893,2025-09-19,Delhi,26-35,Facebook
C00894,2025-12-24,Bangalore,36-45,YouTube
C00895,2026-02-07,Chennai,36-45,Organic
C00896,2024-08-23,Kolkata,36-45,Facebook
C00897,2024-11-23,Delhi,18-25,Google
C00898,2024-07-31,Delhi,18-25,Facebook
C00899,2026-02-07,Delhi,18-25,Instagram
C00900,2024-12-23,Hyderabad,26-35,Referral
C00901,2025-06-05,Mumbai,18-25,Referral
C00902,2025-05-01,Delhi,26-35,Instagram
C00903,2025-09-14,Bangalore,46-55,Organic
C00904,2026-01-24,Hyderabad,46-55,Referral
C00905,2025-01-23,Ahmedabad,36-45,Referral
C00906,2025-11-17,Pune,18-25,Organic
C00907,2025-01-02,Hyderabad,26-35,Instagram
C00908,2024-11-04,Bangalore,18-25,Google
C00909,2024-09-06,Delhi,26-35,Google
C00910,2025-02-23,Delhi,26-35,Facebook
C00911,2025-06-24,Chennai,46-55,Organic
C00912,2025-11-11,Kolkata,26-35,Referral
C00913,2025-12-25,Kolkata,18-25,Organic
C00914,2025-06-02,Ahmedabad,36-45,Organic
C00915,2025-03-19,Ahmedabad,56+,Google
C00916,2024-10-20,Ahmedabad,18-25,Instagram
C00917,2026-02-05,Bangalore,36-45,Referral
C00918,2025-03-11,Bangalore,18-25,Google
C00919,2025-11-01,Delhi,18-25,YouTube
C00920,2025-08-04,Hyderabad,46-55,Google
C00921,2026-02-16,Bangalore,18-25,Organic
C00922,2026-03-14,Kolkata,36-45,Referral
C00923,2025-09-25,Pune,18-25,Organic
C00924,2025-08-27,Hyderabad,26-35,Facebook
C00925,2024-09-26,Bangalore,26-35,Referral
C00926,2024-07-11,Delhi,46-55,Instagram
C00927,2025-06-14,Bangalore,36-45,Organic
C00928,2025-09-24,Kolkata,36-45,Instagram
C00929,2025-10-20,Hyderabad,26-35,Instagram
C00930,2024-12-08,Chennai,18-25,Organic
C00931,2025-05-18,Delhi,26-35,Instagram
C00932,2026-01-02,Mumbai,26-35,Instagram
C00933,2024-08-31,Mumbai,18-25,Referral
C00934,2025-03-03,Chennai,56+,Referral
C00935,2026-02-24,Chennai,26-35,Facebook
C00936,2024-11-05,Delhi,18-25,Google
C00937,2025-01-19,Ahmedabad,46-55,Google
C00938,2025-04-26,Bangalore,26-35,Organic
C00939,2025-09-13,Kolkata,36-45,YouTube
C00940,2024-12-11,Bangalore,18-25,Google
C00941,2025-11-19,Delhi,26-35,Organic
C00942,2024-11-28,Kolkata,36-45,Organic
C00943,2025-02-21,Bangalore,18-25,Google
C00944,2025-07-02,Mumbai,36-45,Instagram
C00945,2024-07-08,Mumbai,18-25,Organic
C00946,2025-11-03,Delhi,18-25,Google
C00947,2025-09-01,Pune,18-25,Google
C00948,2025-12-16,Kolkata,26-35,Organic
C00949,2024-12-23,Kolkata,18-25,Instagram
C00950,2025-03-12,Delhi,36-45,Google
C00951,2026-01-26,Hyderabad,26-35,Referral
C00952,2024-08-12,Delhi,18-25,YouTube
C00953,2025-05-10,Delhi,26-35,Organic
C00954,2025-05-06,Bangalore,18-25,Google
C00955,2025-04-12,Ahmedabad,26-35,Google
C00956,2025-04-04,Kolkata,46-55,Facebook
C00957,2025-10-21,Chennai,36-45,Organic
C00958,2024-11-03,Hyderabad,36-45,Organic
C00959,2026-01-21,Hyderabad,26-35,Instagram
C00960,2026-01-24,Hyderabad,18-25,Instagram
C00961,2024-10-23,Hyderabad,36-45,Google
C00962,2026-03-15,Mumbai,26-35,YouTube
C00963,2024-12-15,Bangalore,26-35,Facebook
C00964,2024-08-03,Bangalore,56+,Google
C00965,2025-03-12,Ahmedabad,26-35,Organic
C00966,2025-11-21,Hyderabad,36-45,YouTube
C00967,2025-12-22,Ahmedabad,26-35,YouTube
C00968,2025-08-17,Bangalore,18-25,Referral
C00969,2025-12-01,Hyderabad,18-25,Google
C00970,2024-12-15,Delhi,26-35,Facebook
C00971,2026-01-13,Delhi,26-35,Google
C00972,2025-08-10,Bangalore,36-45,Google
C00973,2024-09-24,Bangalore,36-45,Google
C00974,2024-09-21,Ahmedabad,26-35,Referral
C00975,2024-12-18,Delhi,26-35,Instagram
C00976,2024-08-14,Hyderabad,26-35,Organic
C00977,2024-12-28,Mumbai,26-35,Facebook
C00978,2026-03-27,Mumbai,46-55,Referral
C00979,2024-12-01,Hyderabad,18-25,Facebook
C00980,2025-08-11,Delhi,56+,Facebook
C00981,2026-03-17,Ahmedabad,18-25,YouTube
C00982,2024-12-09,Chennai,18-25,Organic
C00983,2025-09-18,Chennai,36-45,YouTube
C00984,2025-04-14,Mumbai,18-25,Referral
C00985,2024-12-30,Bangalore,18-25,Google
C00986,2026-02-28,Ahmedabad,18-25,Facebook
C00987,2025-08-24,Mumbai,36-45,Referral
C00988,2025-04-07,Bangalore,26-35,Facebook
C00989,2025-12-01,Mumbai,18-25,Google
C00990,2026-01-27,Chennai,26-35,Google
C00991,2025-11-12,Pune,18-25,Organic
C00992,2026-01-07,Chennai,56+,Organic
C00993,2025-01-22,Chennai,18-25,Referral
C00994,2025-02-05,Delhi,26-35,YouTube
C00995,2024-11-26,Ahmedabad,26-35,Referral
C00996,2025-09-18,Mumbai,26-35,Instagram
C00997,2025-11-26,Pune,56+,Organic
C00998,2025-08-27,Bangalore,26-35,Instagram
C00999,2025-07-18,Ahmedabad,36-45,Referral
C01000,2025-11-05,Delhi,26-35,Google
C01001,2024-10-24,Bangalore,36-45,Google
C01002,2025-02-19,Mumbai,26-35,Facebook
C01003,2025-09-25,Bangalore,18-25,Instagram
C01004,2024-08-03,Bangalore,18-25,Organic
C01005,2026-02-03,Pune,18-25,Organic
C01006,2024-10-18,Mumbai,56+,Google
C01007,2025-11-15,Ahmedabad,36-45,Facebook
C01008,2025-07-29,Delhi,18-25,Google
C01009,2025-12-24,Chennai,26-35,Referral
C01010,2025-11-08,Mumbai,36-45,YouTube
C01011,2025-05-26,Pune,26-35,Organic
C01012,2025-10-27,Hyderabad,26-35,Google
C01013,2025-02-07,Mumbai,36-45,YouTube
C01014,2025-07-08,Ahmedabad,18-25,Facebook
C01015,2026-02-05,Mumbai,26-35,Referral
C01016,2024-08-24,Bangalore,18-25,Organic
C01017,2025-02-13,Pune,18-25,Google
C01018,2024-07-12,Kolkata,36-45,Google
C01019,2025-06-07,Bangalore,36-45,Referral
C01020,2025-11-12,Mumbai,56+,Google
C01021,2024-07-25,Kolkata,18-25,Organic
C01022,2025-06-17,Chennai,36-45,Instagram
C01023,2025-03-23,Ahmedabad,46-55,Instagram
C01024,2025-11-13,Hyderabad,36-45,Referral
C01025,2024-11-18,Pune,56+,Instagram
C01026,2024-10-13,Delhi,56+,Referral
C01027,2024-08-30,Ahmedabad,36-45,Referral
C01028,2025-03-18,Mumbai,56+,Instagram
C01029,2025-05-08,Chennai,26-35,Google
C01030,2026-02-08,Mumbai,26-35,Instagram
C01031,2025-04-24,Hyderabad,46-55,Organic
C01032,2024-10-18,Pune,36-45,Google
C01033,2025-09-20,Hyderabad,18-25,Organic
C01034,2024-08-09,Kolkata,26-35,Organic
C01035,2025-02-06,Mumbai,18-25,Google
C01036,2025-08-22,Pune,46-55,Instagram
C01037,2024-12-10,Mumbai,18-25,Google
C01038,2025-07-15,Mumbai,26-35,Google
C01039,2025-04-16,Mumbai,26-35,Google
C01040,2026-03-01,Bangalore,18-25,Facebook
C01041,2024-12-31,Bangalore,56+,Instagram
C01042,2026-01-31,Pune,26-35,Google
C01043,2025-08-04,Pune,18-25,YouTube
C01044,2025-10-22,Pune,18-25,Facebook
C01045,2024-10-16,Bangalore,36-45,Referral
C01046,2024-07-13,Delhi,26-35,Referral
C01047,2025-10-10,Delhi,26-35,Instagram
C01048,2025-05-03,Chennai,26-35,YouTube
C01049,2025-01-14,Kolkata,46-55,Organic
C01050,2026-01-24,Delhi,36-45,Referral
C01051,2025-01-25,Pune,36-45,Google
C01052,2025-04-04,Bangalore,26-35,Referral
C01053,2025-10-06,Delhi,56+,Organic
C01054,2026-03-07,Bangalore,36-45,Instagram
C01055,2026-01-26,Delhi,26-35,Referral
C01056,2025-08-21,Pune,56+,Instagram
C01057,2024-09-09,Ahmedabad,46-55,Organic
C01058,2024-09-08,Delhi,36-45,Google
C01059,2025-09-16,Hyderabad,36-45,Facebook
C01060,2025-05-22,Pune,26-35,Referral
C01061,2024-09-24,Ahmedabad,26-35,Referral
C01062,2025-09-18,Pune,18-25,Google
C01063,2026-02-23,Delhi,26-35,Referral
C01064,2024-08-11,Pune,26-35,Google
C01065,2025-12-10,Delhi,26-35,Google
C01066,2025-02-06,Ahmedabad,46-55,Google
C01067,2025-03-12,Mumbai,18-25,Google
C01068,2025-10-02,Pune,36-45,YouTube
C01069,2024-12-05,Bangalore,26-35,Google
C01070,2024-10-09,Mumbai,18-25,YouTube
C01071,2026-03-08,Kolkata,18-25,YouTube
C01072,2025-02-08,Pune,26-35,Organic
C01073,2024-10-17,Mumbai,26-35,Instagram
C01074,2025-09-14,Ahmedabad,26-35,Referral
C01075,2024-11-16,Kolkata,36-45,YouTube
C01076,2025-11-08,Delhi,26-35,Google
C01077,2024-08-15,Hyderabad,18-25,Google
C01078,2025-05-28,Hyderabad,26-35,Google
C01079,2025-03-15,Pune,18-25,Referral
C01080,2026-03-04,Delhi,18-25,Instagram
C01081,2025-05-30,Delhi,18-25,Google
C01082,2026-02-12,Ahmedabad,36-45,Organic
C01083,2024-12-06,Ahmedabad,36-45,Referral
C01084,2025-04-29,Kolkata,46-55,Google
C01085,2025-12-03,Ahmedabad,36-45,Facebook
C01086,2024-10-11,Chennai,26-35,Google
C01087,2026-02-13,Chennai,26-35,Instagram
C01088,2025-11-06,Chennai,18-25,Google
C01089,2025-09-06,Hyderabad,36-45,Google
C01090,2024-12-03,Mumbai,26-35,Referral
C01091,2025-12-05,Delhi,18-25,Instagram
C01092,2025-12-21,Pune,56+,YouTube
C01093,2025-01-03,Delhi,18-25,YouTube
C01094,2025-07-11,Delhi,18-25,Google
C01095,2024-08-08,Hyderabad,46-55,Organic
C01096,2025-03-09,Mumbai,26-35,Organic
C01097,2024-10-05,Delhi,26-35,YouTube
C01098,2025-06-21,Chennai,18-25,Google
C01099,2025-06-16,Kolkata,26-35,Organic
C01100,2025-06-06,Bangalore,56+,Instagram
C01101,2025-09-06,Bangalore,36-45,Instagram
C01102,2026-02-11,Delhi,26-35,YouTube
C01103,2024-11-03,Chennai,26-35,Google
C01104,2024-11-14,Kolkata,26-35,Referral
C01105,2024-11-15,Bangalore,26-35,Google
C01106,2026-02-14,Chennai,18-25,YouTube
C01107,2024-08-29,Bangalore,18-25,Google
C01108,2024-07-21,Mumbai,36-45,Instagram
C01109,2024-10-11,Ahmedabad,46-55,Organic
C01110,2025-11-04,Delhi,46-55,Google
C01111,2025-07-06,Bangalore,46-55,Google
C01112,2026-02-08,Mumbai,26-35,Organic
C01113,2024-11-08,Pune,36-45,Facebook
C01114,2025-03-09,Ahmedabad,46-55,Organic
C01115,2025-06-20,Ahmedabad,18-25,Instagram
C01116,2024-08-16,Bangalore,26-35,Google
C01117,2026-02-07,Bangalore,18-25,YouTube
C01118,2025-11-27,Chennai,56+,Google
C01119,2024-09-30,Delhi,46-55,Organic
C01120,2025-12-21,Kolkata,36-45,Referral
C01121,2025-04-13,Pune,26-35,YouTube
C01122,2025-01-31,Bangalore,56+,Google
C01123,2026-02-25,Kolkata,18-25,Facebook
C01124,2025-05-28,Bangalore,18-25,Google
C01125,2024-11-23,Mumbai,26-35,Organic
C01126,2025-11-30,Hyderabad,36-45,Google
C01127,2025-10-01,Hyderabad,46-55,Referral
C01128,2024-10-31,Pune,26-35,Google
C01129,2025-09-06,Pune,26-35,Instagram
C01130,2025-08-06,Ahmedabad,26-35,Referral
C01131,2024-12-23,Ahmedabad,18-25,Instagram
C01132,2025-04-02,Hyderabad,46-55,Facebook
C01133,2025-12-19,Bangalore,26-35,YouTube
C01134,2024-10-20,Chennai,18-25,Organic
C01135,2025-10-05,Ahmedabad,26-35,Referral
C01136,2025-12-14,Delhi,36-45,Google
C01137,2026-02-19,Mumbai,46-55,Google
C01138,2025-01-24,Mumbai,18-25,Google
C01139,2024-12-18,Bangalore,18-25,Referral
C01140,2026-02-18,Pune,46-55,YouTube
C01141,2025-04-22,Mumbai,26-35,Google
C01142,2025-06-29,Chennai,26-35,Instagram
C01143,2025-05-24,Kolkata,18-25,Instagram
C01144,2025-05-25,Kolkata,56+,Referral
C01145,2025-08-04,Mumbai,36-45,Instagram
C01146,2025-03-28,Delhi,18-25,Google
C01147,2025-03-08,Chennai,18-25,Instagram
C01148,2025-03-14,Chennai,18-25,Instagram
C01149,2025-08-24,Hyderabad,18-25,Organic
C01150,2025-12-05,Kolkata,18-25,Facebook
C01151,2025-06-20,Bangalore,18-25,Google
C01152,2025-09-06,Kolkata,18-25,Google
C01153,2025-03-21,Bangalore,26-35,Google
C01154,2025-11-07,Bangalore,26-35,Organic
C01155,2025-03-09,Hyderabad,26-35,Referral
C01156,2025-03-27,Bangalore,36-45,Organic
C01157,2024-08-05,Bangalore,18-25,Referral
C01158,2024-12-15,Bangalore,46-55,Facebook
C01159,2025-10-15,Mumbai,46-55,Instagram
C01160,2024-08-25,Chennai,56+,Instagram
C01161,2024-11-21,Bangalore,18-25,Google
C01162,2025-11-09,Pune,18-25,Referral
C01163,2026-01-09,Kolkata,26-35,Instagram
C01164,2025-03-23,Bangalore,18-25,Facebook
C01165,2025-03-18,Bangalore,18-25,Organic
C01166,2025-05-22,Kolkata,18-25,Facebook
C01167,2025-11-05,Kolkata,26-35,Facebook
C01168,2025-04-26,Hyderabad,36-45,Referral
C01169,2024-10-19,Chennai,18-25,YouTube
C01170,2025-04-02,Bangalore,46-55,Organic
C01171,2024-12-10,Mumbai,36-45,Google
C01172,2025-09-11,Chennai,18-25,Organic
C01173,2024-09-30,Delhi,26-35,Facebook
C01174,2025-07-24,Chennai,18-25,Organic
C01175,2024-09-21,Hyderabad,46-55,Organic
C01176,2026-03-14,Chennai,36-45,Google
C01177,2025-08-13,Mumbai,36-45,YouTube
C01178,2024-09-27,Mumbai,36-45,Google
C01179,2026-03-05,Delhi,26-35,Organic
C01180,2025-07-02,Delhi,46-55,Organic
C01181,2025-07-23,Chennai,46-55,Referral
C01182,2024-08-10,Bangalore,36-45,Instagram
C01183,2024-10-28,Bangalore,26-35,Organic
C01184,2025-11-29,Bangalore,18-25,Google
C01185,2025-04-25,Bangalore,18-25,Google
C01186,2025-07-29,Kolkata,18-25,Instagram
C01187,2026-03-23,Mumbai,26-35,Organic
C01188,2025-03-31,Ahmedabad,36-45,Instagram
C01189,2025-03-01,Bangalore,46-55,Google
C01190,2025-11-25,Pune,18-25,YouTube
C01191,2024-08-12,Mumbai,18-25,Referral
C01192,2025-04-17,Mumbai,18-25,Facebook
C01193,2025-12-29,Kolkata,56+,Referral
C01194,2024-11-23,Ahmedabad,36-45,Instagram
C01195,2025-01-11,Kolkata,26-35,Organic
C01196,2025-04-28,Delhi,26-35,Google
C01197,2024-08-17,Delhi,26-35,Facebook
C01198,2024-08-15,Pune,18-25,Google
C01199,2024-12-08,Delhi,18-25,YouTube
C01200,2026-01-25,Chennai,26-35,Referral
C01201,2024-11-19,Hyderabad,18-25,YouTube
C01202,2025-10-11,Hyderabad,26-35,Google
C01203,2025-03-30,Kolkata,26-35,Organic
C01204,2025-10-29,Pune,36-45,Instagram
C01205,2025-01-27,Bangalore,26-35,YouTube
C01206,2026-01-10,Bangalore,26-35,Google
C01207,2025-02-22,Hyderabad,56+,Referral
C01208,2025-11-18,Hyderabad,26-35,Organic
C01209,2025-12-14,Delhi,26-35,Referral
C01210,2025-04-02,Mumbai,18-25,Organic
C01211,2025-08-31,Chennai,36-45,Organic
C01212,2024-09-14,Kolkata,26-35,Instagram
C01213,2025-05-14,Hyderabad,18-25,Organic
C01214,2025-02-24,Mumbai,18-25,Referral
C01215,2026-03-02,Delhi,36-45,Organic
C01216,2026-02-17,Hyderabad,36-45,Google
C01217,2025-11-13,Delhi,36-45,Referral
C01218,2026-02-27,Hyderabad,26-35,YouTube
C01219,2026-03-16,Pune,26-35,Facebook
C01220,2025-11-03,Bangalore,26-35,Facebook
C01221,2025-07-15,Bangalore,18-25,Organic
C01222,2024-11-08,Delhi,26-35,Instagram
C01223,2025-12-04,Kolkata,26-35,Referral
C01224,2024-11-02,Pune,36-45,Google
C01225,2024-10-27,Bangalore,26-35,Organic
C01226,2026-01-14,Kolkata,26-35,Instagram
C01227,2024-09-12,Mumbai,56+,Facebook
C01228,2024-09-29,Mumbai,46-55,Google
C01229,2025-05-23,Ahmedabad,18-25,Instagram
C01230,2025-07-09,Bangalore,46-55,YouTube
C01231,2024-07-30,Delhi,18-25,Google
C01232,2025-02-27,Hyderabad,46-55,Instagram
C01233,2024-11-21,Delhi,18-25,Referral
C01234,2025-01-09,Pune,26-35,Facebook
C01235,2024-10-24,Delhi,56+,Google
C01236,2025-09-06,Bangalore,18-25,Google
C01237,2025-04-29,Delhi,36-45,Google
C01238,2026-03-06,Mumbai,26-35,Referral
C01239,2024-07-06,Bangalore,18-25,Google
C01240,2025-11-09,Bangalore,56+,Organic
C01241,2026-02-02,Kolkata,26-35,Referral
C01242,2025-05-07,Delhi,46-55,Facebook
C01243,2025-09-20,Mumbai,46-55,Organic
C01244,2025-04-08,Bangalore,18-25,Organic
C01245,2025-07-16,Mumbai,18-25,Referral
C01246,2026-01-31,Delhi,26-35,Google
C01247,2025-06-04,Pune,26-35,Google
C01248,2025-07-05,Delhi,18-25,Referral
C01249,2026-03-23,Kolkata,26-35,Google
C01250,2025-05-14,Ahmedabad,36-45,Instagram
C01251,2024-10-19,Bangalore,18-25,Google
C01252,2025-09-10,Bangalore,36-45,Instagram
C01253,2025-09-16,Bangalore,26-35,Google
C01254,2024-11-29,Pune,18-25,Referral
C01255,2025-10-09,Bangalore,18-25,YouTube
C01256,2024-08-10,Kolkata,18-25,Google
C01257,2025-01-21,Chennai,26-35,YouTube
C01258,2025-12-29,Chennai,18-25,Instagram
C01259,2025-07-30,Hyderabad,36-45,Facebook
C01260,2025-07-24,Ahmedabad,36-45,Referral
C01261,2025-08-01,Bangalore,18-25,Referral
C01262,2024-10-14,Mumbai,46-55,Organic
C01263,2026-03-07,Delhi,56+,Referral
C01264,2025-01-07,Ahmedabad,18-25,Google
C01265,2025-11-15,Hyderabad,56+,Google
C01266,2026-03-25,Chennai,18-25,Facebook
C01267,2024-12-01,Bangalore,36-45,YouTube
C01268,2025-08-10,Ahmedabad,18-25,Referral
C01269,2024-07-28,Hyderabad,36-45,YouTube
C01270,2025-08-11,Hyderabad,46-55,Instagram
C01271,2025-04-08,Ahmedabad,56+,Referral
C01272,2024-08-16,Mumbai,56+,Referral
C01273,2025-09-03,Mumbai,18-25,Google
C01274,2026-03-12,Hyderabad,36-45,Facebook
C01275,2024-08-23,Bangalore,18-25,YouTube
C01276,2026-01-22,Delhi,18-25,Facebook
C01277,2025-12-22,Delhi,18-25,Organic
C01278,2025-06-16,Bangalore,46-55,Google
C01279,2026-01-27,Kolkata,36-45,Organic
C01280,2025-01-14,Hyderabad,18-25,Instagram
C01281,2025-10-04,Mumbai,56+,YouTube
C01282,2025-09-20,Mumbai,36-45,Instagram
C01283,2025-07-06,Mumbai,26-35,YouTube
C01284,2025-12-15,Pune,26-35,Organic
C01285,2026-01-11,Ahmedabad,36-45,Instagram
C01286,2025-11-15,Ahmedabad,36-45,Instagram
C01287,2025-07-11,Mumbai,26-35,Referral
C01288,2026-03-17,Delhi,26-35,Google
C01289,2025-06-21,Mumbai,18-25,YouTube
C01290,2025-08-11,Hyderabad,26-35,Google
C01291,2024-10-29,Mumbai,26-35,Referral
C01292,2025-01-22,Pune,26-35,Google
C01293,2026-01-30,Hyderabad,18-25,Instagram
C01294,2025-05-15,Delhi,36-45,Google
C01295,2025-05-23,Mumbai,26-35,YouTube
C01296,2025-12-04,Mumbai,26-35,Organic
C01297,2025-01-25,Bangalore,18-25,Facebook
C01298,2024-12-17,Bangalore,56+,Google
C01299,2024-07-06,Chennai,18-25,Google
C01300,2024-11-25,Mumbai,26-35,Instagram
C01301,2025-05-24,Delhi,18-25,Referral
C01302,2025-10-07,Hyderabad,36-45,Instagram
C01303,2025-01-27,Chennai,26-35,Instagram
C01304,2025-04-10,Delhi,26-35,Organic
C01305,2024-11-19,Kolkata,46-55,Instagram
C01306,2025-12-04,Ahmedabad,36-45,Referral
C01307,2025-06-01,Hyderabad,26-35,Organic
C01308,2024-09-30,Pune,26-35,Organic
C01309,2025-07-25,Bangalore,56+,Google
C01310,2025-01-31,Ahmedabad,56+,Organic
C01311,2026-01-04,Mumbai,36-45,Google
C01312,2024-12-19,Ahmedabad,36-45,Instagram
C01313,2026-01-04,Hyderabad,46-55,Google
C01314,2025-09-19,Bangalore,56+,Instagram
C01315,2024-09-25,Bangalore,18-25,Referral
C01316,2025-10-29,Pune,56+,Organic
C01317,2025-10-04,Hyderabad,36-45,Organic
C01318,2025-04-18,Bangalore,26-35,Google
C01319,2024-10-11,Chennai,26-35,Instagram
C01320,2025-05-02,Kolkata,26-35,Google
C01321,2025-07-24,Hyderabad,36-45,Facebook
C01322,2024-09-23,Mumbai,36-45,Google
C01323,2025-02-03,Bangalore,18-25,Referral
C01324,2025-09-22,Chennai,26-35,Instagram
C01325,2025-06-19,Delhi,18-25,Organic
C01326,2026-03-27,Kolkata,26-35,Referral
C01327,2024-11-16,Mumbai,26-35,Instagram
C01328,2025-11-10,Hyderabad,26-35,Referral
C01329,2025-03-29,Delhi,18-25,Organic
C01330,2024-11-20,Bangalore,18-25,Referral
C01331,2026-02-28,Chennai,18-25,Facebook
C01332,2025-08-03,Hyderabad,26-35,YouTube
C01333,2025-06-08,Hyderabad,46-55,Referral
C01334,2025-01-05,Ahmedabad,36-45,Facebook
C01335,2026-01-15,Ahmedabad,36-45,YouTube
C01336,2024-07-20,Kolkata,26-35,Google
C01337,2024-09-12,Delhi,18-25,Organic
C01338,2024-10-23,Hyderabad,46-55,Referral
C01339,2025-08-22,Kolkata,26-35,Referral
C01340,2024-09-04,Mumbai,18-25,Referral
C01341,2025-11-22,Bangalore,26-35,YouTube
C01342,2024-11-03,Chennai,36-45,Facebook
C01343,2025-09-06,Hyderabad,26-35,Google
C01344,2025-11-21,Hyderabad,18-25,Organic
C01345,2026-01-13,Ahmedabad,26-35,Organic
C01346,2025-01-04,Hyderabad,18-25,YouTube
C01347,2024-08-17,Mumbai,26-35,Referral
C01348,2025-10-27,Mumbai,36-45,Google
C01349,2025-04-13,Mumbai,56+,Google
C01350,2026-02-27,Bangalore,26-35,Instagram
C01351,2024-10-29,Chennai,18-25,Instagram
C01352,2025-07-02,Kolkata,26-35,Google
C01353,2024-09-15,Delhi,18-25,Instagram
C01354,2025-05-07,Delhi,46-55,YouTube
C01355,2024-07-01,Kolkata,36-45,Google
C01356,2025-10-23,Bangalore,26-35,Google
C01357,2025-07-22,Hyderabad,36-45,Organic
C01358,2024-09-01,Mumbai,26-35,Google
C01359,2025-05-16,Pune,26-35,Organic
C01360,2025-03-31,Bangalore,46-55,YouTube
C01361,2025-09-04,Pune,18-25,Google
C01362,2025-05-15,Mumbai,26-35,Referral
C01363,2025-04-20,Pune,46-55,Google
C01364,2025-12-14,Bangalore,26-35,Referral
C01365,2025-05-28,Mumbai,26-35,Organic
C01366,2025-12-03,Hyderabad,18-25,Google
C01367,2026-01-17,Delhi,26-35,Referral
C01368,2025-12-25,Bangalore,26-35,Referral
C01369,2026-03-03,Delhi,26-35,Instagram
C01370,2025-09-19,Mumbai,18-25,Instagram
C01371,2025-06-24,Bangalore,26-35,Referral
C01372,2025-06-05,Ahmedabad,36-45,Instagram
C01373,2024-11-08,Mumbai,46-55,Organic
C01374,2025-12-12,Chennai,36-45,Facebook
C01375,2025-09-17,Ahmedabad,36-45,Organic
C01376,2026-01-10,Bangalore,36-45,Google
C01377,2025-09-22,Pune,18-25,Referral
C01378,2025-05-04,Kolkata,26-35,Organic
C01379,2025-01-05,Pune,18-25,Organic
C01380,2026-03-22,Mumbai,26-35,Facebook
C01381,2025-10-12,Mumbai,56+,Referral
C01382,2026-01-11,Bangalore,26-35,Google
C01383,2025-07-09,Hyderabad,46-55,Google
C01384,2025-05-23,Ahmedabad,18-25,Facebook
C01385,2024-07-22,Ahmedabad,26-35,Organic
C01386,2024-08-14,Bangalore,26-35,YouTube
C01387,2025-09-25,Pune,18-25,Organic
C01388,2024-11-21,Delhi,26-35,Facebook
C01389,2024-08-22,Kolkata,36-45,Referral
C01390,2025-11-09,Bangalore,26-35,Facebook
C01391,2025-08-01,Ahmedabad,46-55,YouTube
C01392,2024-09-10,Kolkata,46-55,YouTube
C01393,2025-05-16,Bangalore,26-35,Facebook
C01394,2025-04-27,Bangalore,56+,Referral
C01395,2024-07-03,Kolkata,18-25,Organic
C01396,2025-07-22,Bangalore,18-25,Referral
C01397,2025-03-11,Hyderabad,26-35,Organic
C01398,2026-01-13,Ahmedabad,26-35,Organic
C01399,2024-09-12,Hyderabad,26-35,Organic
C01400,2025-12-24,Mumbai,26-35,Referral
C01401,2024-07-05,Mumbai,46-55,YouTube
C01402,2025-11-01,Bangalore,18-25,YouTube
C01403,2025-11-13,Ahmedabad,36-45,Organic
C01404,2025-03-18,Delhi,26-35,Referral
C01405,2024-12-27,Delhi,26-35,YouTube
C01406,2024-09-29,Delhi,26-35,Organic
C01407,2025-02-03,Ahmedabad,26-35,Referral
C01408,2025-09-01,Bangalore,26-35,Organic
C01409,2025-10-07,Kolkata,36-45,Organic
C01410,2024-10-24,Pune,26-35,Organic
C01411,2024-07-08,Kolkata,18-25,Google
C01412,2025-06-24,Ahmedabad,36-45,Google
C01413,2025-07-07,Kolkata,36-45,YouTube
C01414,2026-03-19,Ahmedabad,46-55,Facebook
C01415,2025-10-30,Bangalore,26-35,Google
C01416,2025-06-17,Chennai,36-45,Facebook
C01417,2025-07-14,Hyderabad,26-35,Referral
C01418,2025-08-17,Hyderabad,36-45,Instagram
C01419,2025-04-15,Kolkata,26-35,Organic
C01420,2025-09-06,Ahmedabad,18-25,Instagram
C01421,2024-11-02,Pune,56+,Instagram
C01422,2025-12-13,Hyderabad,36-45,Facebook
C01423,2026-01-02,Mumbai,26-35,Referral
C01424,2025-04-04,Mumbai,26-35,Google
C01425,2025-04-18,Mumbai,36-45,Referral
C01426,2025-05-14,Mumbai,18-25,Organic
C01427,2025-12-05,Bangalore,26-35,Organic
C01428,2024-10-21,Bangalore,18-25,Google
C01429,2025-02-04,Chennai,18-25,Google
C01430,2025-07-28,Mumbai,18-25,Referral
C01431,2025-09-17,Ahmedabad,36-45,Organic
C01432,2025-01-05,Pune,18-25,Facebook
C01433,2024-09-13,Bangalore,36-45,Google
C01434,2025-05-21,Bangalore,46-55,YouTube
C01435,2025-08-13,Delhi,18-25,Facebook
C01436,2025-11-02,Ahmedabad,36-45,Google
C01437,2024-07-02,Delhi,26-35,Instagram
C01438,2024-07-12,Hyderabad,46-55,Organic
C01439,2025-03-04,Ahmedabad,26-35,Facebook
C01440,2025-06-26,Ahmedabad,26-35,Instagram
C01441,2024-07-03,Delhi,26-35,Google
C01442,2024-10-19,Bangalore,46-55,Organic
C01443,2025-03-25,Bangalore,18-25,YouTube
C01444,2024-12-26,Bangalore,36-45,Instagram
C01445,2025-09-28,Delhi,18-25,Google
C01446,2024-07-23,Hyderabad,36-45,Google
C01447,2026-01-19,Ahmedabad,26-35,Facebook
C01448,2024-10-17,Hyderabad,18-25,Organic
C01449,2025-04-08,Pune,18-25,Referral
C01450,2026-03-23,Delhi,26-35,YouTube
C01451,2025-08-28,Chennai,36-45,Referral
C01452,2026-03-31,Pune,36-45,Facebook
C01453,2024-07-13,Kolkata,18-25,Google
C01454,2025-10-03,Ahmedabad,26-35,Instagram
C01455,2024-08-18,Mumbai,18-25,Referral
C01456,2025-07-26,Bangalore,36-45,Google
C01457,2025-01-25,Delhi,36-45,YouTube
C01458,2025-11-09,Mumbai,46-55,Referral
C01459,2024-09-18,Ahmedabad,46-55,Google
C01460,2026-01-24,Mumbai,26-35,Organic
C01461,2025-05-04,Chennai,18-25,Referral
C01462,2025-05-28,Hyderabad,46-55,Referral
C01463,2025-06-30,Delhi,18-25,Google
C01464,2024-07-23,Delhi,18-25,Facebook
C01465,2025-01-15,Pune,26-35,Organic
C01466,2025-09-27,Pune,36-45,YouTube
C01467,2026-03-06,Mumbai,36-45,Organic
C01468,2026-03-22,Delhi,56+,Referral
C01469,2025-06-08,Chennai,26-35,Instagram
C01470,2024-12-12,Bangalore,18-25,Organic
C01471,2025-05-02,Ahmedabad,26-35,Instagram
C01472,2025-04-23,Delhi,36-45,Facebook
C01473,2025-03-11,Bangalore,18-25,Google
C01474,2025-02-16,Hyderabad,46-55,Google
C01475,2026-01-06,Hyderabad,26-35,Referral
C01476,2025-03-07,Hyderabad,36-45,Referral
C01477,2024-07-19,Mumbai,36-45,Organic
C01478,2025-10-04,Ahmedabad,26-35,Organic
C01479,2025-08-29,Hyderabad,36-45,Organic
C01480,2025-02-27,Mumbai,26-35,Facebook
C01481,2025-08-07,Mumbai,36-45,Referral
C01482,2026-02-22,Bangalore,36-45,Referral
C01483,2026-02-11,Hyderabad,26-35,YouTube
C01484,2025-11-17,Delhi,18-25,Google
C01485,2025-07-08,Pune,56+,Google
C01486,2024-07-18,Bangalore,46-55,Instagram
C01487,2025-05-24,Ahmedabad,26-35,Organic
C01488,2025-12-06,Mumbai,56+,Organic
C01489,2025-12-22,Kolkata,26-35,Google
C01490,2025-11-06,Mumbai,26-35,Instagram
C01491,2026-03-23,Bangalore,26-35,Instagram
C01492,2025-05-27,Kolkata,18-25,Referral
C01493,2024-09-09,Pune,26-35,Google
C01494,2025-05-14,Chennai,36-45,YouTube
C01495,2025-01-20,Mumbai,18-25,Facebook
C01496,2025-12-16,Pune,18-25,Organic
C01497,2025-11-09,Kolkata,36-45,YouTube
C01498,2025-03-29,Pune,36-45,Facebook
C01499,2025-03-06,Mumbai,56+,Organic
C01500,2024-10-10,Pune,18-25,Referral
C01501,2024-07-28,Pune,46-55,YouTube
C01502,2025-01-16,Ahmedabad,18-25,Referral
C01503,2024-12-02,Mumbai,18-25,Referral
C01504,2024-12-17,Mumbai,36-45,Instagram
C01505,2026-03-31,Chennai,26-35,Organic
C01506,2025-09-09,Hyderabad,36-45,Facebook
C01507,2025-06-18,Chennai,26-35,Organic
C01508,2024-10-23,Mumbai,18-25,Google
C01509,2025-12-20,Delhi,26-35,Organic
C01510,2025-08-17,Chennai,18-25,YouTube
C01511,2025-05-25,Bangalore,18-25,Organic
C01512,2025-04-24,Delhi,18-25,Referral
C01513,2025-06-19,Pune,26-35,Google
C01514,2025-12-19,Chennai,36-45,Google
C01515,2025-10-04,Kolkata,18-25,Facebook
C01516,2025-05-06,Delhi,26-35,Instagram
C01517,2025-08-31,Bangalore,26-35,YouTube
C01518,2026-02-15,Ahmedabad,26-35,Google
C01519,2025-01-25,Bangalore,26-35,Facebook
C01520,2026-01-27,Delhi,36-45,Referral
C01521,2025-07-23,Delhi,46-55,Organic
C01522,2024-10-27,Hyderabad,18-25,Organic
C01523,2026-03-10,Kolkata,36-45,Organic
C01524,2025-09-12,Chennai,18-25,Organic
C01525,2025-03-04,Pune,26-35,Instagram
C01526,2024-11-15,Bangalore,26-35,Google
C01527,2026-02-06,Mumbai,18-25,Google
C01528,2025-12-09,Mumbai,18-25,Organic
C01529,2024-07-29,Bangalore,18-25,Organic
C01530,2025-08-11,Delhi,18-25,Google
C01531,2024-09-12,Delhi,26-35,YouTube
C01532,2025-01-04,Bangalore,18-25,Google
C01533,2025-06-28,Hyderabad,36-45,Google
C01534,2024-12-07,Pune,46-55,Google
C01535,2025-05-24,Bangalore,26-35,Organic
C01536,2025-04-01,Hyderabad,18-25,Instagram
C01537,2025-07-07,Chennai,26-35,Facebook
C01538,2025-11-24,Chennai,46-55,Organic
C01539,2024-10-08,Chennai,26-35,Organic
C01540,2025-11-21,Mumbai,18-25,Google
C01541,2024-11-20,Kolkata,56+,Organic
C01542,2024-07-22,Delhi,26-35,YouTube
C01543,2025-04-12,Mumbai,26-35,Referral
C01544,2025-01-10,Bangalore,46-55,Google
C01545,2024-10-26,Mumbai,46-55,Google
C01546,2025-03-28,Mumbai,26-35,Referral
C01547,2026-01-07,Delhi,26-35,Google
C01548,2025-07-10,Chennai,26-35,Organic
C01549,2025-10-09,Delhi,18-25,Google
C01550,2024-10-04,Delhi,26-35,YouTube
C01551,2024-08-18,Bangalore,18-25,Referral
C01552,2025-01-31,Mumbai,26-35,Organic
C01553,2025-11-07,Delhi,36-45,Facebook
C01554,2026-01-17,Mumbai,56+,Referral
C01555,2024-09-04,Delhi,46-55,Instagram
C01556,2025-05-01,Chennai,18-25,Referral
C01557,2025-03-11,Ahmedabad,18-25,Referral
C01558,2025-10-19,Hyderabad,26-35,Organic
C01559,2024-11-09,Pune,18-25,YouTube
C01560,2025-05-06,Kolkata,18-25,Organic
C01561,2025-12-26,Ahmedabad,36-45,Facebook
C01562,2025-04-24,Pune,26-35,Google
C01563,2025-11-12,Kolkata,18-25,Google
C01564,2025-08-02,Kolkata,26-35,Google
C01565,2025-07-17,Chennai,56+,Organic
C01566,2024-12-13,Mumbai,36-45,Google
C01567,2026-03-27,Bangalore,18-25,Instagram
C01568,2024-12-07,Bangalore,26-35,Facebook
C01569,2026-02-15,Mumbai,46-55,Google
C01570,2026-03-25,Hyderabad,18-25,Google
C01571,2025-05-23,Mumbai,26-35,Google
C01572,2026-01-07,Hyderabad,36-45,Instagram
C01573,2025-09-30,Hyderabad,36-45,Instagram
C01574,2025-10-15,Kolkata,18-25,Google
C01575,2024-08-13,Bangalore,46-55,Google
C01576,2024-09-26,Delhi,26-35,YouTube
C01577,2024-08-14,Chennai,18-25,Referral
C01578,2024-07-20,Kolkata,18-25,Organic
C01579,2025-12-17,Ahmedabad,26-35,Organic
C01580,2024-10-21,Kolkata,18-25,Organic
C01581,2024-07-05,Kolkata,36-45,Facebook
C01582,2026-02-20,Delhi,46-55,Referral
C01583,2024-12-26,Mumbai,18-25,Instagram
C01584,2025-12-04,Delhi,36-45,Instagram
C01585,2026-03-06,Hyderabad,56+,Google
C01586,2025-05-31,Ahmedabad,18-25,YouTube
C01587,2026-02-13,Mumbai,36-45,Organic
C01588,2026-03-12,Hyderabad,56+,Instagram
C01589,2024-10-01,Delhi,36-45,Instagram
C01590,2024-10-02,Bangalore,26-35,Facebook
C01591,2025-02-22,Delhi,46-55,Referral
C01592,2025-06-23,Bangalore,36-45,Instagram
C01593,2025-11-15,Ahmedabad,26-35,Facebook
C01594,2024-10-26,Mumbai,18-25,Organic
C01595,2024-11-01,Kolkata,26-35,Referral
C01596,2025-01-12,Pune,26-35,Referral
C01597,2024-12-21,Delhi,26-35,Organic
C01598,2026-02-21,Bangalore,18-25,Google
C01599,2025-03-11,Chennai,46-55,Facebook
C01600,2026-01-06,Delhi,36-45,Organic
C01601,2024-08-05,Ahmedabad,26-35,Organic
C01602,2024-09-04,Bangalore,18-25,Organic
C01603,2025-11-26,Pune,18-25,Facebook
C01604,2024-12-07,Chennai,18-25,Instagram
C01605,2024-08-22,Delhi,26-35,Instagram
C01606,2025-07-15,Delhi,18-25,Organic
C01607,2024-10-03,Ahmedabad,56+,Google
C01608,2024-08-09,Delhi,18-25,Organic
C01609,2025-03-17,Mumbai,18-25,Referral
C01610,2025-06-17,Mumbai,46-55,Google
C01611,2025-06-02,Delhi,26-35,Google
C01612,2025-07-09,Chennai,26-35,Organic
C01613,2024-07-16,Chennai,18-25,Instagram
C01614,2025-01-02,Mumbai,36-45,Instagram
C01615,2025-02-05,Kolkata,26-35,Referral
C01616,2025-01-04,Delhi,36-45,Instagram
C01617,2025-06-23,Bangalore,26-35,Organic
C01618,2024-11-24,Hyderabad,46-55,Facebook
C01619,2025-08-08,Ahmedabad,26-35,Organic
C01620,2026-02-18,Bangalore,36-45,Organic
C01621,2025-08-27,Delhi,36-45,Google
C01622,2025-03-06,Hyderabad,26-35,Facebook
C01623,2025-04-04,Chennai,36-45,YouTube
C01624,2025-07-09,Bangalore,36-45,YouTube
C01625,2025-10-06,Mumbai,18-25,Google
C01626,2025-01-09,Chennai,36-45,Instagram
C01627,2024-07-25,Mumbai,18-25,Instagram
C01628,2025-09-23,Delhi,26-35,Google
C01629,2025-08-27,Delhi,18-25,Instagram
C01630,2024-09-03,Mumbai,18-25,YouTube
C01631,2025-08-05,Mumbai,18-25,Google
C01632,2024-08-15,Kolkata,18-25,Google
C01633,2025-08-15,Pune,18-25,YouTube
C01634,2025-10-19,Pune,18-25,Facebook
C01635,2024-07-10,Ahmedabad,26-35,Google
C01636,2025-10-08,Mumbai,26-35,Google
C01637,2024-09-15,Mumbai,56+,YouTube
C01638,2024-12-17,Ahmedabad,36-45,Facebook
C01639,2025-09-24,Delhi,18-25,Organic
C01640,2025-02-12,Chennai,26-35,Referral
C01641,2026-03-17,Chennai,26-35,Organic
C01642,2026-03-04,Bangalore,26-35,Organic
C01643,2026-03-23,Mumbai,26-35,Instagram
C01644,2024-09-05,Delhi,36-45,Referral
C01645,2024-10-21,Delhi,36-45,YouTube
C01646,2024-10-26,Mumbai,26-35,Organic
C01647,2025-07-10,Delhi,36-45,Instagram
C01648,2025-04-01,Chennai,26-35,Organic
C01649,2025-10-20,Kolkata,36-45,Organic
C01650,2024-12-28,Chennai,56+,Google
C01651,2024-11-05,Delhi,26-35,Google
C01652,2025-08-19,Delhi,36-45,Google
C01653,2025-07-30,Delhi,36-45,Facebook
C01654,2025-09-15,Bangalore,26-35,Google
C01655,2025-01-16,Ahmedabad,18-25,YouTube
C01656,2025-06-02,Mumbai,36-45,Referral
C01657,2026-02-14,Delhi,26-35,YouTube
C01658,2025-07-26,Kolkata,18-25,Facebook
C01659,2026-02-16,Mumbai,26-35,Facebook
C01660,2025-04-03,Bangalore,26-35,YouTube
C01661,2024-07-29,Bangalore,18-25,Referral
C01662,2025-10-29,Pune,56+,Google
C01663,2025-04-21,Chennai,18-25,Google
C01664,2024-07-27,Delhi,26-35,Organic
C01665,2024-09-27,Ahmedabad,36-45,Google
C01666,2025-01-16,Kolkata,18-25,Referral
C01667,2024-10-31,Kolkata,36-45,Instagram
C01668,2025-09-11,Delhi,36-45,Organic
C01669,2025-07-26,Bangalore,26-35,Instagram
C01670,2025-01-27,Kolkata,26-35,Google
C01671,2024-08-24,Delhi,56+,Organic
C01672,2024-08-20,Pune,46-55,Referral
C01673,2026-02-25,Chennai,18-25,Facebook
C01674,2025-02-06,Bangalore,26-35,Organic
C01675,2024-09-07,Chennai,26-35,Organic
C01676,2025-09-28,Ahmedabad,46-55,Google
C01677,2026-01-07,Chennai,36-45,Instagram
C01678,2024-09-16,Mumbai,26-35,Organic
C01679,2026-02-24,Kolkata,46-55,Instagram
C01680,2025-10-07,Hyderabad,26-35,YouTube
C01681,2024-12-09,Chennai,18-25,Facebook
C01682,2025-11-08,Kolkata,26-35,Google
C01683,2025-03-26,Chennai,26-35,Organic
C01684,2025-08-10,Delhi,26-35,Referral
C01685,2024-09-20,Bangalore,26-35,Google
C01686,2024-12-04,Delhi,36-45,Referral
C01687,2025-11-07,Hyderabad,56+,Organic
C01688,2025-11-27,Hyderabad,18-25,Facebook
C01689,2024-07-07,Hyderabad,26-35,Google
C01690,2024-11-15,Mumbai,36-45,Organic
C01691,2025-07-24,Chennai,18-25,Google
C01692,2026-01-30,Ahmedabad,36-45,Google
C01693,2025-09-04,Delhi,26-35,Organic
C01694,2025-09-25,Chennai,18-25,Organic
C01695,2025-03-06,Pune,46-55,Organic
C01696,2024-08-04,Hyderabad,26-35,Facebook
C01697,2025-11-02,Delhi,18-25,Instagram
C01698,2025-11-23,Chennai,18-25,Referral
C01699,2025-04-10,Ahmedabad,36-45,Google
C01700,2025-05-20,Chennai,46-55,YouTube
C01701,2024-11-28,Ahmedabad,26-35,Instagram
C01702,2025-04-16,Ahmedabad,18-25,Instagram
C01703,2024-12-02,Mumbai,18-25,Organic
C01704,2025-03-26,Pune,36-45,Google
C01705,2024-09-24,Mumbai,26-35,Organic
C01706,2025-07-23,Ahmedabad,26-35,Facebook
C01707,2024-12-06,Bangalore,26-35,Referral
C01708,2025-10-07,Mumbai,26-35,Referral
C01709,2025-05-27,Kolkata,36-45,Facebook
C01710,2026-01-24,Delhi,26-35,Organic
C01711,2024-11-19,Chennai,18-25,Google
C01712,2024-12-22,Mumbai,26-35,YouTube
C01713,2024-12-03,Ahmedabad,26-35,Referral
C01714,2025-08-08,Kolkata,26-35,Organic
C01715,2024-09-07,Delhi,18-25,Organic
C01716,2025-09-12,Chennai,18-25,Google
C01717,2025-12-06,Delhi,26-35,YouTube
C01718,2025-09-05,Hyderabad,18-25,Instagram
C01719,2024-09-25,Pune,26-35,YouTube
C01720,2025-05-12,Kolkata,26-35,YouTube
C01721,2025-06-06,Bangalore,18-25,Facebook
C01722,2025-03-07,Delhi,36-45,Instagram
C01723,2025-04-24,Pune,26-35,Referral
C01724,2025-10-31,Hyderabad,18-25,Instagram
C01725,2025-12-16,Hyderabad,36-45,Google
C01726,2025-01-08,Bangalore,26-35,Google
C01727,2025-01-27,Mumbai,46-55,Organic
C01728,2024-11-10,Kolkata,18-25,Referral
C01729,2025-03-14,Bangalore,46-55,Facebook
C01730,2025-06-14,Mumbai,36-45,Google
C01731,2025-09-29,Ahmedabad,18-25,Referral
C01732,2024-12-19,Bangalore,26-35,Organic
C01733,2024-11-16,Chennai,36-45,Google
C01734,2024-07-22,Delhi,26-35,Organic
C01735,2024-08-29,Kolkata,26-35,Organic
C01736,2024-08-02,Chennai,46-55,Organic
C01737,2024-11-10,Kolkata,36-45,Organic
C01738,2025-09-18,Delhi,56+,YouTube
C01739,2025-11-07,Hyderabad,46-55,Facebook
C01740,2026-03-14,Chennai,36-45,Instagram
C01741,2025-06-14,Delhi,36-45,Referral
C01742,2025-04-17,Delhi,36-45,YouTube
C01743,2026-01-26,Bangalore,46-55,Instagram
C01744,2024-10-02,Ahmedabad,26-35,Referral
C01745,2025-08-07,Pune,18-25,Organic
C01746,2025-12-05,Pune,26-35,Google
C01747,2025-05-18,Chennai,18-25,Google
C01748,2024-12-15,Hyderabad,46-55,Organic
C01749,2025-08-01,Mumbai,36-45,Instagram
C01750,2026-03-29,Mumbai,26-35,Instagram
C01751,2024-11-28,Pune,18-25,YouTube
C01752,2025-06-25,Delhi,26-35,YouTube
C01753,2024-08-02,Kolkata,26-35,Organic
C01754,2024-11-26,Chennai,36-45,Referral
C01755,2025-11-03,Mumbai,26-35,Instagram
C01756,2025-05-13,Hyderabad,26-35,YouTube
C01757,2024-11-05,Bangalore,18-25,Google
C01758,2025-01-31,Ahmedabad,26-35,Facebook
C01759,2024-09-16,Kolkata,26-35,Organic
C01760,2025-11-11,Ahmedabad,46-55,Instagram
C01761,2026-02-23,Delhi,46-55,Organic
C01762,2024-09-06,Bangalore,36-45,Facebook
C01763,2024-11-30,Delhi,26-35,YouTube
C01764,2025-12-30,Bangalore,18-25,Organic
C01765,2026-01-13,Bangalore,46-55,Instagram
C01766,2025-11-03,Bangalore,56+,Organic
C01767,2025-09-30,Ahmedabad,18-25,Organic
C01768,2026-01-02,Bangalore,36-45,Organic
C01769,2025-02-24,Bangalore,26-35,Google
C01770,2026-01-23,Kolkata,18-25,Facebook
C01771,2026-01-18,Hyderabad,56+,Referral
C01772,2024-11-24,Chennai,46-55,Google
C01773,2024-08-16,Pune,56+,Google
C01774,2025-05-29,Kolkata,18-25,Google
C01775,2025-10-28,Pune,26-35,Referral
C01776,2025-12-26,Hyderabad,46-55,Google
C01777,2024-09-30,Pune,36-45,Referral
C01778,2025-02-27,Mumbai,26-35,Google
C01779,2025-11-03,Mumbai,26-35,Google
C01780,2024-08-08,Mumbai,18-25,Instagram
C01781,2025-10-05,Bangalore,26-35,Google
C01782,2025-01-03,Chennai,46-55,Google
C01783,2024-07-15,Delhi,18-25,Google
C01784,2024-12-02,Bangalore,18-25,Organic
C01785,2025-10-18,Delhi,26-35,Referral
C01786,2026-01-07,Kolkata,26-35,Organic
C01787,2024-08-21,Delhi,26-35,Instagram
C01788,2025-04-23,Pune,18-25,Referral
C01789,2024-11-06,Kolkata,36-45,Instagram
C01790,2025-09-10,Bangalore,18-25,Referral
C01791,2025-11-11,Chennai,36-45,Organic
C01792,2026-03-07,Delhi,26-35,YouTube
C01793,2025-02-12,Delhi,26-35,Referral
C01794,2025-01-08,Pune,26-35,Google
C01795,2025-01-14,Kolkata,36-45,Google
C01796,2025-10-30,Delhi,26-35,Facebook
C01797,2025-04-11,Hyderabad,26-35,Google
C01798,2024-07-15,Delhi,26-35,Instagram
C01799,2026-02-26,Hyderabad,26-35,Instagram
C01800,2024-09-05,Pune,26-35,Facebook
C01801,2026-02-14,Pune,26-35,Facebook
C01802,2024-10-12,Pune,26-35,Google
C01803,2025-06-09,Bangalore,18-25,Instagram
C01804,2025-01-16,Pune,36-45,Organic
C01805,2025-09-12,Pune,18-25,Google
C01806,2025-03-15,Pune,46-55,Instagram
C01807,2025-02-20,Bangalore,26-35,Referral
C01808,2025-05-01,Mumbai,18-25,Referral
C01809,2026-03-13,Mumbai,36-45,Google
C01810,2024-12-04,Bangalore,26-35,Organic
C01811,2024-11-18,Delhi,46-55,Organic
C01812,2024-08-12,Mumbai,46-55,Referral
C01813,2025-10-15,Chennai,46-55,Instagram
C01814,2025-09-06,Delhi,26-35,Instagram
C01815,2025-07-24,Kolkata,46-55,YouTube
C01816,2024-07-16,Hyderabad,36-45,Google
C01817,2025-11-18,Chennai,46-55,Google
C01818,2025-11-30,Mumbai,18-25,Instagram
C01819,2026-02-24,Hyderabad,46-55,Google
C01820,2026-02-14,Pune,36-45,Referral
C01821,2024-12-16,Ahmedabad,26-35,Google
C01822,2025-09-27,Hyderabad,56+,Organic
C01823,2025-03-15,Hyderabad,36-45,Google
C01824,2025-07-16,Hyderabad,46-55,Organic
C01825,2025-01-29,Chennai,18-25,Organic
C01826,2025-08-24,Bangalore,26-35,Google
C01827,2026-03-01,Hyderabad,36-45,YouTube
C01828,2025-08-21,Hyderabad,18-25,Facebook
C01829,2026-02-09,Ahmedabad,36-45,Instagram
C01830,2026-02-16,Hyderabad,36-45,Organic
C01831,2024-09-14,Mumbai,18-25,Organic
C01832,2026-03-09,Ahmedabad,36-45,Organic
C01833,2025-12-05,Mumbai,18-25,Instagram
C01834,2025-03-30,Delhi,36-45,Instagram
C01835,2025-07-19,Delhi,46-55,Google
C01836,2025-07-30,Bangalore,26-35,Instagram
C01837,2025-11-15,Bangalore,26-35,Google
C01838,2025-11-25,Mumbai,26-35,YouTube
C01839,2024-09-04,Chennai,26-35,Google
C01840,2024-07-01,Chennai,46-55,Google
C01841,2024-12-05,Bangalore,26-35,Google
C01842,2025-06-02,Hyderabad,26-35,Referral
C01843,2025-12-25,Bangalore,26-35,YouTube
C01844,2025-08-22,Ahmedabad,36-45,YouTube
C01845,2024-09-25,Bangalore,36-45,Referral
C01846,2025-10-02,Pune,18-25,Google
C01847,2025-04-26,Delhi,18-25,Google
C01848,2025-02-21,Pune,18-25,Facebook
C01849,2025-11-06,Mumbai,18-25,Google
C01850,2025-01-05,Chennai,26-35,Google
C01851,2025-07-31,Delhi,36-45,Referral
C01852,2024-10-25,Kolkata,26-35,Instagram
C01853,2025-03-01,Hyderabad,18-25,Google
C01854,2025-06-22,Chennai,26-35,Facebook
C01855,2025-08-03,Kolkata,36-45,Instagram
C01856,2026-02-08,Ahmedabad,26-35,Google
C01857,2025-01-02,Delhi,18-25,Google
C01858,2026-01-24,Delhi,36-45,Google
C01859,2025-12-04,Delhi,18-25,Facebook
C01860,2025-02-16,Delhi,36-45,Organic
C01861,2024-09-28,Hyderabad,36-45,Facebook
C01862,2024-12-12,Ahmedabad,46-55,YouTube
C01863,2025-08-25,Ahmedabad,18-25,Organic
C01864,2025-11-17,Hyderabad,18-25,Referral
C01865,2025-07-27,Pune,46-55,Referral
C01866,2025-10-07,Kolkata,26-35,Organic
C01867,2024-09-03,Ahmedabad,26-35,Organic
C01868,2025-05-19,Delhi,26-35,Organic
C01869,2026-01-10,Hyderabad,18-25,Referral
C01870,2025-03-06,Kolkata,36-45,Organic
C01871,2026-01-26,Delhi,46-55,Instagram
C01872,2024-09-18,Mumbai,36-45,Referral
C01873,2026-03-18,Ahmedabad,26-35,Referral
C01874,2025-11-14,Ahmedabad,56+,Referral
C01875,2025-08-05,Kolkata,36-45,Referral
C01876,2025-07-30,Chennai,18-25,Organic
C01877,2026-02-19,Delhi,36-45,Organic
C01878,2025-02-26,Delhi,18-25,Google
C01879,2024-10-14,Hyderabad,26-35,Google
C01880,2026-02-08,Hyderabad,26-35,Instagram
C01881,2024-09-04,Hyderabad,18-25,Instagram
C01882,2025-08-26,Pune,18-25,Google
C01883,2024-12-17,Mumbai,26-35,Organic
C01884,2026-02-14,Chennai,26-35,YouTube
C01885,2026-03-15,Delhi,26-35,Google
C01886,2025-04-30,Delhi,18-25,YouTube
C01887,2025-06-06,Bangalore,36-45,Google
C01888,2025-04-17,Delhi,46-55,YouTube
C01889,2025-03-29,Kolkata,18-25,Referral
C01890,2026-02-19,Mumbai,36-45,Organic
C01891,2024-12-31,Delhi,18-25,Google
C01892,2026-03-06,Chennai,26-35,Instagram
C01893,2025-08-20,Hyderabad,26-35,Google
C01894,2026-03-06,Bangalore,18-25,Organic
C01895,2025-07-27,Delhi,18-25,Facebook
C01896,2025-12-06,Bangalore,36-45,Organic
C01897,2025-05-10,Pune,36-45,Organic
C01898,2025-04-22,Delhi,56+,Instagram
C01899,2024-12-12,Bangalore,46-55,Organic
C01900,2024-11-12,Bangalore,26-35,YouTube
C01901,2024-07-25,Hyderabad,18-25,Referral
C01902,2025-03-03,Bangalore,18-25,Referral
C01903,2026-03-24,Kolkata,26-35,Instagram
C01904,2026-02-20,Bangalore,46-55,Instagram
C01905,2025-09-15,Hyderabad,18-25,Instagram
C01906,2025-02-18,Mumbai,18-25,Organic
C01907,2025-05-29,Mumbai,26-35,YouTube
C01908,2025-10-27,Bangalore,46-55,Instagram
C01909,2024-07-02,Chennai,26-35,Facebook
C01910,2026-02-10,Kolkata,36-45,YouTube
C01911,2026-01-08,Bangalore,26-35,Organic
C01912,2026-03-13,Bangalore,26-35,Facebook
C01913,2024-08-30,Kolkata,26-35,YouTube
C01914,2026-02-26,Hyderabad,36-45,Google
C01915,2025-07-28,Bangalore,36-45,Facebook
C01916,2025-06-20,Delhi,26-35,Referral
C01917,2024-10-23,Pune,18-25,Instagram
C01918,2025-05-11,Chennai,18-25,Google
C01919,2025-02-18,Hyderabad,18-25,Organic
C01920,2026-03-24,Ahmedabad,18-25,Facebook
C01921,2025-02-03,Hyderabad,18-25,Referral
C01922,2024-11-17,Delhi,36-45,Organic
C01923,2026-02-25,Mumbai,36-45,Google
C01924,2024-10-28,Mumbai,36-45,YouTube
C01925,2026-01-29,Delhi,36-45,Instagram
C01926,2026-03-08,Bangalore,56+,Organic
C01927,2025-01-13,Mumbai,56+,Organic
C01928,2025-09-14,Pune,18-25,Instagram
C01929,2025-11-22,Bangalore,18-25,Facebook
C01930,2025-06-08,Mumbai,18-25,Facebook
C01931,2025-09-19,Pune,46-55,Referral
C01932,2024-09-23,Pune,18-25,Organic
C01933,2025-05-26,Chennai,26-35,YouTube
C01934,2025-05-24,Chennai,26-35,Instagram
C01935,2025-06-27,Pune,26-35,Instagram
C01936,2026-02-24,Bangalore,26-35,Organic
C01937,2025-12-09,Mumbai,36-45,Referral
C01938,2025-07-21,Hyderabad,26-35,Organic
C01939,2025-03-15,Delhi,46-55,Organic
C01940,2025-03-16,Bangalore,18-25,Organic
C01941,2024-07-13,Delhi,46-55,Instagram
C01942,2025-06-18,Mumbai,26-35,Google
C01943,2024-12-09,Mumbai,18-25,Google
C01944,2026-01-18,Bangalore,56+,Referral
C01945,2025-11-07,Kolkata,46-55,Organic
C01946,2026-02-04,Ahmedabad,46-55,YouTube
C01947,2026-03-29,Delhi,46-55,Google
C01948,2025-03-13,Ahmedabad,26-35,Organic
C01949,2025-03-31,Bangalore,18-25,Google
C01950,2025-07-24,Ahmedabad,18-25,Referral
C01951,2025-04-02,Ahmedabad,46-55,Facebook
C01952,2024-12-26,Bangalore,36-45,Google
C01953,2025-09-25,Chennai,56+,Organic
C01954,2025-04-15,Ahmedabad,46-55,Instagram
C01955,2026-02-22,Kolkata,26-35,Google
C01956,2024-11-18,Ahmedabad,18-25,Organic
C01957,2025-04-10,Hyderabad,18-25,Organic
C01958,2025-06-05,Bangalore,26-35,Organic
C01959,2026-02-01,Kolkata,36-45,YouTube
C01960,2025-07-05,Pune,18-25,YouTube
C01961,2024-08-14,Pune,46-55,Organic
C01962,2025-02-01,Mumbai,36-45,Google
C01963,2026-01-18,Hyderabad,26-35,Google
C01964,2024-12-21,Bangalore,46-55,Organic
C01965,2025-02-03,Chennai,26-35,Organic
C01966,2024-10-05,Bangalore,36-45,Google
C01967,2025-10-03,Chennai,26-35,Google
C01968,2024-09-28,Kolkata,26-35,Instagram
C01969,2025-02-21,Mumbai,18-25,Instagram
C01970,2025-09-28,Hyderabad,26-35,Referral
C01971,2026-01-24,Delhi,36-45,YouTube
C01972,2024-11-19,Ahmedabad,56+,Organic
C01973,2025-01-29,Chennai,46-55,Facebook
C01974,2024-09-14,Mumbai,18-25,Organic
C01975,2025-04-06,Bangalore,56+,Google
C01976,2026-03-31,Delhi,18-25,Organic
C01977,2025-01-11,Mumbai,18-25,YouTube
C01978,2024-12-14,Ahmedabad,36-45,Organic
C01979,2025-03-13,Chennai,46-55,Referral
C01980,2026-01-24,Delhi,46-55,Organic
C01981,2025-06-15,Kolkata,36-45,Instagram
C01982,2025-07-25,Mumbai,18-25,Google
C01983,2025-11-11,Kolkata,18-25,Instagram
C01984,2025-09-30,Delhi,18-25,Referral
C01985,2025-07-18,Pune,26-35,Facebook
C01986,2025-06-24,Ahmedabad,26-35,Google
C01987,2025-06-06,Delhi,18-25,Instagram
C01988,2024-10-24,Pune,26-35,Organic
C01989,2025-03-22,Ahmedabad,26-35,YouTube
C01990,2025-12-24,Bangalore,36-45,Referral
C01991,2024-07-26,Bangalore,26-35,Google
C01992,2025-12-12,Pune,26-35,Referral
C01993,2025-06-27,Delhi,36-45,Organic
C01994,2025-02-09,Bangalore,36-45,YouTube
C01995,2024-09-11,Mumbai,18-25,Google
C01996,2025-11-01,Chennai,18-25,Facebook
C01997,2024-07-01,Delhi,46-55,Organic
C01998,2025-06-13,Delhi,36-45,Organic
C01999,2024-10-12,Kolkata,18-25,Instagram
C02000,2026-02-01,Hyderabad,26-35,Facebook
C02001,2024-10-25,Kolkata,26-35,Referral
C02002,2025-11-26,Mumbai,18-25,Google
C02003,2025-07-02,Ahmedabad,18-25,Google
C02004,2024-07-27,Pune,56+,Google
C02005,2025-10-04,Bangalore,26-35,Instagram
C02006,2026-01-13,Kolkata,18-25,Instagram
C02007,2024-11-19,Hyderabad,36-45,Google
C02008,2026-03-11,Bangalore,26-35,Referral
C02009,2025-11-23,Bangalore,26-35,Organic
C02010,2025-10-18,Pune,26-35,Organic
C02011,2025-01-31,Bangalore,18-25,Organic
C02012,2024-09-15,Delhi,18-25,Instagram
C02013,2025-04-01,Bangalore,56+,Referral
C02014,2025-11-28,Mumbai,26-35,Organic
C02015,2025-07-10,Mumbai,36-45,Organic
C02016,2025-08-18,Hyderabad,18-25,Google
C02017,2025-11-12,Delhi,36-45,Facebook
C02018,2025-02-02,Bangalore,26-35,YouTube
C02019,2024-07-24,Pune,36-45,YouTube
C02020,2026-01-16,Mumbai,26-35,Organic
C02021,2025-07-27,Pune,26-35,Referral
C02022,2025-06-27,Bangalore,18-25,Facebook
C02023,2025-07-02,Bangalore,18-25,Facebook
C02024,2025-12-28,Delhi,36-45,YouTube
C02025,2025-11-04,Mumbai,18-25,Facebook
C02026,2025-09-02,Mumbai,18-25,Facebook
C02027,2025-11-12,Chennai,46-55,Organic
C02028,2025-01-01,Mumbai,18-25,Google
C02029,2025-09-28,Hyderabad,26-35,Referral
C02030,2026-03-16,Hyderabad,36-45,Organic
C02031,2024-11-28,Bangalore,36-45,Organic
C02032,2025-06-30,Hyderabad,18-25,Referral
C02033,2025-09-09,Mumbai,26-35,Referral
C02034,2025-05-27,Mumbai,26-35,Facebook
C02035,2026-03-12,Bangalore,26-35,Referral
C02036,2025-03-15,Chennai,36-45,Instagram
C02037,2024-11-17,Ahmedabad,56+,Organic
C02038,2024-09-26,Bangalore,18-25,Google
C02039,2025-12-25,Hyderabad,18-25,Google
C02040,2025-09-12,Chennai,36-45,Organic
C02041,2025-07-05,Delhi,26-35,Facebook
C02042,2025-04-02,Chennai,36-45,Google
C02043,2025-03-19,Pune,18-25,Google
C02044,2026-02-18,Ahmedabad,18-25,Referral
C02045,2025-09-08,Ahmedabad,36-45,Organic
C02046,2026-03-09,Bangalore,56+,Google
C02047,2025-11-25,Mumbai,18-25,Referral
C02048,2025-11-03,Hyderabad,46-55,Organic
C02049,2025-06-19,Bangalore,26-35,Facebook
C02050,2024-12-02,Delhi,18-25,Google
C02051,2025-08-22,Ahmedabad,26-35,Organic
C02052,2025-10-01,Bangalore,18-25,YouTube
C02053,2025-05-30,Mumbai,36-45,Google
C02054,2024-07-14,Kolkata,26-35,YouTube
C02055,2026-03-06,Delhi,26-35,Google
C02056,2025-12-11,Mumbai,18-25,Instagram
C02057,2025-02-11,Ahmedabad,36-45,Instagram
C02058,2025-05-12,Mumbai,46-55,Instagram
C02059,2024-09-17,Bangalore,26-35,YouTube
C02060,2026-02-19,Bangalore,26-35,Organic
C02061,2024-11-25,Ahmedabad,56+,YouTube
C02062,2025-02-27,Delhi,18-25,Organic
C02063,2025-03-31,Hyderabad,36-45,Google
C02064,2024-12-16,Bangalore,26-35,Facebook
C02065,2025-08-10,Mumbai,46-55,YouTube
C02066,2026-03-28,Ahmedabad,26-35,Google
C02067,2025-12-29,Hyderabad,26-35,Organic
C02068,2025-06-05,Ahmedabad,26-35,YouTube
C02069,2024-09-22,Delhi,18-25,Referral
C02070,2026-01-03,Hyderabad,18-25,Instagram
C02071,2024-12-12,Kolkata,56+,Google
C02072,2026-02-03,Mumbai,18-25,Facebook
C02073,2025-03-10,Delhi,18-25,Organic
C02074,2025-05-28,Kolkata,18-25,Organic
C02075,2025-04-06,Mumbai,26-35,Facebook
C02076,2025-04-18,Hyderabad,26-35,Google
C02077,2024-10-14,Ahmedabad,18-25,Facebook
C02078,2025-06-19,Delhi,36-45,Referral
C02079,2025-03-15,Delhi,36-45,Organic
C02080,2025-12-24,Bangalore,18-25,Google
C02081,2025-05-01,Mumbai,36-45,Google
C02082,2026-03-09,Delhi,26-35,Google
C02083,2025-01-06,Pune,26-35,Google
C02084,2025-01-26,Delhi,46-55,Instagram
C02085,2024-07-24,Pune,46-55,Google
C02086,2025-10-15,Delhi,26-35,Organic
C02087,2024-08-16,Mumbai,26-35,Facebook
C02088,2024-12-30,Mumbai,26-35,Instagram
C02089,2026-02-02,Pune,26-35,Instagram
C02090,2025-07-26,Mumbai,36-45,Organic
C02091,2025-06-23,Mumbai,18-25,Organic
C02092,2025-11-27,Kolkata,46-55,Organic
C02093,2025-11-05,Hyderabad,36-45,Facebook
C02094,2026-01-18,Delhi,18-25,Google
C02095,2025-08-30,Kolkata,46-55,Referral
C02096,2025-04-13,Mumbai,36-45,Facebook
C02097,2024-09-22,Bangalore,26-35,Organic
C02098,2025-02-22,Hyderabad,26-35,Organic
C02099,2025-09-24,Bangalore,46-55,Facebook
C02100,2024-12-09,Delhi,56+,Google
C02101,2025-09-02,Chennai,26-35,Instagram
C02102,2024-09-24,Bangalore,36-45,Instagram
C02103,2024-08-08,Chennai,46-55,YouTube
C02104,2025-02-19,Ahmedabad,56+,YouTube
C02105,2024-11-24,Hyderabad,18-25,Google
C02106,2026-01-09,Pune,26-35,Referral
C02107,2025-02-27,Pune,46-55,Organic
C02108,2025-03-25,Ahmedabad,18-25,Instagram
C02109,2025-03-15,Mumbai,26-35,YouTube
C02110,2025-01-19,Bangalore,26-35,Referral
C02111,2026-02-07,Hyderabad,26-35,YouTube
C02112,2025-10-16,Hyderabad,36-45,Organic
C02113,2024-10-10,Bangalore,18-25,Google
C02114,2024-11-15,Pune,36-45,Organic
C02115,2024-08-21,Bangalore,26-35,Organic
C02116,2024-12-11,Ahmedabad,36-45,Google
C02117,2025-08-24,Delhi,26-35,Google
C02118,2026-02-19,Bangalore,18-25,YouTube
C02119,2025-05-04,Bangalore,56+,Organic
C02120,2024-08-22,Delhi,36-45,Organic
C02121,2024-07-31,Delhi,26-35,Google
C02122,2025-03-22,Bangalore,18-25,Organic
C02123,2024-12-17,Delhi,26-35,Organic
C02124,2025-07-04,Delhi,56+,Google
C02125,2024-09-14,Mumbai,26-35,Google
C02126,2024-11-25,Mumbai,46-55,Referral
C02127,2025-06-21,Delhi,26-35,Organic
C02128,2024-12-27,Delhi,36-45,Google
C02129,2025-02-19,Bangalore,26-35,YouTube
C02130,2024-11-19,Bangalore,18-25,Google
C02131,2024-08-02,Delhi,46-55,YouTube
C02132,2025-02-06,Chennai,18-25,Instagram
C02133,2025-01-27,Ahmedabad,46-55,Organic
C02134,2026-01-26,Ahmedabad,18-25,Referral
C02135,2026-01-22,Hyderabad,18-25,Organic
C02136,2025-04-02,Hyderabad,46-55,Facebook
C02137,2025-01-01,Delhi,36-45,Instagram
C02138,2025-03-24,Chennai,18-25,Instagram
C02139,2025-07-24,Chennai,26-35,Instagram
C02140,2025-03-05,Kolkata,18-25,Referral
C02141,2025-10-27,Kolkata,46-55,YouTube
C02142,2026-03-09,Mumbai,18-25,Instagram
C02143,2025-03-15,Chennai,26-35,Organic
C02144,2024-09-13,Chennai,18-25,Referral
C02145,2024-09-16,Delhi,36-45,Facebook
C02146,2026-01-09,Ahmedabad,46-55,Google
C02147,2025-03-23,Bangalore,36-45,Facebook
C02148,2025-01-26,Ahmedabad,26-35,Referral
C02149,2025-07-31,Chennai,18-25,Facebook
C02150,2026-03-04,Bangalore,18-25,Organic
C02151,2025-03-29,Pune,46-55,Google
C02152,2025-01-18,Bangalore,18-25,YouTube
C02153,2026-01-03,Chennai,26-35,Referral
C02154,2024-08-22,Chennai,26-35,Google
C02155,2025-12-22,Hyderabad,56+,Referral
C02156,2025-05-29,Kolkata,26-35,YouTube
C02157,2024-07-13,Bangalore,26-35,Organic
C02158,2024-11-23,Delhi,46-55,Instagram
C02159,2025-09-08,Mumbai,56+,YouTube
C02160,2025-10-25,Bangalore,26-35,Referral
C02161,2024-11-03,Mumbai,36-45,Instagram
C02162,2025-08-25,Delhi,26-35,Instagram
C02163,2026-03-25,Mumbai,26-35,Instagram
C02164,2025-09-12,Mumbai,18-25,Organic
C02165,2025-09-22,Kolkata,36-45,Google
C02166,2024-11-01,Delhi,36-45,Instagram
C02167,2025-08-12,Kolkata,18-25,Google
C02168,2025-09-26,Mumbai,18-25,YouTube
C02169,2024-09-09,Delhi,36-45,Organic
C02170,2025-01-15,Hyderabad,18-25,Referral
C02171,2026-01-15,Mumbai,36-45,Organic
C02172,2026-03-31,Delhi,36-45,Instagram
C02173,2024-10-19,Hyderabad,26-35,YouTube
C02174,2025-10-11,Bangalore,18-25,Instagram
C02175,2025-05-17,Mumbai,26-35,Instagram
C02176,2025-07-13,Hyderabad,26-35,Google
C02177,2025-05-23,Mumbai,26-35,Instagram
C02178,2026-01-06,Kolkata,36-45,Instagram
C02179,2025-04-11,Delhi,46-55,Organic
C02180,2025-07-12,Ahmedabad,18-25,Google
C02181,2025-09-01,Chennai,36-45,Instagram
C02182,2025-06-19,Ahmedabad,26-35,Organic
C02183,2026-01-14,Kolkata,36-45,Organic
C02184,2024-11-29,Bangalore,18-25,Facebook
C02185,2026-02-26,Hyderabad,26-35,Instagram
C02186,2025-09-07,Bangalore,26-35,YouTube
C02187,2026-03-06,Chennai,26-35,Organic
C02188,2025-02-25,Hyderabad,56+,Referral
C02189,2025-05-02,Delhi,18-25,Google
C02190,2024-07-28,Ahmedabad,18-25,Referral
C02191,2026-02-11,Bangalore,36-45,Google
C02192,2025-12-04,Hyderabad,26-35,Organic
C02193,2025-01-06,Chennai,18-25,Organic
C02194,2024-08-03,Bangalore,26-35,Google
C02195,2025-09-19,Hyderabad,18-25,Google
C02196,2025-09-03,Chennai,46-55,Facebook
C02197,2025-06-03,Bangalore,26-35,Referral
C02198,2024-10-09,Hyderabad,18-25,Referral
C02199,2026-02-07,Delhi,26-35,Facebook
C02200,2025-04-03,Pune,46-55,Google
C02201,2025-10-06,Bangalore,46-55,Organic
C02202,2025-12-31,Ahmedabad,18-25,Organic
C02203,2025-06-16,Kolkata,36-45,Google
C02204,2024-08-30,Delhi,18-25,Google
C02205,2026-01-19,Delhi,18-25,Facebook
C02206,2025-08-31,Hyderabad,46-55,Instagram
C02207,2026-01-23,Pune,46-55,Instagram
C02208,2025-07-27,Mumbai,18-25,Referral
C02209,2026-01-31,Bangalore,46-55,YouTube
C02210,2026-01-06,Bangalore,36-45,Referral
C02211,2024-11-15,Ahmedabad,36-45,Google
C02212,2024-10-19,Mumbai,36-45,Referral
C02213,2024-10-11,Kolkata,26-35,Referral
C02214,2025-11-24,Hyderabad,46-55,Organic
C02215,2024-12-01,Ahmedabad,18-25,YouTube
C02216,2025-04-14,Bangalore,26-35,Google
C02217,2025-11-16,Bangalore,26-35,Organic
C02218,2025-03-31,Ahmedabad,36-45,Organic
C02219,2024-08-09,Ahmedabad,18-25,Organic
C02220,2025-02-17,Delhi,26-35,Organic
C02221,2024-08-30,Mumbai,36-45,Instagram
C02222,2025-03-04,Mumbai,26-35,Organic
C02223,2025-10-14,Mumbai,18-25,Organic
C02224,2025-05-29,Delhi,18-25,Organic
C02225,2025-09-05,Kolkata,36-45,Google
C02226,2024-09-07,Delhi,26-35,Instagram
C02227,2025-10-23,Pune,26-35,Google
C02228,2025-03-29,Bangalore,26-35,Google
C02229,2024-12-31,Bangalore,46-55,Instagram
C02230,2025-08-21,Pune,36-45,Google
C02231,2024-09-25,Delhi,18-25,Instagram
C02232,2025-05-15,Pune,46-55,Google
C02233,2025-03-27,Bangalore,46-55,Facebook
C02234,2024-10-14,Ahmedabad,36-45,Referral
C02235,2026-03-01,Chennai,26-35,Google
C02236,2025-02-17,Kolkata,18-25,Organic
C02237,2024-07-27,Bangalore,36-45,Referral
C02238,2025-04-10,Delhi,26-35,Instagram
C02239,2026-03-10,Mumbai,26-35,Referral
C02240,2025-09-01,Hyderabad,18-25,Google
C02241,2025-08-11,Delhi,18-25,Organic
C02242,2026-01-27,Bangalore,26-35,Instagram
C02243,2024-08-23,Mumbai,18-25,Referral
C02244,2025-06-17,Delhi,36-45,Google
C02245,2025-01-22,Mumbai,36-45,Google
C02246,2025-09-06,Delhi,26-35,Organic
C02247,2025-12-27,Delhi,18-25,Google
C02248,2024-08-19,Pune,18-25,Referral
C02249,2024-10-10,Mumbai,26-35,Instagram
C02250,2026-03-02,Mumbai,36-45,Organic
C02251,2025-05-11,Hyderabad,26-35,Referral
C02252,2025-01-18,Chennai,46-55,YouTube
C02253,2024-10-06,Mumbai,56+,Referral
C02254,2025-02-12,Hyderabad,18-25,Facebook
C02255,2024-07-04,Ahmedabad,36-45,Google
C02256,2024-11-20,Hyderabad,26-35,Organic
C02257,2024-10-25,Kolkata,26-35,Referral
C02258,2024-08-24,Chennai,26-35,Google
C02259,2026-03-12,Bangalore,26-35,Organic
C02260,2025-11-17,Mumbai,36-45,Facebook
C02261,2026-02-21,Pune,26-35,Organic
C02262,2024-12-01,Ahmedabad,26-35,Google
C02263,2025-01-01,Mumbai,18-25,Referral
C02264,2024-12-28,Bangalore,26-35,Google
C02265,2025-06-22,Hyderabad,36-45,Organic
C02266,2024-10-25,Bangalore,26-35,Google
C02267,2024-11-28,Chennai,18-25,Google
C02268,2026-03-15,Hyderabad,26-35,Instagram
C02269,2025-02-11,Chennai,36-45,Facebook
C02270,2025-11-12,Kolkata,36-45,Instagram
C02271,2024-11-24,Pune,18-25,Google
C02272,2026-02-15,Pune,26-35,Google
C02273,2025-09-17,Chennai,26-35,Referral
C02274,2026-01-02,Kolkata,36-45,Google
C02275,2025-05-26,Kolkata,18-25,Organic
C02276,2026-01-31,Bangalore,26-35,Google
C02277,2025-02-17,Hyderabad,46-55,Google
C02278,2025-05-03,Delhi,26-35,Google
C02279,2024-08-09,Kolkata,26-35,Google
C02280,2024-10-17,Pune,18-25,Organic
C02281,2025-11-05,Mumbai,18-25,Google
C02282,2025-01-25,Delhi,46-55,Organic
C02283,2024-09-04,Delhi,56+,Referral
C02284,2025-01-03,Pune,18-25,Google
C02285,2025-02-11,Delhi,46-55,Google
C02286,2025-10-02,Bangalore,18-25,Referral
C02287,2024-08-27,Kolkata,26-35,Google
C02288,2024-07-17,Chennai,36-45,Referral
C02289,2025-10-06,Delhi,26-35,YouTube
C02290,2024-09-29,Delhi,26-35,Instagram
C02291,2025-03-26,Ahmedabad,26-35,Google
C02292,2025-09-10,Pune,18-25,Referral
C02293,2025-05-25,Pune,56+,Google
C02294,2024-09-17,Delhi,18-25,Referral
C02295,2025-10-05,Delhi,18-25,Referral
C02296,2024-07-31,Bangalore,46-55,Organic
C02297,2024-11-26,Chennai,26-35,Organic
C02298,2024-09-08,Bangalore,26-35,Instagram
C02299,2025-05-24,Bangalore,18-25,Referral
C02300,2025-09-15,Chennai,18-25,Organic
C02301,2025-08-20,Ahmedabad,18-25,Referral
C02302,2024-09-28,Chennai,26-35,Organic
C02303,2025-02-05,Mumbai,26-35,Organic
C02304,2024-10-02,Hyderabad,26-35,Referral
C02305,2025-02-04,Mumbai,46-55,Instagram
C02306,2024-11-25,Delhi,46-55,Organic
C02307,2025-10-17,Hyderabad,26-35,Referral
C02308,2025-10-23,Mumbai,56+,Instagram
C02309,2025-12-05,Hyderabad,46-55,Google
C02310,2024-11-06,Kolkata,46-55,Instagram
C02311,2024-07-09,Ahmedabad,36-45,Organic
C02312,2024-07-23,Bangalore,18-25,Instagram
C02313,2025-12-21,Mumbai,18-25,YouTube
C02314,2026-01-30,Delhi,46-55,Facebook
C02315,2024-11-13,Mumbai,26-35,Facebook
C02316,2026-01-11,Delhi,46-55,Google
C02317,2025-06-04,Bangalore,36-45,Referral
C02318,2024-10-27,Chennai,18-25,Facebook
C02319,2025-01-16,Hyderabad,26-35,Organic
C02320,2024-12-17,Ahmedabad,56+,Google
C02321,2025-10-31,Bangalore,18-25,YouTube
C02322,2024-10-29,Bangalore,36-45,Organic
C02323,2024-10-25,Mumbai,56+,Organic
C02324,2025-10-03,Bangalore,18-25,Facebook
C02325,2025-01-10,Delhi,18-25,Facebook
C02326,2024-12-07,Ahmedabad,26-35,Referral
C02327,2025-11-29,Delhi,46-55,Instagram
C02328,2026-02-16,Delhi,26-35,Organic
C02329,2025-06-20,Hyderabad,18-25,Organic
C02330,2025-12-11,Hyderabad,18-25,Organic
C02331,2025-12-20,Hyderabad,26-35,Referral
C02332,2025-07-11,Mumbai,26-35,Organic
C02333,2025-12-13,Kolkata,18-25,Referral
C02334,2024-07-06,Bangalore,46-55,Facebook
C02335,2024-07-23,Mumbai,18-25,YouTube
C02336,2026-01-16,Pune,36-45,Google
C02337,2024-09-28,Kolkata,46-55,Organic
C02338,2025-10-09,Mumbai,26-35,Referral
C02339,2025-03-26,Hyderabad,26-35,Referral
C02340,2025-11-16,Bangalore,18-25,Instagram
C02341,2025-08-30,Bangalore,26-35,Organic
C02342,2024-08-15,Bangalore,26-35,Organic
C02343,2025-02-01,Chennai,18-25,Referral
C02344,2025-09-26,Delhi,26-35,Facebook
C02345,2026-02-09,Chennai,18-25,Facebook
C02346,2025-11-27,Bangalore,18-25,YouTube
C02347,2026-01-21,Kolkata,36-45,Facebook
C02348,2026-03-04,Kolkata,26-35,Referral
C02349,2026-01-23,Bangalore,18-25,Facebook
C02350,2025-07-06,Bangalore,18-25,Facebook
C02351,2025-01-31,Bangalore,18-25,Organic
C02352,2025-05-21,Kolkata,26-35,Instagram
C02353,2025-11-21,Delhi,26-35,Instagram
C02354,2025-03-29,Hyderabad,18-25,Referral
C02355,2025-12-13,Mumbai,26-35,Organic
C02356,2025-09-22,Chennai,56+,Referral
C02357,2024-11-11,Hyderabad,26-35,YouTube
C02358,2026-02-09,Hyderabad,26-35,Organic
C02359,2025-12-23,Ahmedabad,26-35,Google
C02360,2025-07-19,Bangalore,46-55,Instagram
C02361,2024-11-02,Kolkata,46-55,Organic
C02362,2024-11-23,Bangalore,18-25,Google
C02363,2025-12-19,Mumbai,18-25,Facebook
C02364,2024-07-12,Kolkata,18-25,YouTube
C02365,2025-05-06,Pune,36-45,Referral
C02366,2025-07-31,Pune,18-25,Organic
C02367,2024-11-26,Delhi,46-55,YouTube
C02368,2026-01-04,Mumbai,18-25,YouTube
C02369,2025-05-30,Mumbai,26-35,Referral
C02370,2024-08-12,Hyderabad,18-25,Facebook
C02371,2025-01-21,Mumbai,26-35,Referral
C02372,2025-03-12,Delhi,26-35,Instagram
C02373,2024-11-20,Delhi,36-45,Referral
C02374,2026-02-21,Delhi,26-35,Organic
C02375,2025-02-16,Mumbai,26-35,Facebook
C02376,2025-05-17,Bangalore,36-45,Instagram
C02377,2025-06-08,Kolkata,46-55,Referral
C02378,2024-11-19,Hyderabad,36-45,Organic
C02379,2025-06-28,Bangalore,36-45,YouTube
C02380,2025-02-11,Pune,26-35,Organic
C02381,2024-07-07,Kolkata,46-55,Google
C02382,2025-03-18,Delhi,26-35,YouTube
C02383,2025-07-09,Bangalore,46-55,Organic
C02384,2024-09-13,Bangalore,36-45,Facebook
C02385,2025-11-11,Bangalore,18-25,YouTube
C02386,2025-08-27,Chennai,18-25,Instagram
C02387,2025-01-15,Ahmedabad,36-45,Facebook
C02388,2025-07-14,Bangalore,36-45,Referral
C02389,2025-01-11,Chennai,26-35,Facebook
C02390,2025-08-18,Bangalore,56+,Google
C02391,2024-10-07,Hyderabad,26-35,YouTube
C02392,2025-07-26,Chennai,26-35,Google
C02393,2024-08-05,Mumbai,26-35,Instagram
C02394,2024-07-11,Bangalore,18-25,Facebook
C02395,2024-12-10,Hyderabad,26-35,Google
C02396,2024-10-20,Ahmedabad,46-55,Instagram
C02397,2025-05-10,Delhi,18-25,YouTube
C02398,2024-10-14,Delhi,46-55,Referral
C02399,2024-12-04,Bangalore,36-45,Organic
C02400,2024-09-01,Hyderabad,18-25,Facebook
C02401,2026-01-18,Hyderabad,46-55,Referral
C02402,2025-10-13,Chennai,36-45,Instagram
C02403,2024-11-17,Chennai,26-35,Organic
C02404,2024-09-15,Kolkata,18-25,Organic
C02405,2025-12-26,Chennai,26-35,Google
C02406,2025-08-31,Delhi,26-35,Referral
C02407,2026-01-18,Hyderabad,18-25,Google
C02408,2024-10-22,Delhi,26-35,Instagram
C02409,2025-02-15,Delhi,46-55,Google
C02410,2024-09-14,Ahmedabad,36-45,Facebook
C02411,2025-03-28,Pune,36-45,Google
C02412,2024-10-12,Ahmedabad,56+,Google
C02413,2024-07-03,Mumbai,18-25,Facebook
C02414,2025-05-21,Hyderabad,18-25,Google
C02415,2026-03-18,Hyderabad,36-45,Facebook
C02416,2025-08-17,Bangalore,26-35,YouTube
C02417,2025-10-27,Delhi,18-25,Referral
C02418,2025-12-01,Hyderabad,36-45,Google
C02419,2026-03-14,Bangalore,18-25,Instagram
C02420,2024-09-21,Ahmedabad,26-35,Google
C02421,2024-12-08,Bangalore,26-35,Google
C02422,2025-07-29,Delhi,26-35,Referral
C02423,2025-12-07,Chennai,26-35,Google
C02424,2025-11-07,Bangalore,18-25,YouTube
C02425,2025-10-08,Kolkata,46-55,Google
C02426,2025-01-16,Chennai,46-55,Referral
C02427,2025-02-19,Bangalore,26-35,Instagram
C02428,2024-08-20,Pune,18-25,Google
C02429,2025-01-17,Pune,26-35,Organic
C02430,2024-10-08,Chennai,26-35,Organic
C02431,2026-02-20,Kolkata,18-25,Google
C02432,2024-08-28,Pune,18-25,Organic
C02433,2025-02-18,Hyderabad,18-25,Referral
C02434,2026-01-18,Delhi,26-35,Facebook
C02435,2026-03-03,Pune,26-35,Google
C02436,2025-02-26,Ahmedabad,36-45,Organic
C02437,2025-04-24,Hyderabad,26-35,Google
C02438,2025-05-31,Pune,26-35,Referral
C02439,2025-12-08,Mumbai,18-25,Referral
C02440,2025-11-04,Chennai,46-55,Instagram
C02441,2025-05-31,Ahmedabad,18-25,Organic
C02442,2025-02-23,Bangalore,18-25,Organic
C02443,2025-02-23,Delhi,26-35,Instagram
C02444,2025-08-19,Hyderabad,36-45,Facebook
C02445,2025-12-16,Hyderabad,36-45,Instagram
C02446,2024-08-18,Hyderabad,26-35,Facebook
C02447,2025-11-04,Bangalore,26-35,Referral
C02448,2025-05-04,Mumbai,26-35,Google
C02449,2024-10-01,Hyderabad,26-35,Instagram
C02450,2024-08-31,Hyderabad,26-35,Organic
C02451,2025-02-01,Pune,26-35,Organic
C02452,2024-12-06,Chennai,18-25,Organic
C02453,2024-09-05,Pune,46-55,Referral
C02454,2025-01-04,Chennai,18-25,Instagram
C02455,2025-12-15,Pune,18-25,Organic
C02456,2025-10-02,Hyderabad,46-55,YouTube
C02457,2024-11-11,Hyderabad,36-45,Google
C02458,2025-09-04,Bangalore,26-35,YouTube
C02459,2025-04-15,Delhi,36-45,Organic
C02460,2025-10-21,Hyderabad,18-25,Referral
C02461,2024-12-06,Kolkata,36-45,Organic
C02462,2024-08-09,Pune,18-25,Instagram
C02463,2025-01-16,Bangalore,56+,Instagram
C02464,2026-03-28,Hyderabad,18-25,Organic
C02465,2025-06-21,Delhi,26-35,Facebook
C02466,2024-08-04,Chennai,26-35,Referral
C02467,2026-03-16,Kolkata,18-25,Instagram
C02468,2025-12-10,Hyderabad,26-35,Instagram
C02469,2025-06-13,Hyderabad,36-45,Referral
C02470,2025-10-17,Delhi,18-25,Organic
C02471,2024-10-27,Mumbai,56+,Instagram
C02472,2025-07-14,Kolkata,26-35,Instagram
C02473,2026-02-04,Chennai,26-35,Organic
C02474,2025-04-07,Hyderabad,26-35,Instagram
C02475,2024-07-25,Mumbai,26-35,Referral
C02476,2025-10-27,Bangalore,36-45,Organic
C02477,2025-10-10,Bangalore,36-45,Instagram
C02478,2025-10-16,Delhi,26-35,Referral
C02479,2025-08-19,Mumbai,26-35,Instagram
C02480,2024-09-26,Ahmedabad,26-35,Google
C02481,2024-09-12,Hyderabad,26-35,Facebook
C02482,2025-11-19,Delhi,18-25,Organic
C02483,2025-12-29,Bangalore,18-25,Instagram
C02484,2024-08-20,Delhi,26-35,Instagram
C02485,2025-07-07,Chennai,46-55,Google
C02486,2025-05-16,Mumbai,18-25,Facebook
C02487,2025-02-09,Chennai,26-35,Organic
C02488,2025-08-17,Chennai,18-25,Organic
C02489,2026-02-05,Bangalore,26-35,Instagram
C02490,2025-12-08,Hyderabad,36-45,Facebook
C02491,2024-10-06,Ahmedabad,36-45,YouTube
C02492,2025-04-22,Mumbai,36-45,Google
C02493,2026-02-18,Bangalore,36-45,Google
C02494,2024-11-29,Ahmedabad,18-25,Referral
C02495,2025-12-28,Kolkata,26-35,Organic
C02496,2025-05-10,Hyderabad,18-25,Google
C02497,2025-05-30,Hyderabad,46-55,Google
C02498,2024-12-07,Delhi,36-45,Organic
C02499,2026-02-08,Chennai,18-25,Organic
C02500,2025-06-03,Hyderabad,18-25,Referral
C02501,2025-07-03,Bangalore,26-35,Referral
C02502,2025-04-22,Pune,56+,Instagram
C02503,2024-08-27,Ahmedabad,18-25,Referral
C02504,2025-11-11,Kolkata,26-35,YouTube
C02505,2025-01-26,Delhi,26-35,Organic
C02506,2024-12-01,Bangalore,36-45,Facebook
C02507,2025-11-12,Ahmedabad,36-45,Organic
C02508,2024-11-05,Ahmedabad,18-25,Organic
C02509,2025-09-10,Hyderabad,36-45,Referral
C02510,2025-04-30,Pune,18-25,Instagram
C02511,2025-11-24,Mumbai,36-45,Facebook
C02512,2024-08-02,Mumbai,18-25,Organic
C02513,2025-11-07,Bangalore,26-35,Facebook
C02514,2024-11-24,Bangalore,26-35,Organic
C02515,2026-01-08,Delhi,26-35,Referral
C02516,2025-02-12,Kolkata,18-25,Instagram
C02517,2024-07-05,Bangalore,26-35,Google
C02518,2025-05-08,Delhi,18-25,Organic
C02519,2024-08-04,Hyderabad,26-35,Facebook
C02520,2024-12-20,Delhi,36-45,YouTube
C02521,2025-10-01,Bangalore,26-35,Referral
C02522,2025-06-24,Hyderabad,26-35,Referral
C02523,2025-09-26,Mumbai,26-35,Instagram
C02524,2026-01-13,Pune,26-35,Google
C02525,2025-04-26,Ahmedabad,46-55,Facebook
C02526,2025-06-13,Bangalore,26-35,Organic
C02527,2024-08-07,Ahmedabad,46-55,Referral
C02528,2024-12-31,Kolkata,46-55,YouTube
C02529,2025-10-06,Kolkata,26-35,Instagram
C02530,2024-08-09,Pune,26-35,Facebook
C02531,2025-02-15,Pune,36-45,Organic
C02532,2024-09-26,Pune,36-45,Instagram
C02533,2025-12-30,Pune,18-25,Organic
C02534,2025-06-24,Bangalore,18-25,Instagram
C02535,2025-08-16,Ahmedabad,18-25,Organic
C02536,2025-09-10,Hyderabad,36-45,Google
C02537,2024-11-21,Chennai,36-45,Google
C02538,2024-08-01,Mumbai,18-25,Organic
C02539,2025-03-12,Bangalore,26-35,Referral
C02540,2024-10-27,Hyderabad,36-45,Instagram
C02541,2025-01-22,Hyderabad,46-55,YouTube
C02542,2025-01-20,Mumbai,18-25,Google
C02543,2025-11-12,Delhi,26-35,Organic
C02544,2025-01-21,Delhi,26-35,Organic
C02545,2024-10-05,Hyderabad,26-35,Instagram
C02546,2026-03-05,Mumbai,18-25,Facebook
C02547,2024-08-01,Ahmedabad,18-25,Referral
C02548,2024-11-08,Bangalore,36-45,Google
C02549,2025-02-07,Delhi,26-35,Referral
C02550,2024-08-09,Delhi,18-25,Organic
C02551,2026-01-26,Hyderabad,26-35,Instagram
C02552,2025-02-11,Hyderabad,18-25,Google
C02553,2025-11-12,Pune,26-35,Referral
C02554,2024-09-24,Ahmedabad,26-35,Organic
C02555,2025-05-30,Delhi,18-25,Google
C02556,2024-09-19,Pune,18-25,Google
C02557,2024-11-26,Bangalore,46-55,Google
C02558,2025-03-18,Delhi,46-55,Google
C02559,2026-01-03,Mumbai,18-25,Organic
C02560,2025-01-12,Bangalore,36-45,Google
C02561,2025-10-26,Pune,18-25,Google
C02562,2024-08-28,Pune,36-45,Google
C02563,2024-12-08,Chennai,46-55,Organic
C02564,2025-07-22,Hyderabad,26-35,Referral
C02565,2025-04-26,Hyderabad,26-35,Google
C02566,2025-05-17,Mumbai,26-35,Organic
C02567,2025-09-07,Bangalore,18-25,Organic
C02568,2024-08-19,Bangalore,26-35,Instagram
C02569,2025-09-18,Pune,18-25,Google
C02570,2026-01-03,Ahmedabad,36-45,Google
C02571,2025-11-02,Bangalore,26-35,YouTube
C02572,2024-12-29,Hyderabad,18-25,Google
C02573,2025-02-10,Chennai,26-35,Google
C02574,2026-03-07,Kolkata,36-45,Referral
C02575,2025-11-17,Hyderabad,26-35,Referral
C02576,2026-02-16,Pune,26-35,YouTube
C02577,2026-02-04,Pune,46-55,Google
C02578,2025-04-04,Kolkata,18-25,Google
C02579,2024-09-21,Bangalore,26-35,Organic
C02580,2024-11-24,Ahmedabad,26-35,Organic
C02581,2025-01-04,Bangalore,18-25,Facebook
C02582,2025-12-16,Kolkata,56+,Organic
C02583,2024-12-24,Bangalore,26-35,Referral
C02584,2025-02-16,Delhi,26-35,Instagram
C02585,2025-12-26,Bangalore,18-25,Facebook
C02586,2024-10-13,Mumbai,56+,Organic
C02587,2025-08-29,Delhi,46-55,Instagram
C02588,2025-06-18,Bangalore,18-25,Referral
C02589,2026-03-22,Mumbai,26-35,Referral
C02590,2025-05-09,Mumbai,18-25,Google
C02591,2025-05-30,Chennai,36-45,Organic
C02592,2025-12-26,Kolkata,26-35,Organic
C02593,2026-03-26,Pune,18-25,Google
C02594,2025-10-10,Bangalore,26-35,Facebook
C02595,2025-09-20,Delhi,46-55,Facebook
C02596,2026-01-11,Ahmedabad,26-35,Google
C02597,2026-03-19,Bangalore,18-25,Referral
C02598,2025-10-13,Mumbai,46-55,Facebook
C02599,2025-01-03,Ahmedabad,18-25,Google
C02600,2025-08-15,Ahmedabad,26-35,Facebook
C02601,2024-11-28,Mumbai,26-35,Google
C02602,2025-05-16,Pune,18-25,Organic
C02603,2025-04-11,Mumbai,18-25,Organic
C02604,2026-03-24,Chennai,18-25,Google
C02605,2025-06-20,Bangalore,18-25,Organic
C02606,2026-03-05,Bangalore,26-35,Instagram
C02607,2025-11-29,Pune,46-55,Google
C02608,2025-12-25,Delhi,18-25,Google
C02609,2024-10-17,Pune,36-45,Instagram
C02610,2025-11-08,Mumbai,26-35,Instagram
C02611,2024-12-08,Kolkata,18-25,Google
C02612,2025-07-05,Chennai,26-35,Google
C02613,2025-05-07,Hyderabad,18-25,Instagram
C02614,2024-12-13,Chennai,26-35,Instagram
C02615,2026-03-22,Delhi,26-35,YouTube
C02616,2026-01-11,Hyderabad,36-45,Instagram
C02617,2025-07-02,Delhi,46-55,Organic
C02618,2024-07-07,Kolkata,18-25,Instagram
C02619,2024-10-26,Kolkata,46-55,Instagram
C02620,2024-11-23,Kolkata,18-25,Referral
C02621,2026-03-14,Kolkata,18-25,Google
C02622,2025-03-15,Ahmedabad,18-25,Referral
C02623,2024-07-30,Delhi,36-45,Organic
C02624,2025-07-10,Ahmedabad,36-45,Google
C02625,2026-02-28,Hyderabad,56+,Google
C02626,2025-06-24,Mumbai,36-45,YouTube
C02627,2025-04-10,Hyderabad,26-35,Instagram
C02628,2024-10-21,Mumbai,46-55,YouTube
C02629,2026-01-13,Delhi,56+,Organic
C02630,2024-09-05,Delhi,36-45,Google
C02631,2026-02-17,Bangalore,26-35,Google
C02632,2024-11-20,Hyderabad,36-45,Google
C02633,2024-09-27,Kolkata,18-25,Organic
C02634,2025-02-08,Pune,46-55,Facebook
C02635,2024-07-04,Hyderabad,56+,Google
C02636,2024-07-09,Mumbai,36-45,Facebook
C02637,2024-10-28,Mumbai,18-25,Google
C02638,2025-09-16,Delhi,18-25,Instagram
C02639,2025-12-03,Kolkata,56+,Referral
C02640,2024-12-06,Delhi,46-55,Facebook
C02641,2025-08-16,Pune,36-45,Referral
C02642,2025-02-10,Chennai,46-55,YouTube
C02643,2025-04-03,Hyderabad,26-35,Referral
C02644,2025-01-31,Kolkata,46-55,YouTube
C02645,2026-01-21,Delhi,18-25,YouTube
C02646,2025-05-24,Kolkata,18-25,Organic
C02647,2025-05-20,Chennai,26-35,Organic
C02648,2026-01-01,Chennai,26-35,Referral
C02649,2025-08-24,Pune,26-35,Facebook
C02650,2024-10-04,Kolkata,36-45,Referral
C02651,2024-10-29,Ahmedabad,18-25,Google
C02652,2025-02-03,Mumbai,36-45,YouTube
C02653,2024-09-01,Chennai,18-25,Organic
C02654,2025-09-16,Chennai,46-55,Referral
C02655,2025-05-13,Mumbai,18-25,Organic
C02656,2024-07-29,Ahmedabad,36-45,Google
C02657,2025-03-13,Mumbai,26-35,Referral
C02658,2025-12-13,Hyderabad,26-35,Google
C02659,2026-01-31,Bangalore,18-25,YouTube
C02660,2026-03-07,Delhi,18-25,Organic
C02661,2026-02-10,Kolkata,26-35,YouTube
C02662,2025-07-24,Mumbai,18-25,Google
C02663,2026-02-13,Mumbai,18-25,Facebook
C02664,2026-03-04,Delhi,36-45,Google
C02665,2025-08-10,Hyderabad,18-25,Google
C02666,2025-03-21,Chennai,18-25,Facebook
C02667,2026-03-10,Kolkata,26-35,Organic
C02668,2025-03-23,Bangalore,26-35,Facebook
C02669,2024-10-15,Hyderabad,26-35,Organic
C02670,2024-09-06,Mumbai,36-45,Google
C02671,2025-06-28,Pune,26-35,Google
C02672,2024-07-23,Mumbai,26-35,YouTube
C02673,2024-09-14,Mumbai,26-35,Referral
C02674,2024-12-04,Mumbai,18-25,Organic
C02675,2025-06-04,Hyderabad,36-45,Instagram
C02676,2025-05-02,Hyderabad,26-35,Google
C02677,2025-05-23,Mumbai,46-55,YouTube
C02678,2025-05-21,Chennai,26-35,Facebook
C02679,2026-03-28,Chennai,26-35,Google
C02680,2024-11-17,Mumbai,26-35,Instagram
C02681,2025-04-29,Chennai,46-55,Instagram
C02682,2025-07-27,Kolkata,26-35,Instagram
C02683,2024-12-23,Bangalore,26-35,YouTube
C02684,2024-10-24,Hyderabad,46-55,Referral
C02685,2024-07-30,Delhi,26-35,Google
C02686,2025-01-25,Chennai,26-35,Organic
C02687,2024-12-10,Delhi,18-25,YouTube
C02688,2024-11-03,Pune,18-25,Google
C02689,2024-12-21,Delhi,36-45,Facebook
C02690,2025-09-19,Hyderabad,18-25,Referral
C02691,2025-12-11,Ahmedabad,18-25,Google
C02692,2025-05-27,Mumbai,18-25,Facebook
C02693,2024-08-12,Kolkata,56+,Instagram
C02694,2025-10-14,Ahmedabad,26-35,Facebook
C02695,2024-10-06,Kolkata,26-35,Organic
C02696,2024-08-06,Bangalore,46-55,Facebook
C02697,2025-06-29,Chennai,26-35,Instagram
C02698,2025-03-29,Bangalore,36-45,Google
C02699,2025-01-16,Mumbai,36-45,YouTube
C02700,2026-03-10,Kolkata,26-35,YouTube
C02701,2024-08-28,Pune,36-45,YouTube
C02702,2024-08-04,Hyderabad,56+,Google
C02703,2025-07-11,Mumbai,18-25,Organic
C02704,2025-03-25,Chennai,18-25,Google
C02705,2025-11-25,Pune,36-45,Google
C02706,2024-07-26,Mumbai,26-35,Referral
C02707,2025-03-25,Kolkata,26-35,Organic
C02708,2024-10-02,Delhi,18-25,Referral
C02709,2024-07-27,Bangalore,46-55,Google
C02710,2025-04-22,Pune,36-45,YouTube
C02711,2025-10-13,Ahmedabad,56+,Facebook
C02712,2024-10-09,Delhi,26-35,Google
C02713,2025-12-21,Delhi,56+,YouTube
C02714,2025-05-28,Bangalore,26-35,YouTube
C02715,2025-05-04,Kolkata,26-35,Google
C02716,2026-02-10,Delhi,36-45,Organic
C02717,2025-01-27,Hyderabad,26-35,Facebook
C02718,2024-11-06,Ahmedabad,26-35,Organic
C02719,2025-11-15,Bangalore,18-25,Instagram
C02720,2024-09-07,Hyderabad,26-35,Organic
C02721,2026-01-09,Hyderabad,36-45,Organic
C02722,2025-12-10,Chennai,18-25,Organic
C02723,2026-03-17,Mumbai,36-45,Instagram
C02724,2025-04-21,Mumbai,26-35,Instagram
C02725,2025-08-02,Bangalore,18-25,YouTube
C02726,2026-01-15,Chennai,36-45,Referral
C02727,2024-09-23,Chennai,18-25,Facebook
C02728,2025-01-12,Bangalore,56+,Referral
C02729,2025-04-28,Mumbai,56+,YouTube
C02730,2025-08-05,Kolkata,26-35,Instagram
C02731,2025-09-07,Bangalore,26-35,YouTube
C02732,2026-02-10,Delhi,18-25,YouTube
C02733,2025-05-09,Hyderabad,36-45,Google
C02734,2024-10-18,Delhi,18-25,Google
C02735,2024-10-30,Delhi,46-55,Facebook
C02736,2025-11-24,Mumbai,56+,Organic
C02737,2025-04-21,Delhi,18-25,Organic
C02738,2025-08-08,Hyderabad,36-45,Referral
C02739,2025-06-25,Pune,26-35,Facebook
C02740,2025-12-02,Hyderabad,26-35,Organic
C02741,2024-11-17,Bangalore,18-25,Referral
C02742,2024-10-18,Kolkata,36-45,Referral
C02743,2025-10-12,Bangalore,18-25,Instagram
C02744,2025-04-04,Chennai,46-55,YouTube
C02745,2025-12-04,Mumbai,26-35,YouTube
C02746,2024-09-21,Chennai,26-35,Google
C02747,2024-12-21,Delhi,46-55,Google
C02748,2026-03-06,Delhi,36-45,Google
C02749,2025-12-22,Hyderabad,26-35,Instagram
C02750,2024-08-10,Bangalore,26-35,Facebook
C02751,2025-12-04,Delhi,26-35,Organic
C02752,2024-08-11,Chennai,26-35,Referral
C02753,2024-09-15,Kolkata,46-55,Instagram
C02754,2026-01-25,Bangalore,18-25,Instagram
C02755,2024-09-19,Kolkata,26-35,Organic
C02756,2025-01-09,Chennai,36-45,Google
C02757,2024-09-25,Kolkata,26-35,Google
C02758,2025-07-17,Pune,46-55,Facebook
C02759,2024-08-06,Pune,18-25,Organic
C02760,2024-12-31,Hyderabad,18-25,YouTube
C02761,2025-01-25,Pune,26-35,Instagram
C02762,2025-08-19,Ahmedabad,26-35,Google
C02763,2025-05-14,Bangalore,46-55,Facebook
C02764,2024-10-31,Delhi,26-35,YouTube
C02765,2025-04-23,Bangalore,18-25,Organic
C02766,2025-04-20,Ahmedabad,26-35,Organic
C02767,2025-02-12,Mumbai,26-35,Google
C02768,2025-06-06,Pune,26-35,Organic
C02769,2025-01-25,Kolkata,18-25,Instagram
C02770,2025-01-30,Ahmedabad,26-35,Google
C02771,2025-11-13,Bangalore,46-55,Referral
C02772,2024-12-08,Chennai,26-35,Instagram
C02773,2025-01-27,Kolkata,36-45,Google
C02774,2024-09-28,Bangalore,18-25,Instagram
C02775,2025-09-20,Chennai,36-45,Google
C02776,2025-09-25,Mumbai,18-25,YouTube
C02777,2025-09-07,Pune,26-35,Facebook
C02778,2024-10-16,Hyderabad,26-35,Instagram
C02779,2025-04-15,Delhi,18-25,Google
C02780,2025-01-03,Bangalore,26-35,YouTube
C02781,2025-11-01,Bangalore,18-25,Instagram
C02782,2025-02-01,Bangalore,46-55,Organic
C02783,2025-03-23,Pune,18-25,Instagram
C02784,2025-04-17,Mumbai,56+,Organic
C02785,2025-10-30,Delhi,26-35,Google
C02786,2025-09-22,Pune,18-25,Organic
C02787,2025-12-06,Pune,26-35,Referral
C02788,2025-03-31,Hyderabad,18-25,Instagram
C02789,2025-12-06,Ahmedabad,36-45,Google
C02790,2026-01-08,Mumbai,18-25,Referral
C02791,2025-05-31,Kolkata,46-55,Facebook
C02792,2025-09-08,Bangalore,18-25,Referral
C02793,2026-02-02,Chennai,26-35,Instagram
C02794,2025-12-18,Ahmedabad,18-25,Referral
C02795,2024-12-24,Kolkata,36-45,Google
C02796,2025-10-01,Hyderabad,26-35,YouTube
C02797,2025-04-11,Pune,46-55,YouTube
C02798,2024-10-03,Mumbai,26-35,Instagram
C02799,2025-02-23,Pune,18-25,Organic
C02800,2026-03-17,Chennai,36-45,Organic
C02801,2026-03-05,Ahmedabad,26-35,Google
C02802,2025-11-15,Hyderabad,36-45,Organic
C02803,2026-03-25,Bangalore,26-35,Referral
C02804,2025-07-01,Hyderabad,36-45,Referral
C02805,2025-10-28,Bangalore,18-25,Referral
C02806,2024-10-14,Delhi,56+,Organic
C02807,2025-01-07,Delhi,18-25,Organic
C02808,2024-10-19,Chennai,36-45,Referral
C02809,2026-02-20,Delhi,18-25,Organic
C02810,2025-07-28,Bangalore,36-45,Referral
C02811,2026-02-16,Bangalore,46-55,Organic
C02812,2025-03-23,Kolkata,46-55,Google
C02813,2025-03-15,Pune,26-35,Referral
C02814,2025-09-05,Bangalore,26-35,Referral
C02815,2025-06-28,Bangalore,36-45,Google
C02816,2025-02-23,Hyderabad,26-35,Instagram
C02817,2025-01-19,Delhi,26-35,Referral
C02818,2025-05-24,Hyderabad,18-25,Instagram
C02819,2024-08-18,Mumbai,26-35,Google
C02820,2024-10-29,Ahmedabad,26-35,Google
C02821,2024-07-28,Delhi,36-45,Organic
C02822,2024-10-08,Pune,18-25,Facebook
C02823,2024-11-04,Bangalore,26-35,YouTube
C02824,2024-08-18,Ahmedabad,46-55,Facebook
C02825,2024-08-05,Ahmedabad,26-35,Facebook
C02826,2025-12-06,Chennai,46-55,Instagram
C02827,2024-10-25,Mumbai,18-25,Google
C02828,2025-06-20,Delhi,26-35,Google
C02829,2024-09-01,Chennai,26-35,Instagram
C02830,2026-02-26,Chennai,26-35,YouTube
C02831,2024-11-30,Delhi,36-45,Facebook
C02832,2025-10-22,Mumbai,18-25,Organic
C02833,2025-08-14,Mumbai,26-35,Facebook
C02834,2025-11-04,Kolkata,18-25,Organic
C02835,2025-08-07,Pune,26-35,Referral
C02836,2025-05-22,Pune,36-45,Instagram
C02837,2025-11-06,Pune,18-25,Facebook
C02838,2025-12-04,Delhi,26-35,Organic
C02839,2025-02-28,Mumbai,26-35,Google
C02840,2026-02-22,Bangalore,36-45,Instagram
C02841,2026-03-24,Chennai,18-25,YouTube
C02842,2025-10-05,Mumbai,26-35,YouTube
C02843,2026-02-14,Mumbai,36-45,Referral
C02844,2024-09-06,Delhi,26-35,Facebook
C02845,2025-06-11,Delhi,36-45,Google
C02846,2025-08-21,Hyderabad,26-35,Facebook
C02847,2026-02-13,Delhi,46-55,Organic
C02848,2024-09-15,Bangalore,18-25,Organic
C02849,2025-11-28,Chennai,18-25,Facebook
C02850,2024-08-19,Mumbai,26-35,YouTube
C02851,2025-02-14,Mumbai,26-35,Google
C02852,2025-09-16,Mumbai,26-35,YouTube
C02853,2025-01-02,Chennai,18-25,Referral
C02854,2025-12-16,Delhi,18-25,Instagram
C02855,2026-02-15,Chennai,36-45,Organic
C02856,2024-10-10,Ahmedabad,26-35,Referral
C02857,2024-12-12,Pune,36-45,Referral
C02858,2024-08-17,Mumbai,36-45,Referral
C02859,2025-09-27,Chennai,18-25,Instagram
C02860,2026-01-18,Mumbai,36-45,Google
C02861,2025-07-20,Mumbai,46-55,Organic
C02862,2024-09-23,Hyderabad,36-45,Google
C02863,2024-10-20,Delhi,18-25,Organic
C02864,2024-07-23,Bangalore,26-35,Referral
C02865,2025-05-10,Mumbai,46-55,Google
C02866,2025-10-04,Bangalore,26-35,Google
C02867,2024-10-04,Mumbai,26-35,Google
C02868,2025-12-24,Hyderabad,18-25,YouTube
C02869,2024-12-09,Ahmedabad,36-45,Facebook
C02870,2025-05-25,Bangalore,36-45,Google
C02871,2025-08-31,Pune,46-55,Instagram
C02872,2025-06-11,Mumbai,46-55,Organic
C02873,2025-05-02,Bangalore,26-35,Referral
C02874,2025-02-01,Delhi,26-35,Referral
C02875,2025-04-01,Bangalore,18-25,Referral
C02876,2024-11-30,Delhi,18-25,Organic
C02877,2025-01-05,Delhi,18-25,Google
C02878,2025-10-26,Mumbai,46-55,Facebook
C02879,2026-01-15,Hyderabad,18-25,Referral
C02880,2025-12-25,Bangalore,26-35,Google
C02881,2025-01-28,Bangalore,26-35,Facebook
C02882,2025-01-22,Bangalore,26-35,Google
C02883,2024-08-07,Hyderabad,26-35,Instagram
C02884,2024-12-22,Delhi,18-25,Instagram
C02885,2025-07-10,Hyderabad,26-35,Organic
C02886,2024-12-19,Delhi,26-35,Referral
C02887,2025-10-12,Bangalore,36-45,Referral
C02888,2024-08-02,Ahmedabad,36-45,Instagram
C02889,2025-03-21,Bangalore,46-55,Instagram
C02890,2024-12-27,Bangalore,26-35,Google
C02891,2025-05-12,Bangalore,18-25,Referral
C02892,2024-07-17,Ahmedabad,26-35,Google
C02893,2025-03-25,Pune,56+,Referral
C02894,2025-11-16,Pune,18-25,Organic
C02895,2025-12-30,Ahmedabad,18-25,Organic
C02896,2024-12-11,Bangalore,46-55,Organic
C02897,2025-03-31,Ahmedabad,46-55,Referral
C02898,2025-09-15,Delhi,18-25,Google
C02899,2025-04-23,Pune,36-45,Organic
C02900,2025-06-13,Mumbai,26-35,Instagram
C02901,2025-02-04,Mumbai,26-35,Organic
C02902,2025-12-18,Ahmedabad,26-35,Referral
C02903,2025-08-08,Bangalore,56+,Organic
C02904,2026-03-06,Ahmedabad,18-25,YouTube
C02905,2025-11-11,Mumbai,36-45,Google
C02906,2025-02-20,Pune,18-25,Instagram
C02907,2025-01-26,Ahmedabad,26-35,Facebook
C02908,2024-08-26,Bangalore,36-45,Google
C02909,2025-08-02,Ahmedabad,36-45,Google
C02910,2025-10-23,Hyderabad,46-55,Google
C02911,2025-02-12,Pune,36-45,Referral
C02912,2024-07-14,Bangalore,36-45,Referral
C02913,2025-12-10,Hyderabad,18-25,YouTube
C02914,2024-11-20,Pune,56+,Organic
C02915,2025-07-08,Mumbai,26-35,Referral
C02916,2024-08-04,Bangalore,26-35,Organic
C02917,2024-08-10,Delhi,26-35,YouTube
C02918,2026-01-25,Kolkata,26-35,Instagram
C02919,2025-09-03,Bangalore,26-35,Organic
C02920,2024-07-04,Pune,26-35,Instagram
C02921,2024-09-03,Ahmedabad,18-25,Google
C02922,2025-05-11,Bangalore,46-55,Organic
C02923,2025-09-08,Bangalore,46-55,YouTube
C02924,2025-03-28,Pune,26-35,YouTube
C02925,2026-01-09,Bangalore,56+,Referral
C02926,2025-08-22,Hyderabad,26-35,Instagram
C02927,2025-07-28,Pune,26-35,Instagram
C02928,2025-01-02,Hyderabad,46-55,Google
C02929,2025-09-09,Mumbai,26-35,Google
C02930,2026-01-10,Pune,36-45,Referral
C02931,2024-08-01,Hyderabad,26-35,Organic
C02932,2025-10-13,Delhi,26-35,Instagram
C02933,2026-01-14,Hyderabad,18-25,Google
C02934,2025-04-03,Kolkata,56+,Instagram
C02935,2025-11-02,Pune,18-25,Organic
C02936,2025-02-14,Mumbai,26-35,Google
C02937,2024-11-01,Delhi,18-25,Instagram
C02938,2025-12-04,Bangalore,36-45,Referral
C02939,2025-01-15,Delhi,26-35,Google
C02940,2025-10-27,Bangalore,36-45,Google
C02941,2025-01-18,Ahmedabad,26-35,YouTube
C02942,2025-03-12,Delhi,18-25,Google
C02943,2025-09-11,Chennai,18-25,Instagram
C02944,2025-02-04,Bangalore,18-25,Google
C02945,2025-11-29,Delhi,36-45,Instagram
C02946,2024-07-25,Mumbai,36-45,Facebook
C02947,2024-07-08,Delhi,26-35,Organic
C02948,2024-08-22,Chennai,26-35,Referral
C02949,2024-12-11,Ahmedabad,18-25,Referral
C02950,2024-08-04,Kolkata,46-55,Google
C02951,2025-03-01,Bangalore,56+,Google
C02952,2024-07-16,Chennai,36-45,Google
C02953,2025-10-27,Bangalore,18-25,YouTube
C02954,2024-10-06,Ahmedabad,26-35,Organic
C02955,2026-03-14,Hyderabad,56+,Google
C02956,2025-12-30,Delhi,18-25,Organic
C02957,2025-09-17,Bangalore,36-45,Instagram
C02958,2025-11-23,Bangalore,46-55,Google
C02959,2025-11-08,Delhi,36-45,Instagram
C02960,2025-12-23,Ahmedabad,26-35,Google
C02961,2025-06-20,Chennai,26-35,Google
C02962,2025-08-03,Ahmedabad,46-55,Facebook
C02963,2025-04-26,Bangalore,26-35,Google
C02964,2025-08-03,Hyderabad,46-55,Google
C02965,2025-03-01,Delhi,26-35,Instagram
C02966,2024-09-18,Hyderabad,36-45,Instagram
C02967,2026-02-15,Delhi,46-55,Google
C02968,2025-09-20,Delhi,26-35,Instagram
C02969,2025-09-24,Hyderabad,26-35,Google
C02970,2024-12-26,Delhi,18-25,Google
C02971,2025-11-05,Mumbai,36-45,Instagram
C02972,2025-05-28,Pune,26-35,Organic
C02973,2024-08-18,Bangalore,18-25,Facebook
C02974,2026-03-03,Ahmedabad,46-55,Instagram
C02975,2026-03-26,Hyderabad,46-55,Organic
C02976,2026-01-08,Chennai,46-55,Organic
C02977,2025-04-30,Pune,26-35,Organic
C02978,2024-11-27,Pune,56+,Organic
C02979,2024-07-08,Pune,46-55,Referral
C02980,2025-10-14,Kolkata,18-25,Facebook
C02981,2026-01-21,Pune,56+,Instagram
C02982,2024-09-05,Delhi,26-35,Referral
C02983,2025-09-11,Bangalore,46-55,Organic
C02984,2024-07-18,Hyderabad,36-45,Facebook
C02985,2025-11-09,Bangalore,36-45,Referral
C02986,2024-07-19,Delhi,26-35,Facebook
C02987,2026-03-16,Bangalore,18-25,Organic
C02988,2024-10-17,Hyderabad,18-25,Organic
C02989,2025-03-13,Bangalore,36-45,YouTube
C02990,2025-09-18,Pune,46-55,Organic
C02991,2025-12-23,Chennai,18-25,Referral
C02992,2025-02-18,Kolkata,18-25,Organic
C02993,2026-03-19,Delhi,36-45,Instagram
C02994,2024-07-11,Hyderabad,26-35,Facebook
C02995,2025-04-28,Hyderabad,18-25,YouTube
C02996,2026-03-24,Mumbai,18-25,Organic
C02997,2024-12-23,Pune,26-35,Instagram
C02998,2025-06-06,Delhi,26-35,Google
C02999,2025-04-11,Ahmedabad,46-55,Google
C03000,2025-03-09,Bangalore,26-35,Google
C03001,2025-11-03,Kolkata,18-25,Organic
C03002,2025-05-28,Hyderabad,36-45,YouTube
C03003,2025-09-30,Delhi,56+,Organic
C03004,2025-05-29,Chennai,26-35,Google
C03005,2026-03-30,Bangalore,46-55,Facebook
C03006,2025-04-27,Chennai,36-45,YouTube
C03007,2025-11-21,Hyderabad,46-55,Organic
C03008,2025-07-27,Bangalore,26-35,Google
C03009,2025-11-25,Bangalore,18-25,Organic
C03010,2026-01-17,Chennai,18-25,Google
C03011,2024-11-22,Delhi,36-45,Instagram
C03012,2025-01-09,Kolkata,46-55,Organic
C03013,2025-01-09,Chennai,26-35,Organic
C03014,2025-05-08,Pune,18-25,Google
C03015,2025-05-11,Delhi,18-25,Facebook
C03016,2024-07-03,Pune,26-35,YouTube
C03017,2026-01-24,Ahmedabad,46-55,Organic
C03018,2026-01-01,Bangalore,26-35,Instagram
C03019,2025-07-20,Delhi,36-45,Instagram
C03020,2025-01-12,Delhi,26-35,Organic
C03021,2025-12-11,Mumbai,46-55,YouTube
C03022,2024-12-21,Chennai,36-45,Referral
C03023,2025-01-12,Mumbai,18-25,Instagram
C03024,2026-03-30,Hyderabad,36-45,Instagram
C03025,2026-02-11,Delhi,46-55,Google
C03026,2025-07-09,Bangalore,46-55,Organic
C03027,2024-10-17,Delhi,26-35,Referral
C03028,2024-09-17,Kolkata,18-25,Instagram
C03029,2026-03-09,Hyderabad,26-35,Referral
C03030,2024-12-17,Mumbai,36-45,YouTube
C03031,2025-09-09,Chennai,18-25,Referral
C03032,2025-02-11,Bangalore,56+,Instagram
C03033,2025-05-14,Delhi,18-25,Organic
C03034,2026-03-23,Delhi,46-55,Facebook
C03035,2025-07-14,Ahmedabad,26-35,Instagram
C03036,2025-04-02,Pune,18-25,Instagram
C03037,2025-03-23,Pune,26-35,Referral
C03038,2024-11-25,Bangalore,26-35,Google
C03039,2025-06-21,Delhi,46-55,Facebook
C03040,2025-06-30,Pune,26-35,Organic
C03041,2024-08-30,Mumbai,18-25,Instagram
C03042,2025-03-16,Ahmedabad,46-55,YouTube
C03043,2025-08-17,Chennai,26-35,Organic
C03044,2024-08-05,Mumbai,18-25,Referral
C03045,2026-03-16,Chennai,46-55,Google
C03046,2026-01-02,Ahmedabad,18-25,Organic
C03047,2025-08-11,Mumbai,18-25,Facebook
C03048,2024-07-11,Pune,26-35,Instagram
C03049,2025-05-28,Ahmedabad,26-35,Google
C03050,2026-01-26,Delhi,26-35,Facebook
C03051,2024-07-15,Kolkata,46-55,Google
C03052,2025-11-18,Bangalore,18-25,Instagram
C03053,2025-12-19,Pune,56+,Instagram
C03054,2024-08-18,Chennai,18-25,Organic
C03055,2024-11-25,Pune,18-25,Organic
C03056,2025-10-06,Hyderabad,18-25,Instagram
C03057,2026-02-03,Pune,18-25,Google
C03058,2025-11-05,Bangalore,26-35,Referral
C03059,2025-06-01,Delhi,46-55,Organic
C03060,2025-07-20,Delhi,36-45,Instagram
C03061,2025-06-01,Hyderabad,36-45,Referral
C03062,2025-07-05,Mumbai,18-25,Referral
C03063,2025-11-05,Delhi,46-55,Instagram
C03064,2024-08-01,Kolkata,26-35,Google
C03065,2024-11-11,Mumbai,36-45,Facebook
C03066,2024-08-08,Mumbai,36-45,YouTube
C03067,2025-11-21,Mumbai,18-25,Google
C03068,2025-10-08,Delhi,26-35,YouTube
C03069,2024-08-03,Chennai,46-55,Organic
C03070,2024-09-06,Mumbai,18-25,Facebook
C03071,2024-12-17,Bangalore,36-45,Facebook
C03072,2024-12-02,Ahmedabad,56+,Organic
C03073,2025-05-28,Chennai,26-35,Referral
C03074,2025-05-15,Chennai,26-35,Instagram
C03075,2025-02-14,Kolkata,26-35,Referral
C03076,2024-10-13,Kolkata,36-45,Google
C03077,2025-08-19,Delhi,26-35,Organic
C03078,2025-11-17,Pune,26-35,Instagram
C03079,2025-08-14,Hyderabad,18-25,YouTube
C03080,2025-11-28,Delhi,56+,Facebook
C03081,2026-02-05,Delhi,46-55,Google
C03082,2025-12-21,Bangalore,26-35,Organic
C03083,2025-08-21,Pune,56+,YouTube
C03084,2024-08-01,Chennai,36-45,Referral
C03085,2025-01-30,Chennai,56+,Facebook
C03086,2025-03-31,Delhi,18-25,Referral
C03087,2025-09-29,Delhi,18-25,Google
C03088,2025-12-24,Mumbai,46-55,Referral
C03089,2025-08-14,Hyderabad,26-35,Referral
C03090,2025-02-18,Ahmedabad,26-35,Google
C03091,2025-11-16,Kolkata,36-45,Organic
C03092,2025-09-18,Ahmedabad,26-35,Organic
C03093,2025-11-22,Kolkata,26-35,Google
C03094,2025-07-12,Ahmedabad,26-35,Referral
C03095,2025-08-18,Mumbai,26-35,Google
C03096,2025-02-07,Bangalore,18-25,Referral
C03097,2025-03-13,Bangalore,18-25,Referral
C03098,2024-12-24,Mumbai,26-35,Google
C03099,2024-12-12,Delhi,36-45,YouTube
C03100,2025-08-22,Bangalore,26-35,Facebook
C03101,2025-03-03,Ahmedabad,26-35,Referral
C03102,2024-09-24,Delhi,36-45,Organic
C03103,2024-07-23,Ahmedabad,18-25,Facebook
C03104,2026-01-01,Chennai,26-35,Google
C03105,2025-04-05,Pune,18-25,Google
C03106,2025-07-04,Pune,36-45,Instagram
C03107,2026-01-30,Delhi,18-25,Referral
C03108,2024-09-10,Pune,26-35,Google
C03109,2026-02-19,Delhi,26-35,Referral
C03110,2025-09-23,Ahmedabad,36-45,Referral
C03111,2025-08-14,Delhi,36-45,Google
C03112,2025-04-02,Delhi,46-55,Google
C03113,2025-09-25,Pune,36-45,Instagram
C03114,2024-11-08,Pune,26-35,Referral
C03115,2025-01-10,Mumbai,18-25,Google
C03116,2026-03-07,Pune,18-25,Instagram
C03117,2024-12-24,Bangalore,18-25,Instagram
C03118,2025-10-03,Pune,18-25,Organic
C03119,2026-02-15,Delhi,26-35,Google
C03120,2025-07-14,Delhi,36-45,Organic
C03121,2025-01-07,Bangalore,36-45,YouTube
C03122,2025-12-25,Delhi,26-35,Referral
C03123,2025-12-10,Delhi,26-35,Instagram
C03124,2025-06-13,Mumbai,18-25,Organic
C03125,2024-09-12,Delhi,26-35,Instagram
C03126,2025-04-09,Delhi,26-35,YouTube
C03127,2025-04-02,Hyderabad,26-35,Organic
C03128,2024-10-30,Bangalore,18-25,Google
C03129,2025-03-14,Pune,56+,Google
C03130,2024-10-07,Ahmedabad,26-35,Organic
C03131,2025-09-16,Mumbai,26-35,Referral
C03132,2025-04-03,Kolkata,18-25,Instagram
C03133,2025-10-10,Bangalore,18-25,Organic
C03134,2025-04-18,Bangalore,26-35,Google
C03135,2025-09-30,Chennai,56+,Facebook
C03136,2025-10-12,Chennai,18-25,YouTube
C03137,2024-10-11,Kolkata,26-35,Google
C03138,2025-04-09,Bangalore,56+,Google
C03139,2025-10-23,Chennai,26-35,Google
C03140,2025-07-15,Mumbai,26-35,YouTube
C03141,2024-11-19,Delhi,26-35,Instagram
C03142,2025-12-14,Bangalore,26-35,Google
C03143,2024-11-05,Ahmedabad,56+,Organic
C03144,2026-03-27,Bangalore,18-25,Instagram
C03145,2025-09-25,Kolkata,36-45,Instagram
C03146,2025-01-23,Pune,18-25,Organic
C03147,2024-11-02,Chennai,36-45,Referral
C03148,2026-01-28,Pune,46-55,Referral
C03149,2025-05-31,Kolkata,46-55,Google
C03150,2025-11-28,Delhi,46-55,Referral
C03151,2025-12-14,Bangalore,36-45,Referral
C03152,2024-08-13,Hyderabad,18-25,Referral
C03153,2025-09-10,Mumbai,18-25,Facebook
C03154,2025-01-30,Bangalore,26-35,Instagram
C03155,2026-02-01,Delhi,26-35,Referral
C03156,2024-11-17,Delhi,26-35,YouTube
C03157,2024-07-22,Bangalore,36-45,Google
C03158,2025-08-29,Bangalore,36-45,Facebook
C03159,2025-06-18,Ahmedabad,56+,Referral
C03160,2025-06-20,Delhi,26-35,Instagram
C03161,2024-12-16,Ahmedabad,36-45,Instagram
C03162,2025-05-13,Ahmedabad,36-45,Google
C03163,2026-03-09,Bangalore,56+,Facebook
C03164,2025-10-31,Pune,36-45,Facebook
C03165,2026-03-22,Hyderabad,26-35,Referral
C03166,2025-01-29,Pune,18-25,Instagram
C03167,2026-01-08,Bangalore,56+,Referral
C03168,2025-03-02,Delhi,36-45,Referral
C03169,2026-02-18,Bangalore,36-45,Google
C03170,2026-01-05,Hyderabad,36-45,Instagram
C03171,2024-10-14,Ahmedabad,36-45,Google
C03172,2026-03-14,Pune,36-45,Google
C03173,2025-07-24,Pune,46-55,Organic
C03174,2025-11-09,Ahmedabad,46-55,Google
C03175,2025-07-05,Pune,26-35,Instagram
C03176,2024-11-16,Bangalore,18-25,Instagram
C03177,2026-03-22,Kolkata,18-25,Organic
C03178,2024-09-10,Mumbai,26-35,Organic
C03179,2025-11-29,Bangalore,36-45,Instagram
C03180,2024-11-11,Hyderabad,46-55,YouTube
C03181,2025-11-15,Ahmedabad,26-35,Organic
C03182,2025-03-28,Delhi,26-35,Instagram
C03183,2024-11-29,Hyderabad,26-35,Google
C03184,2024-11-29,Bangalore,36-45,Facebook
C03185,2025-01-21,Bangalore,26-35,Google
C03186,2026-01-27,Bangalore,18-25,Google
C03187,2025-11-04,Chennai,26-35,Referral
C03188,2025-09-02,Kolkata,26-35,Google
C03189,2025-08-07,Bangalore,26-35,YouTube
C03190,2025-03-24,Delhi,36-45,YouTube
C03191,2026-01-28,Delhi,46-55,YouTube
C03192,2024-12-22,Bangalore,18-25,Organic
C03193,2026-02-23,Hyderabad,18-25,Organic
C03194,2025-03-01,Pune,26-35,Google
C03195,2025-02-04,Pune,26-35,YouTube
C03196,2025-05-01,Mumbai,26-35,Instagram
C03197,2025-10-22,Hyderabad,18-25,Google
C03198,2025-09-30,Bangalore,18-25,Facebook
C03199,2025-11-02,Bangalore,36-45,Facebook
C03200,2024-08-27,Ahmedabad,18-25,Referral
C03201,2024-10-11,Chennai,36-45,Referral
C03202,2025-12-25,Ahmedabad,26-35,Instagram
C03203,2026-03-19,Ahmedabad,26-35,Organic
C03204,2024-09-20,Pune,18-25,Instagram
C03205,2026-01-29,Ahmedabad,18-25,Google
C03206,2024-12-15,Mumbai,26-35,Referral
C03207,2026-03-18,Bangalore,36-45,Facebook
C03208,2026-03-27,Bangalore,46-55,Facebook
C03209,2025-08-11,Bangalore,18-25,Facebook
C03210,2024-10-30,Bangalore,18-25,YouTube
C03211,2025-11-16,Mumbai,18-25,Google
C03212,2024-09-03,Pune,36-45,Instagram
C03213,2025-01-30,Chennai,18-25,Referral
C03214,2025-08-12,Hyderabad,18-25,Google
C03215,2024-08-13,Bangalore,46-55,Organic
C03216,2025-03-09,Chennai,46-55,Google
C03217,2025-11-22,Mumbai,36-45,Facebook
C03218,2024-08-28,Bangalore,18-25,Google
C03219,2025-02-20,Delhi,26-35,Google
C03220,2024-07-03,Delhi,18-25,Organic
C03221,2025-08-25,Delhi,36-45,Organic
C03222,2024-08-20,Chennai,36-45,Google
C03223,2024-12-27,Chennai,18-25,Organic
C03224,2025-05-31,Pune,46-55,Referral
C03225,2024-11-15,Bangalore,26-35,Instagram
C03226,2024-11-25,Chennai,36-45,Referral
C03227,2025-12-16,Pune,18-25,Facebook
C03228,2025-11-09,Delhi,26-35,Google
C03229,2024-08-21,Pune,18-25,Referral
C03230,2025-12-30,Hyderabad,36-45,Google
C03231,2025-04-26,Mumbai,18-25,Referral
C03232,2024-10-01,Bangalore,26-35,Facebook
C03233,2026-01-31,Hyderabad,36-45,Google
C03234,2025-02-01,Bangalore,36-45,YouTube
C03235,2025-01-25,Bangalore,36-45,YouTube
C03236,2024-10-02,Bangalore,36-45,Google
C03237,2026-01-18,Ahmedabad,36-45,Organic
C03238,2024-12-31,Delhi,36-45,Facebook
C03239,2025-07-14,Mumbai,26-35,Facebook
C03240,2024-11-30,Delhi,18-25,Organic
C03241,2026-01-24,Kolkata,26-35,Instagram
C03242,2025-11-15,Hyderabad,18-25,Instagram
C03243,2025-05-18,Ahmedabad,26-35,Google
C03244,2025-02-06,Delhi,26-35,Organic
C03245,2025-08-23,Bangalore,18-25,Google
C03246,2025-05-13,Hyderabad,36-45,Organic
C03247,2026-02-22,Mumbai,36-45,Organic
C03248,2025-09-04,Chennai,26-35,Google
C03249,2024-07-18,Kolkata,46-55,Facebook
C03250,2025-12-08,Mumbai,26-35,Instagram
C03251,2024-11-01,Ahmedabad,18-25,Google
C03252,2025-01-09,Hyderabad,18-25,YouTube
C03253,2025-04-05,Delhi,26-35,Google
C03254,2024-11-11,Hyderabad,18-25,Google
C03255,2026-02-23,Bangalore,46-55,Facebook
C03256,2026-03-18,Chennai,26-35,Facebook
C03257,2024-10-08,Bangalore,26-35,YouTube
C03258,2025-01-21,Delhi,26-35,Instagram
C03259,2025-02-22,Hyderabad,26-35,Google
C03260,2025-09-02,Bangalore,36-45,Google
C03261,2025-07-17,Bangalore,36-45,Google
C03262,2025-09-07,Pune,36-45,Facebook
C03263,2024-07-20,Bangalore,26-35,Instagram
C03264,2025-05-25,Mumbai,26-35,Organic
C03265,2024-11-12,Delhi,26-35,Instagram
C03266,2024-11-23,Delhi,36-45,Referral
C03267,2025-11-08,Delhi,26-35,Instagram
C03268,2024-09-29,Chennai,26-35,Instagram
C03269,2024-07-21,Ahmedabad,18-25,Google
C03270,2025-05-08,Bangalore,36-45,Facebook
C03271,2025-10-14,Ahmedabad,18-25,Organic
C03272,2025-05-23,Hyderabad,56+,Organic
C03273,2024-10-12,Pune,18-25,Google
C03274,2025-11-07,Pune,26-35,Organic
C03275,2025-03-01,Pune,18-25,Organic
C03276,2025-09-27,Chennai,26-35,Referral
C03277,2024-11-07,Hyderabad,26-35,Organic
C03278,2026-02-03,Hyderabad,36-45,YouTube
C03279,2024-12-29,Delhi,18-25,Facebook
C03280,2026-03-13,Bangalore,18-25,Facebook
C03281,2025-02-27,Pune,18-25,Referral
C03282,2025-10-09,Bangalore,26-35,Instagram
C03283,2025-05-17,Delhi,46-55,Google
C03284,2024-08-18,Bangalore,26-35,Google
C03285,2024-09-01,Delhi,36-45,Google
C03286,2025-03-16,Pune,26-35,Google
C03287,2024-11-01,Pune,26-35,Organic
C03288,2025-07-25,Mumbai,36-45,Referral
C03289,2024-09-27,Bangalore,18-25,Organic
C03290,2025-07-13,Mumbai,46-55,Facebook
C03291,2024-11-08,Mumbai,26-35,Instagram
C03292,2024-10-24,Chennai,26-35,Instagram
C03293,2025-02-20,Hyderabad,46-55,Organic
C03294,2025-07-08,Hyderabad,26-35,Referral
C03295,2025-03-13,Hyderabad,56+,Referral
C03296,2025-02-09,Ahmedabad,46-55,YouTube
C03297,2025-02-03,Chennai,18-25,Instagram
C03298,2025-02-02,Hyderabad,26-35,Organic
C03299,2025-03-15,Mumbai,36-45,Facebook
C03300,2025-12-15,Bangalore,18-25,Referral
C03301,2025-07-05,Ahmedabad,36-45,Organic
C03302,2025-03-27,Delhi,18-25,Instagram
C03303,2025-10-22,Delhi,18-25,Google
C03304,2025-06-03,Ahmedabad,26-35,Instagram
C03305,2026-02-27,Pune,36-45,Organic
C03306,2025-06-25,Bangalore,36-45,Organic
C03307,2024-11-16,Bangalore,26-35,Facebook
C03308,2025-06-25,Bangalore,18-25,Organic
C03309,2025-11-07,Hyderabad,26-35,Instagram
C03310,2024-11-14,Bangalore,18-25,YouTube
C03311,2024-11-07,Ahmedabad,18-25,Google
C03312,2025-07-19,Ahmedabad,26-35,Organic
C03313,2026-01-17,Hyderabad,26-35,Google
C03314,2025-01-30,Pune,18-25,Organic
C03315,2025-05-20,Delhi,18-25,Facebook
C03316,2025-08-23,Bangalore,36-45,Instagram
C03317,2025-08-28,Chennai,18-25,Referral
C03318,2024-10-02,Bangalore,56+,Referral
C03319,2025-03-10,Bangalore,26-35,Google
C03320,2026-03-28,Delhi,18-25,Google
C03321,2026-01-19,Bangalore,46-55,Organic
C03322,2025-11-06,Mumbai,26-35,Google
C03323,2024-07-16,Pune,36-45,Instagram
C03324,2025-03-24,Chennai,26-35,Organic
C03325,2024-08-02,Hyderabad,26-35,Organic
C03326,2025-01-09,Kolkata,36-45,Google
C03327,2026-01-04,Mumbai,26-35,Facebook
C03328,2025-03-05,Kolkata,26-35,Facebook
C03329,2024-10-16,Hyderabad,18-25,Facebook
C03330,2025-10-04,Delhi,26-35,Referral
C03331,2025-10-29,Ahmedabad,18-25,Google
C03332,2025-08-23,Delhi,36-45,Instagram
C03333,2025-11-29,Bangalore,26-35,Facebook
C03334,2025-09-22,Delhi,56+,Facebook
C03335,2025-08-10,Mumbai,18-25,Organic
C03336,2026-01-20,Mumbai,26-35,Referral
C03337,2025-01-24,Hyderabad,26-35,Google
C03338,2025-04-18,Kolkata,36-45,Organic
C03339,2025-06-25,Delhi,36-45,Instagram
C03340,2025-09-01,Hyderabad,26-35,Referral
C03341,2025-05-01,Mumbai,26-35,Organic
C03342,2025-04-09,Kolkata,36-45,Organic
C03343,2024-10-14,Bangalore,18-25,Referral
C03344,2025-08-12,Bangalore,26-35,Organic
C03345,2024-09-18,Hyderabad,36-45,Instagram
C03346,2025-04-30,Pune,18-25,Google
C03347,2025-03-19,Chennai,36-45,Instagram
C03348,2025-11-09,Hyderabad,36-45,Google
C03349,2025-05-01,Chennai,18-25,Google
C03350,2024-07-04,Mumbai,26-35,Google
C03351,2025-05-20,Bangalore,26-35,Referral
C03352,2024-11-15,Bangalore,36-45,Referral
C03353,2025-02-28,Bangalore,26-35,Referral
C03354,2025-01-06,Delhi,26-35,Organic
C03355,2024-10-15,Hyderabad,26-35,Instagram
C03356,2026-02-25,Mumbai,18-25,Google
C03357,2024-12-10,Hyderabad,18-25,Instagram
C03358,2025-05-21,Hyderabad,18-25,Instagram
C03359,2025-12-12,Pune,18-25,Organic
C03360,2025-02-18,Pune,18-25,YouTube
C03361,2026-02-19,Delhi,26-35,Google
C03362,2025-03-16,Mumbai,26-35,Google
C03363,2026-02-25,Hyderabad,18-25,Google
C03364,2025-04-15,Hyderabad,26-35,Instagram
C03365,2024-07-10,Delhi,18-25,YouTube
C03366,2026-01-06,Delhi,26-35,Organic
C03367,2026-01-04,Pune,56+,Organic
C03368,2026-03-07,Pune,26-35,YouTube
C03369,2024-09-18,Bangalore,18-25,Organic
C03370,2025-12-22,Mumbai,26-35,Google
C03371,2025-02-04,Kolkata,36-45,Organic
C03372,2025-12-20,Bangalore,18-25,Organic
C03373,2026-03-08,Kolkata,56+,Referral
C03374,2024-11-05,Bangalore,26-35,Organic
C03375,2025-02-23,Hyderabad,18-25,Referral
C03376,2024-12-19,Mumbai,26-35,Google
C03377,2025-01-11,Bangalore,36-45,Organic
C03378,2025-07-16,Ahmedabad,26-35,Google
C03379,2025-03-21,Mumbai,46-55,Google
C03380,2025-08-24,Ahmedabad,46-55,Google
C03381,2025-09-04,Delhi,18-25,Organic
C03382,2024-11-07,Kolkata,18-25,YouTube
C03383,2024-07-29,Ahmedabad,26-35,Organic
C03384,2025-10-20,Hyderabad,26-35,Organic
C03385,2024-10-25,Delhi,26-35,Google
C03386,2024-11-05,Pune,18-25,Organic
C03387,2025-07-20,Hyderabad,56+,Instagram
C03388,2024-12-16,Ahmedabad,26-35,Referral
C03389,2024-10-30,Mumbai,36-45,Organic
C03390,2025-01-13,Delhi,36-45,Instagram
C03391,2025-05-30,Bangalore,18-25,Facebook
C03392,2025-12-23,Pune,18-25,Referral
C03393,2026-03-24,Ahmedabad,18-25,Organic
C03394,2025-10-11,Bangalore,46-55,Referral
C03395,2026-01-26,Chennai,26-35,Organic
C03396,2025-06-05,Ahmedabad,36-45,Organic
C03397,2025-03-18,Bangalore,26-35,Instagram
C03398,2025-12-06,Bangalore,26-35,Facebook
C03399,2025-01-10,Pune,46-55,Organic
C03400,2025-12-02,Pune,26-35,Referral
C03401,2026-03-30,Bangalore,36-45,Organic
C03402,2025-03-07,Kolkata,26-35,Google
C03403,2025-08-09,Hyderabad,18-25,Organic
C03404,2025-11-12,Kolkata,18-25,Referral
C03405,2025-11-13,Kolkata,18-25,YouTube
C03406,2024-11-09,Chennai,36-45,Google
C03407,2026-03-08,Hyderabad,26-35,YouTube
C03408,2025-05-18,Delhi,26-35,Facebook
C03409,2024-07-27,Hyderabad,18-25,Facebook
C03410,2024-09-14,Bangalore,26-35,Organic
C03411,2025-10-08,Pune,36-45,Organic
C03412,2025-03-30,Bangalore,26-35,Referral
C03413,2024-09-07,Hyderabad,56+,Instagram
C03414,2025-05-29,Bangalore,18-25,Referral
C03415,2025-07-19,Delhi,18-25,Referral
C03416,2024-08-21,Delhi,26-35,Instagram
C03417,2025-02-09,Pune,18-25,Organic
C03418,2025-04-22,Chennai,36-45,Instagram
C03419,2025-11-11,Bangalore,36-45,Organic
C03420,2025-08-21,Kolkata,18-25,Referral
C03421,2024-08-25,Kolkata,46-55,YouTube
C03422,2025-07-28,Mumbai,18-25,Google
C03423,2026-01-28,Pune,36-45,Instagram
C03424,2024-08-04,Mumbai,26-35,Referral
C03425,2026-03-23,Bangalore,36-45,Referral
C03426,2024-08-30,Hyderabad,18-25,Instagram
C03427,2025-08-02,Bangalore,46-55,Organic
C03428,2025-02-10,Kolkata,46-55,Facebook
C03429,2025-10-10,Ahmedabad,26-35,Organic
C03430,2025-12-21,Kolkata,26-35,Google
C03431,2025-12-27,Hyderabad,26-35,Google
C03432,2026-01-07,Hyderabad,26-35,Referral
C03433,2025-12-04,Ahmedabad,26-35,Organic
C03434,2025-01-14,Delhi,26-35,Facebook
C03435,2025-04-24,Bangalore,46-55,Instagram
C03436,2025-10-03,Hyderabad,26-35,Referral
C03437,2024-10-16,Delhi,18-25,Facebook
C03438,2025-07-04,Delhi,46-55,Instagram
C03439,2025-06-04,Bangalore,18-25,Facebook
C03440,2026-03-21,Hyderabad,18-25,Referral
C03441,2024-08-01,Delhi,56+,Organic
C03442,2024-08-30,Delhi,18-25,Referral
C03443,2024-07-20,Bangalore,18-25,YouTube
C03444,2025-06-16,Mumbai,26-35,Facebook
C03445,2025-06-17,Kolkata,36-45,Instagram
C03446,2025-07-14,Delhi,18-25,Organic
C03447,2024-12-02,Pune,26-35,Instagram
C03448,2025-01-13,Chennai,18-25,Google
C03449,2025-03-24,Delhi,26-35,Referral
C03450,2024-07-31,Kolkata,26-35,Organic
C03451,2025-10-24,Pune,18-25,Google
C03452,2024-08-03,Hyderabad,46-55,Google
C03453,2025-08-31,Bangalore,26-35,Instagram
C03454,2025-04-16,Bangalore,46-55,Google
C03455,2026-03-31,Ahmedabad,46-55,Instagram
C03456,2025-09-16,Chennai,46-55,Google
C03457,2025-04-30,Ahmedabad,36-45,YouTube
C03458,2025-09-21,Kolkata,26-35,Google
C03459,2024-09-13,Bangalore,36-45,Facebook
C03460,2024-10-24,Chennai,26-35,Google
C03461,2025-05-15,Mumbai,18-25,Referral
C03462,2025-12-31,Chennai,26-35,Instagram
C03463,2025-12-07,Bangalore,26-35,Instagram
C03464,2025-02-27,Delhi,26-35,Organic
C03465,2024-12-29,Chennai,36-45,Google
C03466,2026-03-09,Chennai,26-35,Google
C03467,2025-06-27,Pune,18-25,Google
C03468,2024-09-14,Delhi,18-25,Organic
C03469,2024-11-21,Delhi,46-55,Google
C03470,2025-12-17,Ahmedabad,26-35,Instagram
C03471,2026-01-25,Mumbai,26-35,Google
C03472,2026-02-01,Mumbai,36-45,Organic
C03473,2024-07-05,Hyderabad,46-55,Facebook
C03474,2025-12-08,Mumbai,26-35,Instagram
C03475,2024-09-10,Hyderabad,26-35,Google
C03476,2025-11-29,Mumbai,18-25,Referral
C03477,2026-01-15,Kolkata,46-55,Facebook
C03478,2025-02-16,Kolkata,26-35,Instagram
C03479,2024-11-01,Ahmedabad,36-45,YouTube
C03480,2025-09-29,Hyderabad,18-25,Organic
C03481,2024-08-13,Mumbai,26-35,Google
C03482,2025-07-06,Pune,26-35,Organic
C03483,2025-01-28,Kolkata,26-35,Organic
C03484,2025-03-29,Hyderabad,36-45,Instagram
C03485,2025-12-10,Pune,36-45,Google
C03486,2026-03-27,Chennai,26-35,Google
C03487,2025-03-14,Pune,46-55,Google
C03488,2025-01-02,Chennai,18-25,Organic
C03489,2025-12-16,Delhi,26-35,Organic
C03490,2025-03-21,Hyderabad,18-25,YouTube
C03491,2024-11-05,Hyderabad,26-35,Referral
C03492,2026-01-28,Bangalore,46-55,Google
C03493,2026-03-26,Kolkata,18-25,Instagram
C03494,2025-01-01,Pune,46-55,YouTube
C03495,2024-10-09,Bangalore,26-35,Instagram
C03496,2024-10-06,Chennai,36-45,Google
C03497,2025-07-18,Pune,18-25,Organic
C03498,2025-01-15,Chennai,36-45,Organic
C03499,2025-08-03,Mumbai,46-55,Instagram
C03500,2025-10-29,Kolkata,26-35,Organic
C03501,2024-07-04,Mumbai,26-35,Instagram
C03502,2026-01-01,Hyderabad,36-45,Organic
C03503,2024-07-19,Bangalore,36-45,Organic
C03504,2024-09-12,Pune,18-25,Organic
C03505,2025-10-07,Pune,36-45,Instagram
C03506,2025-08-02,Hyderabad,36-45,Referral
C03507,2026-03-18,Hyderabad,36-45,Google
C03508,2025-06-28,Chennai,26-35,Referral
C03509,2025-03-24,Pune,26-35,Facebook
C03510,2025-09-01,Delhi,56+,Instagram
C03511,2025-10-30,Ahmedabad,26-35,Organic
C03512,2025-09-02,Pune,26-35,Instagram
C03513,2025-02-22,Ahmedabad,56+,Referral
C03514,2026-03-06,Ahmedabad,18-25,Referral
C03515,2025-01-09,Ahmedabad,26-35,Referral
C03516,2025-02-07,Chennai,36-45,Organic
C03517,2024-12-25,Hyderabad,36-45,Facebook
C03518,2025-01-08,Bangalore,56+,YouTube
C03519,2024-11-14,Hyderabad,36-45,Facebook
C03520,2025-07-07,Chennai,26-35,Google
C03521,2025-10-09,Hyderabad,26-35,Facebook
C03522,2025-04-01,Kolkata,18-25,Google
C03523,2026-02-10,Bangalore,46-55,Instagram
C03524,2025-04-29,Mumbai,18-25,Referral
C03525,2025-04-25,Hyderabad,26-35,Google
C03526,2024-08-14,Mumbai,26-35,Organic
C03527,2026-01-29,Bangalore,18-25,Instagram
C03528,2024-10-03,Bangalore,26-35,Referral
C03529,2024-10-14,Kolkata,26-35,Google
C03530,2026-02-18,Hyderabad,18-25,Google
C03531,2025-05-28,Bangalore,56+,YouTube
C03532,2024-08-13,Bangalore,46-55,Referral
C03533,2025-04-09,Mumbai,18-25,Google
C03534,2025-07-13,Bangalore,46-55,Organic
C03535,2024-07-07,Pune,26-35,YouTube
C03536,2025-10-26,Chennai,18-25,Referral
C03537,2025-09-01,Delhi,26-35,Google
C03538,2024-07-08,Hyderabad,36-45,Facebook
C03539,2025-07-31,Bangalore,36-45,Google
C03540,2024-11-20,Delhi,18-25,Google
C03541,2025-10-13,Kolkata,36-45,Instagram
C03542,2025-02-26,Hyderabad,36-45,Instagram
C03543,2024-11-07,Kolkata,36-45,Facebook
C03544,2025-05-20,Delhi,26-35,Facebook
C03545,2025-04-10,Delhi,36-45,Referral
C03546,2025-02-04,Mumbai,36-45,Organic
C03547,2026-01-13,Hyderabad,18-25,YouTube
C03548,2025-08-19,Ahmedabad,36-45,Referral
C03549,2025-05-08,Bangalore,26-35,Organic
C03550,2024-11-22,Kolkata,36-45,Facebook
C03551,2025-06-29,Kolkata,36-45,Instagram
C03552,2024-07-17,Hyderabad,26-35,Instagram
C03553,2026-01-17,Mumbai,18-25,Organic
C03554,2024-07-02,Hyderabad,36-45,Organic
C03555,2025-09-20,Delhi,46-55,Google
C03556,2025-02-06,Chennai,36-45,Google
C03557,2025-10-03,Hyderabad,26-35,Organic
C03558,2025-02-17,Ahmedabad,18-25,Referral
C03559,2024-07-17,Pune,26-35,Facebook
C03560,2026-02-27,Hyderabad,36-45,YouTube
C03561,2025-11-02,Pune,26-35,Referral
C03562,2024-07-29,Hyderabad,36-45,Organic
C03563,2024-07-22,Kolkata,26-35,Organic
C03564,2025-06-04,Delhi,18-25,Instagram
C03565,2026-03-04,Ahmedabad,26-35,Referral
C03566,2025-07-05,Chennai,26-35,Referral
C03567,2024-07-07,Kolkata,26-35,Facebook
C03568,2025-09-20,Hyderabad,18-25,YouTube
C03569,2025-03-31,Kolkata,36-45,Instagram
C03570,2025-08-13,Delhi,26-35,YouTube
C03571,2025-02-09,Chennai,36-45,Organic
C03572,2024-07-06,Bangalore,26-35,Instagram
C03573,2024-07-12,Delhi,26-35,Google
C03574,2025-08-08,Mumbai,36-45,YouTube
C03575,2025-08-10,Delhi,26-35,Google
C03576,2025-01-23,Mumbai,26-35,Organic
C03577,2024-08-22,Kolkata,36-45,Referral
C03578,2025-11-06,Delhi,18-25,Organic
C03579,2024-10-05,Chennai,46-55,Referral
C03580,2024-10-29,Bangalore,26-35,Referral
C03581,2025-04-16,Chennai,18-25,Facebook
C03582,2025-10-01,Chennai,36-45,Referral
C03583,2026-03-28,Mumbai,18-25,Google
C03584,2025-08-04,Chennai,56+,Referral
C03585,2026-03-06,Ahmedabad,26-35,Organic
C03586,2025-08-21,Chennai,26-35,Referral
C03587,2025-12-24,Mumbai,18-25,Organic
C03588,2024-10-21,Hyderabad,18-25,Google
C03589,2024-08-06,Chennai,18-25,Organic
C03590,2025-09-01,Delhi,18-25,YouTube
C03591,2026-03-16,Chennai,26-35,Referral
C03592,2025-10-14,Delhi,26-35,Organic
C03593,2025-02-05,Chennai,26-35,Organic
C03594,2025-05-09,Bangalore,18-25,Organic
C03595,2024-09-10,Bangalore,18-25,Google
C03596,2025-02-03,Ahmedabad,18-25,Organic
C03597,2025-09-10,Kolkata,18-25,Referral
C03598,2024-10-15,Kolkata,26-35,Google
C03599,2025-05-04,Ahmedabad,18-25,Referral
C03600,2025-01-02,Mumbai,26-35,Google
C03601,2025-05-10,Delhi,46-55,Instagram
C03602,2025-11-01,Bangalore,18-25,Organic
C03603,2026-01-17,Hyderabad,18-25,Organic
C03604,2025-03-19,Delhi,36-45,Instagram
C03605,2025-12-11,Ahmedabad,26-35,Google
C03606,2025-09-23,Bangalore,18-25,Organic
C03607,2026-02-10,Bangalore,36-45,Referral
C03608,2025-10-16,Delhi,36-45,Organic
C03609,2025-06-17,Delhi,56+,Referral
C03610,2025-09-04,Delhi,46-55,YouTube
C03611,2025-01-19,Pune,26-35,Instagram
C03612,2025-09-04,Delhi,36-45,Organic
C03613,2025-09-26,Pune,26-35,Google
C03614,2025-07-26,Kolkata,46-55,Google
C03615,2024-09-04,Hyderabad,26-35,Facebook
C03616,2025-05-28,Pune,26-35,YouTube
C03617,2025-09-28,Mumbai,18-25,Google
C03618,2024-11-04,Bangalore,26-35,Instagram
C03619,2025-11-16,Delhi,26-35,YouTube
C03620,2025-12-21,Ahmedabad,36-45,Instagram
C03621,2025-06-10,Pune,18-25,Facebook
C03622,2026-03-09,Delhi,36-45,Google
C03623,2025-12-31,Mumbai,18-25,Referral
C03624,2025-04-25,Kolkata,26-35,Instagram
C03625,2026-01-17,Pune,26-35,Referral
C03626,2026-02-17,Hyderabad,26-35,Google
C03627,2024-09-08,Kolkata,26-35,Referral
C03628,2026-03-30,Pune,18-25,Facebook
C03629,2024-07-04,Pune,18-25,Google
C03630,2025-05-07,Delhi,36-45,Organic
C03631,2026-02-20,Bangalore,18-25,Google
C03632,2025-10-06,Ahmedabad,36-45,Organic
C03633,2024-12-18,Hyderabad,36-45,Google
C03634,2025-08-16,Mumbai,18-25,Organic
C03635,2024-11-15,Hyderabad,46-55,Organic
C03636,2024-11-29,Bangalore,36-45,YouTube
C03637,2026-02-03,Kolkata,36-45,Facebook
C03638,2024-07-31,Delhi,36-45,Google
C03639,2026-03-07,Chennai,26-35,Instagram
C03640,2025-04-16,Hyderabad,56+,Instagram
C03641,2024-08-11,Delhi,18-25,Organic
C03642,2025-11-16,Bangalore,18-25,Google
C03643,2024-07-31,Chennai,36-45,YouTube
C03644,2025-01-24,Bangalore,26-35,Facebook
C03645,2024-12-01,Bangalore,26-35,Instagram
C03646,2025-11-14,Chennai,26-35,Google
C03647,2025-03-11,Mumbai,26-35,Referral
C03648,2025-08-23,Mumbai,46-55,Referral
C03649,2024-08-16,Delhi,18-25,Referral
C03650,2025-09-18,Kolkata,18-25,Google
C03651,2025-09-28,Delhi,36-45,YouTube
C03652,2024-12-30,Delhi,36-45,Organic
C03653,2026-01-15,Delhi,36-45,Instagram
C03654,2025-04-27,Delhi,18-25,Instagram
C03655,2025-08-31,Delhi,46-55,Organic
C03656,2024-10-25,Bangalore,26-35,Instagram
C03657,2026-02-17,Bangalore,36-45,YouTube
C03658,2024-12-05,Mumbai,18-25,Referral
C03659,2025-08-05,Kolkata,26-35,Facebook
C03660,2024-08-27,Bangalore,26-35,Organic
C03661,2024-07-29,Delhi,26-35,Facebook
C03662,2024-09-20,Kolkata,18-25,Organic
C03663,2026-02-23,Kolkata,26-35,Organic
C03664,2024-11-12,Pune,36-45,Instagram
C03665,2026-01-14,Delhi,26-35,Organic
C03666,2025-07-06,Mumbai,26-35,Organic
C03667,2024-08-26,Delhi,26-35,Referral
C03668,2025-04-08,Bangalore,46-55,Referral
C03669,2025-05-03,Mumbai,26-35,Google
C03670,2024-12-18,Hyderabad,26-35,Google
C03671,2025-07-22,Mumbai,46-55,Instagram
C03672,2026-01-02,Pune,36-45,Google
C03673,2026-01-16,Delhi,18-25,Referral
C03674,2025-06-01,Mumbai,36-45,YouTube
C03675,2026-01-22,Chennai,56+,Referral
C03676,2026-02-10,Kolkata,18-25,Facebook
C03677,2024-08-26,Delhi,26-35,Facebook
C03678,2025-08-10,Hyderabad,18-25,Instagram
C03679,2025-11-07,Delhi,36-45,Organic
C03680,2024-07-11,Bangalore,36-45,Google
C03681,2025-07-21,Chennai,46-55,YouTube
C03682,2026-02-04,Bangalore,36-45,Referral
C03683,2024-12-19,Mumbai,18-25,Instagram
C03684,2025-12-30,Hyderabad,26-35,Google
C03685,2026-02-17,Delhi,46-55,Organic
C03686,2025-08-10,Bangalore,18-25,Instagram
C03687,2025-08-07,Mumbai,18-25,Google
C03688,2025-06-07,Ahmedabad,36-45,YouTube
C03689,2025-03-19,Pune,26-35,Instagram
C03690,2025-04-16,Mumbai,18-25,Organic
C03691,2025-05-30,Bangalore,18-25,Organic
C03692,2025-05-05,Hyderabad,26-35,Google
C03693,2025-12-10,Bangalore,36-45,Instagram
C03694,2025-11-04,Hyderabad,26-35,Instagram
C03695,2025-02-08,Chennai,26-35,Facebook
C03696,2025-05-24,Mumbai,36-45,Organic
C03697,2024-11-15,Delhi,18-25,Google
C03698,2024-10-21,Bangalore,36-45,YouTube
C03699,2025-02-21,Bangalore,26-35,Instagram
C03700,2024-08-07,Mumbai,26-35,Instagram
C03701,2025-12-29,Kolkata,26-35,Google
C03702,2024-09-19,Delhi,36-45,Organic
C03703,2025-01-25,Hyderabad,46-55,Google
C03704,2024-12-08,Pune,18-25,Organic
C03705,2024-11-10,Bangalore,18-25,Google
C03706,2025-02-20,Bangalore,26-35,Organic
C03707,2025-10-03,Delhi,26-35,YouTube
C03708,2026-01-22,Pune,18-25,Referral
C03709,2024-10-29,Mumbai,46-55,Google
C03710,2024-11-30,Chennai,36-45,Organic
C03711,2025-04-27,Kolkata,26-35,Google
C03712,2025-01-21,Chennai,26-35,Instagram
C03713,2025-11-24,Ahmedabad,18-25,Organic
C03714,2024-11-20,Chennai,26-35,Referral
C03715,2025-03-15,Kolkata,26-35,Organic
C03716,2025-06-14,Kolkata,46-55,Google
C03717,2025-03-01,Chennai,26-35,Google
C03718,2025-07-30,Chennai,18-25,Organic
C03719,2025-11-23,Ahmedabad,18-25,Organic
C03720,2025-06-06,Mumbai,18-25,Referral
C03721,2025-04-18,Pune,46-55,Referral
C03722,2026-03-01,Hyderabad,36-45,Instagram
C03723,2026-03-20,Kolkata,36-45,Referral
C03724,2026-03-29,Mumbai,46-55,Facebook
C03725,2024-07-11,Chennai,18-25,Instagram
C03726,2025-12-18,Chennai,36-45,Referral
C03727,2026-01-26,Ahmedabad,36-45,Instagram
C03728,2025-11-27,Delhi,18-25,Google
C03729,2025-10-22,Pune,26-35,Organic
C03730,2025-02-19,Chennai,36-45,Referral
C03731,2025-10-07,Ahmedabad,46-55,Instagram
C03732,2025-07-06,Kolkata,18-25,Referral
C03733,2025-12-14,Hyderabad,46-55,Instagram
C03734,2025-02-10,Hyderabad,46-55,Google
C03735,2025-10-18,Bangalore,46-55,Organic
C03736,2025-11-14,Ahmedabad,18-25,Google
C03737,2025-12-15,Delhi,18-25,Referral
C03738,2024-10-18,Chennai,36-45,Referral
C03739,2026-01-03,Chennai,26-35,YouTube
C03740,2024-11-16,Mumbai,18-25,Instagram
C03741,2026-02-19,Delhi,36-45,Referral
C03742,2024-07-25,Delhi,18-25,Instagram
C03743,2024-11-20,Kolkata,26-35,Instagram
C03744,2025-07-25,Hyderabad,46-55,Google
C03745,2025-06-13,Bangalore,26-35,Organic
C03746,2025-09-13,Pune,46-55,Instagram
C03747,2025-03-15,Delhi,26-35,Facebook
C03748,2024-07-03,Kolkata,26-35,Referral
C03749,2025-07-30,Delhi,18-25,YouTube
C03750,2025-05-23,Delhi,26-35,Google
C03751,2025-05-22,Bangalore,26-35,Google
C03752,2025-02-26,Hyderabad,46-55,Organic
C03753,2026-01-21,Mumbai,46-55,Google
C03754,2025-11-19,Chennai,18-25,Referral
C03755,2024-10-24,Mumbai,18-25,YouTube
C03756,2024-07-25,Mumbai,36-45,Organic
C03757,2024-10-24,Delhi,26-35,YouTube
C03758,2024-08-01,Delhi,26-35,Instagram
C03759,2025-09-27,Ahmedabad,18-25,Organic
C03760,2025-08-01,Bangalore,18-25,Organic
C03761,2025-04-22,Ahmedabad,26-35,Organic
C03762,2025-07-14,Delhi,18-25,Organic
C03763,2025-11-29,Bangalore,36-45,Organic
C03764,2025-12-14,Delhi,26-35,YouTube
C03765,2025-04-04,Bangalore,26-35,Google
C03766,2025-07-14,Chennai,26-35,Instagram
C03767,2025-07-04,Hyderabad,18-25,Instagram
C03768,2026-02-27,Delhi,46-55,Instagram
C03769,2025-10-30,Pune,36-45,Organic
C03770,2025-01-17,Pune,46-55,Referral
C03771,2026-01-18,Ahmedabad,26-35,Google
C03772,2025-03-12,Ahmedabad,26-35,Facebook
C03773,2025-10-28,Pune,18-25,Facebook
C03774,2026-03-17,Chennai,26-35,Referral
C03775,2025-11-29,Chennai,26-35,Referral
C03776,2024-09-07,Hyderabad,26-35,Google
C03777,2024-11-09,Pune,18-25,Referral
C03778,2025-11-21,Bangalore,18-25,Referral
C03779,2024-09-17,Chennai,18-25,Instagram
C03780,2024-07-08,Ahmedabad,26-35,Organic
C03781,2024-12-12,Bangalore,26-35,Referral
C03782,2025-05-07,Kolkata,56+,Google
C03783,2024-09-21,Ahmedabad,18-25,Organic
C03784,2024-10-07,Delhi,18-25,Referral
C03785,2025-02-02,Hyderabad,26-35,Google
C03786,2025-07-18,Ahmedabad,18-25,Google
C03787,2025-06-13,Ahmedabad,36-45,Instagram
C03788,2025-11-23,Bangalore,18-25,Referral
C03789,2026-03-19,Mumbai,56+,Google
C03790,2024-07-22,Pune,46-55,Instagram
C03791,2025-09-13,Delhi,26-35,YouTube
C03792,2024-10-13,Delhi,46-55,YouTube
C03793,2025-02-16,Bangalore,26-35,Referral
C03794,2025-02-04,Bangalore,56+,YouTube
C03795,2025-09-21,Hyderabad,18-25,Referral
C03796,2024-12-11,Pune,56+,Instagram
C03797,2026-01-23,Pune,18-25,Referral
C03798,2025-03-02,Chennai,26-35,Google
C03799,2025-12-03,Mumbai,46-55,Referral
C03800,2026-03-01,Delhi,26-35,Facebook
C03801,2025-05-23,Bangalore,18-25,Google
C03802,2024-09-03,Delhi,18-25,Google
C03803,2025-09-22,Delhi,18-25,Instagram
C03804,2025-03-28,Bangalore,26-35,YouTube
C03805,2025-02-02,Bangalore,26-35,Instagram
C03806,2025-04-19,Bangalore,26-35,Facebook
C03807,2025-01-08,Pune,36-45,Instagram
C03808,2024-12-27,Pune,18-25,Organic
C03809,2026-03-25,Ahmedabad,46-55,Google
C03810,2024-12-25,Chennai,26-35,Google
C03811,2025-04-20,Hyderabad,36-45,Instagram
C03812,2025-09-30,Bangalore,36-45,Instagram
C03813,2024-11-19,Hyderabad,46-55,Instagram
C03814,2025-07-30,Bangalore,18-25,Instagram
C03815,2026-01-24,Mumbai,26-35,Organic
C03816,2025-12-02,Mumbai,46-55,Referral
C03817,2024-07-19,Mumbai,36-45,Google
C03818,2025-03-16,Delhi,18-25,Organic
C03819,2024-07-01,Pune,26-35,Organic
C03820,2025-07-23,Kolkata,36-45,Facebook
C03821,2025-01-24,Chennai,18-25,Referral
C03822,2026-01-23,Pune,26-35,Google
C03823,2024-10-21,Hyderabad,46-55,Facebook
C03824,2025-12-26,Bangalore,26-35,Facebook
C03825,2025-02-04,Chennai,18-25,Facebook
C03826,2026-02-08,Hyderabad,26-35,Organic
C03827,2024-11-05,Delhi,26-35,Organic
C03828,2024-12-19,Delhi,26-35,Facebook
C03829,2025-02-10,Ahmedabad,36-45,Referral
C03830,2026-03-22,Pune,26-35,Google
C03831,2025-10-12,Mumbai,46-55,Facebook
C03832,2025-12-04,Pune,36-45,YouTube
C03833,2025-06-19,Mumbai,36-45,Instagram
C03834,2025-11-20,Mumbai,26-35,Instagram
C03835,2025-08-05,Delhi,18-25,YouTube
C03836,2025-08-31,Mumbai,36-45,Google
C03837,2025-12-17,Pune,18-25,Organic
C03838,2026-03-21,Bangalore,26-35,Instagram
C03839,2025-07-03,Chennai,18-25,Instagram
C03840,2025-04-09,Delhi,26-35,Organic
C03841,2025-08-22,Pune,36-45,Facebook
C03842,2025-10-17,Pune,26-35,Referral
C03843,2026-03-23,Pune,26-35,Instagram
C03844,2025-09-20,Hyderabad,18-25,Google
C03845,2026-03-02,Ahmedabad,26-35,Google
C03846,2025-10-11,Hyderabad,26-35,Facebook
C03847,2026-03-01,Chennai,46-55,Referral
C03848,2025-10-24,Pune,46-55,Facebook
C03849,2026-01-17,Delhi,56+,YouTube
C03850,2024-10-30,Delhi,18-25,Referral
C03851,2026-03-27,Mumbai,26-35,Instagram
C03852,2025-02-09,Delhi,26-35,Facebook
C03853,2025-11-22,Mumbai,36-45,Instagram
C03854,2025-03-08,Mumbai,36-45,YouTube
C03855,2025-04-19,Hyderabad,36-45,Referral
C03856,2025-10-21,Delhi,26-35,Google
C03857,2025-06-11,Chennai,26-35,Google
C03858,2025-10-01,Mumbai,56+,Google
C03859,2024-08-20,Pune,18-25,Organic
C03860,2025-12-15,Bangalore,36-45,Organic
C03861,2025-03-19,Mumbai,36-45,Google
C03862,2025-11-16,Bangalore,18-25,Referral
C03863,2024-12-30,Pune,46-55,Google
C03864,2025-07-16,Mumbai,46-55,Facebook
C03865,2025-07-11,Ahmedabad,36-45,Facebook
C03866,2024-09-28,Delhi,18-25,Organic
C03867,2025-04-30,Hyderabad,18-25,Facebook
C03868,2025-08-11,Delhi,36-45,Google
C03869,2025-12-17,Pune,18-25,Instagram
C03870,2026-01-18,Mumbai,18-25,Instagram
C03871,2025-03-03,Mumbai,26-35,YouTube
C03872,2025-08-15,Delhi,18-25,Google
C03873,2024-10-20,Bangalore,36-45,YouTube
C03874,2026-01-24,Bangalore,26-35,Referral
C03875,2026-01-06,Ahmedabad,18-25,Instagram
C03876,2026-03-31,Mumbai,26-35,Referral
C03877,2025-05-07,Bangalore,18-25,Organic
C03878,2025-02-15,Ahmedabad,18-25,Referral
C03879,2025-10-28,Bangalore,26-35,YouTube
C03880,2025-10-06,Mumbai,26-35,Organic
C03881,2024-11-13,Pune,26-35,Google
C03882,2025-06-11,Ahmedabad,26-35,Organic
C03883,2025-08-16,Pune,26-35,Google
C03884,2025-04-17,Mumbai,26-35,YouTube
C03885,2025-02-23,Ahmedabad,26-35,Google
C03886,2024-12-01,Bangalore,36-45,Organic
C03887,2025-03-20,Ahmedabad,26-35,Referral
C03888,2024-12-05,Kolkata,18-25,Instagram
C03889,2025-01-08,Ahmedabad,36-45,Organic
C03890,2024-10-27,Delhi,36-45,Google
C03891,2025-02-26,Bangalore,18-25,Organic
C03892,2025-08-08,Pune,26-35,Referral
C03893,2025-02-27,Hyderabad,36-45,Instagram
C03894,2024-09-29,Hyderabad,18-25,Google
C03895,2025-11-24,Ahmedabad,46-55,Organic
C03896,2025-04-02,Pune,26-35,Referral
C03897,2025-07-09,Delhi,36-45,Referral
C03898,2025-05-31,Mumbai,46-55,Instagram
C03899,2025-05-20,Bangalore,56+,Google
C03900,2025-04-07,Delhi,26-35,Organic
C03901,2025-10-26,Bangalore,36-45,YouTube
C03902,2025-12-29,Chennai,18-25,Organic
C03903,2026-01-29,Pune,26-35,Referral
C03904,2025-04-10,Hyderabad,46-55,Referral
C03905,2025-02-03,Mumbai,26-35,Organic
C03906,2024-08-22,Pune,36-45,YouTube
C03907,2025-04-09,Chennai,18-25,Google
C03908,2026-03-27,Kolkata,18-25,Organic
C03909,2024-12-14,Hyderabad,18-25,Google
C03910,2025-12-22,Chennai,26-35,Instagram
C03911,2025-10-27,Hyderabad,18-25,Instagram
C03912,2025-08-26,Mumbai,26-35,Instagram
C03913,2025-06-27,Kolkata,56+,Google
C03914,2025-10-27,Mumbai,36-45,Instagram
C03915,2024-09-01,Mumbai,36-45,Instagram
C03916,2024-09-20,Delhi,18-25,Instagram
C03917,2024-11-03,Hyderabad,26-35,Instagram
C03918,2025-11-02,Hyderabad,36-45,Google
C03919,2025-04-03,Pune,18-25,YouTube
C03920,2024-11-10,Mumbai,26-35,Referral
C03921,2024-07-29,Delhi,46-55,Instagram
C03922,2025-05-09,Kolkata,18-25,Google
C03923,2025-03-12,Mumbai,46-55,Referral
C03924,2024-10-22,Ahmedabad,18-25,Instagram
C03925,2024-07-15,Delhi,18-25,Google
C03926,2025-10-25,Hyderabad,18-25,Google
C03927,2025-11-10,Hyderabad,46-55,Referral
C03928,2024-12-05,Kolkata,26-35,Organic
C03929,2025-05-12,Bangalore,36-45,Referral
C03930,2024-12-09,Kolkata,26-35,Instagram
C03931,2025-03-19,Hyderabad,46-55,Instagram
C03932,2024-09-08,Hyderabad,26-35,YouTube
C03933,2026-02-25,Hyderabad,26-35,Organic
C03934,2025-10-04,Bangalore,36-45,Organic
C03935,2026-01-27,Hyderabad,36-45,Facebook
C03936,2025-01-06,Delhi,36-45,Referral
C03937,2026-01-09,Mumbai,18-25,Instagram
C03938,2025-05-28,Pune,46-55,Organic
C03939,2024-11-04,Hyderabad,18-25,Instagram
C03940,2025-01-29,Bangalore,56+,Organic
C03941,2025-12-01,Bangalore,26-35,Google
C03942,2025-11-08,Delhi,18-25,Instagram
C03943,2025-10-04,Delhi,26-35,Instagram
C03944,2024-11-22,Hyderabad,26-35,Google
C03945,2025-08-18,Bangalore,26-35,Organic
C03946,2026-02-22,Kolkata,36-45,Instagram
C03947,2024-08-01,Delhi,36-45,Instagram
C03948,2025-01-22,Bangalore,18-25,Google
C03949,2024-08-21,Kolkata,26-35,YouTube
C03950,2024-09-05,Delhi,36-45,Organic
C03951,2026-03-30,Mumbai,46-55,Organic
C03952,2024-12-01,Ahmedabad,26-35,Referral
C03953,2024-10-23,Ahmedabad,46-55,Referral
C03954,2024-08-17,Pune,18-25,Google
C03955,2026-03-19,Bangalore,36-45,Instagram
C03956,2025-04-26,Hyderabad,36-45,Instagram
C03957,2025-11-18,Ahmedabad,26-35,YouTube
C03958,2024-12-07,Ahmedabad,18-25,Referral
C03959,2025-08-14,Bangalore,36-45,Instagram
C03960,2026-01-18,Mumbai,26-35,Referral
C03961,2025-09-02,Delhi,18-25,Google
C03962,2025-05-27,Bangalore,18-25,Referral
C03963,2024-11-12,Pune,36-45,Organic
C03964,2024-11-27,Delhi,18-25,YouTube
C03965,2025-07-17,Mumbai,26-35,Organic
C03966,2025-04-15,Bangalore,56+,Facebook
C03967,2024-07-30,Hyderabad,36-45,Google
C03968,2024-11-03,Bangalore,26-35,Organic
C03969,2025-04-03,Mumbai,26-35,YouTube
C03970,2024-10-23,Bangalore,18-25,Google
C03971,2025-06-19,Ahmedabad,26-35,YouTube
C03972,2025-01-09,Bangalore,18-25,Facebook
C03973,2025-01-03,Hyderabad,18-25,Organic
C03974,2024-09-08,Delhi,18-25,Instagram
C03975,2025-05-18,Bangalore,26-35,Google
C03976,2024-10-29,Delhi,18-25,Organic
C03977,2025-08-07,Bangalore,18-25,YouTube
C03978,2026-02-20,Bangalore,46-55,Instagram
C03979,2026-02-03,Hyderabad,18-25,Google
C03980,2025-08-31,Pune,36-45,Google
C03981,2025-11-28,Bangalore,26-35,Referral
C03982,2026-02-09,Mumbai,26-35,Organic
C03983,2025-09-09,Hyderabad,18-25,Referral
C03984,2024-12-12,Delhi,18-25,Referral
C03985,2025-05-17,Mumbai,36-45,Organic
C03986,2025-12-30,Bangalore,26-35,Referral
C03987,2025-08-31,Delhi,18-25,Organic
C03988,2025-02-17,Mumbai,26-35,Instagram
C03989,2024-10-16,Ahmedabad,26-35,Instagram
C03990,2024-10-01,Ahmedabad,18-25,YouTube
C03991,2025-02-26,Ahmedabad,26-35,Referral
C03992,2025-11-27,Mumbai,26-35,Google
C03993,2025-06-19,Bangalore,26-35,Referral
C03994,2024-08-08,Delhi,36-45,Organic
C03995,2026-02-07,Delhi,26-35,Instagram
C03996,2025-03-16,Bangalore,46-55,Referral
C03997,2025-03-07,Bangalore,26-35,Instagram
C03998,2025-12-06,Mumbai,26-35,YouTube
C03999,2025-02-26,Delhi,36-45,Referral
C04000,2025-07-30,Delhi,26-35,YouTube
C04001,2026-02-09,Pune,18-25,Organic
C04002,2025-05-28,Mumbai,56+,YouTube
C04003,2025-07-28,Kolkata,46-55,Google
C04004,2025-02-11,Delhi,26-35,Instagram
C04005,2026-01-21,Hyderabad,26-35,Facebook
C04006,2024-08-17,Delhi,36-45,YouTube
C04007,2024-12-24,Hyderabad,46-55,YouTube
C04008,2026-03-26,Bangalore,26-35,Facebook
C04009,2025-05-06,Bangalore,18-25,Organic
C04010,2024-10-20,Pune,36-45,Referral
C04011,2025-03-22,Delhi,18-25,YouTube
C04012,2024-12-11,Bangalore,36-45,Instagram
C04013,2025-06-01,Ahmedabad,26-35,Organic
C04014,2024-11-28,Bangalore,36-45,YouTube
C04015,2025-03-13,Hyderabad,18-25,Organic
C04016,2026-02-01,Hyderabad,26-35,Google
C04017,2024-08-22,Delhi,26-35,Organic
C04018,2025-10-31,Mumbai,26-35,Facebook
C04019,2024-08-19,Bangalore,18-25,Instagram
C04020,2025-04-19,Chennai,18-25,Google
C04021,2025-09-01,Delhi,46-55,Organic
C04022,2026-03-03,Delhi,26-35,YouTube
C04023,2024-12-07,Delhi,36-45,Organic
C04024,2024-08-03,Kolkata,26-35,Organic
C04025,2025-10-23,Chennai,36-45,Instagram
C04026,2026-01-23,Ahmedabad,26-35,Referral
C04027,2025-06-27,Pune,18-25,Facebook
C04028,2024-08-08,Pune,18-25,Google
C04029,2025-05-16,Hyderabad,18-25,Google
C04030,2025-03-07,Kolkata,36-45,Google
C04031,2025-04-15,Hyderabad,36-45,Google
C04032,2024-08-04,Mumbai,36-45,Google
C04033,2025-01-19,Pune,36-45,Organic
C04034,2026-03-31,Hyderabad,36-45,Referral
C04035,2024-07-30,Bangalore,56+,Organic
C04036,2026-02-05,Mumbai,36-45,Referral
C04037,2025-05-27,Delhi,18-25,YouTube
C04038,2025-07-09,Kolkata,18-25,Instagram
C04039,2026-02-17,Mumbai,26-35,Instagram
C04040,2024-11-17,Kolkata,36-45,Google
C04041,2026-03-22,Mumbai,26-35,Facebook
C04042,2024-12-24,Chennai,26-35,Organic
C04043,2025-02-09,Bangalore,36-45,Organic
C04044,2025-04-14,Ahmedabad,26-35,Google
C04045,2025-07-20,Hyderabad,26-35,Google
C04046,2025-01-23,Delhi,46-55,Facebook
C04047,2025-11-19,Delhi,26-35,Referral
C04048,2024-07-14,Delhi,26-35,Organic
C04049,2025-08-30,Mumbai,26-35,YouTube
C04050,2025-08-24,Pune,26-35,Organic
C04051,2025-06-07,Ahmedabad,26-35,Google
C04052,2025-07-27,Pune,18-25,Google
C04053,2025-10-21,Hyderabad,26-35,Instagram
C04054,2026-01-29,Mumbai,36-45,Facebook
C04055,2024-11-17,Kolkata,18-25,YouTube
C04056,2025-05-01,Kolkata,26-35,Google
C04057,2025-06-25,Delhi,26-35,Facebook
C04058,2025-02-06,Ahmedabad,26-35,Instagram
C04059,2026-03-15,Mumbai,26-35,Instagram
C04060,2025-05-23,Chennai,26-35,Instagram
C04061,2025-07-14,Ahmedabad,26-35,YouTube
C04062,2024-11-02,Pune,36-45,Instagram
C04063,2025-03-23,Bangalore,26-35,Instagram
C04064,2025-08-04,Hyderabad,56+,Google
C04065,2025-03-31,Bangalore,26-35,Referral
C04066,2025-11-05,Chennai,36-45,Referral
C04067,2024-09-26,Delhi,26-35,Google
C04068,2024-10-07,Pune,36-45,YouTube
C04069,2025-02-02,Ahmedabad,46-55,Facebook
C04070,2025-01-20,Delhi,26-35,Google
C04071,2025-12-04,Mumbai,26-35,Facebook
C04072,2026-01-06,Pune,46-55,YouTube
C04073,2025-04-28,Mumbai,46-55,YouTube
C04074,2025-05-20,Bangalore,56+,Instagram
C04075,2025-01-05,Bangalore,18-25,YouTube
C04076,2025-06-05,Mumbai,18-25,Organic
C04077,2025-09-25,Pune,26-35,Instagram
C04078,2025-10-05,Hyderabad,36-45,Organic
C04079,2026-03-12,Bangalore,18-25,Google
C04080,2025-07-05,Mumbai,26-35,YouTube
C04081,2025-02-03,Mumbai,26-35,Organic
C04082,2024-08-14,Delhi,18-25,Referral
C04083,2025-09-13,Chennai,36-45,Instagram
C04084,2025-11-26,Delhi,18-25,YouTube
C04085,2025-06-18,Hyderabad,46-55,Instagram
C04086,2026-02-10,Ahmedabad,26-35,YouTube
C04087,2025-01-19,Hyderabad,26-35,Organic
C04088,2024-08-04,Pune,26-35,Instagram
C04089,2025-08-09,Bangalore,26-35,Referral
C04090,2024-09-16,Bangalore,26-35,Facebook
C04091,2024-08-23,Bangalore,46-55,Facebook
C04092,2025-09-22,Chennai,26-35,Instagram
C04093,2025-04-04,Kolkata,18-25,Instagram
C04094,2025-07-22,Delhi,36-45,Instagram
C04095,2025-10-21,Delhi,18-25,Organic
C04096,2025-03-02,Delhi,26-35,Instagram
C04097,2025-07-26,Hyderabad,26-35,Instagram
C04098,2025-06-10,Pune,26-35,Google
C04099,2025-07-06,Pune,18-25,Facebook
C04100,2025-09-23,Kolkata,18-25,Google
C04101,2025-03-01,Delhi,18-25,Organic
C04102,2025-05-19,Pune,26-35,Instagram
C04103,2025-07-13,Hyderabad,26-35,Organic
C04104,2024-09-28,Delhi,36-45,Organic
C04105,2024-11-13,Kolkata,18-25,Facebook
C04106,2024-08-27,Bangalore,18-25,Organic
C04107,2024-11-04,Pune,36-45,Instagram
C04108,2025-04-07,Chennai,26-35,Google
C04109,2026-02-20,Ahmedabad,36-45,Instagram
C04110,2026-02-10,Hyderabad,18-25,Google
C04111,2025-10-31,Delhi,18-25,Facebook
C04112,2025-06-22,Kolkata,26-35,Referral
C04113,2024-11-07,Chennai,26-35,YouTube
C04114,2025-02-14,Hyderabad,26-35,Instagram
C04115,2025-11-02,Chennai,18-25,YouTube
C04116,2026-02-01,Delhi,18-25,YouTube
C04117,2026-03-08,Hyderabad,36-45,Organic
C04118,2025-03-06,Kolkata,26-35,Instagram
C04119,2025-05-07,Delhi,36-45,YouTube
C04120,2025-05-22,Hyderabad,26-35,Facebook
C04121,2024-08-05,Ahmedabad,26-35,Google
C04122,2024-09-13,Chennai,18-25,Facebook
C04123,2024-07-29,Kolkata,56+,YouTube
C04124,2025-10-15,Mumbai,18-25,Google
C04125,2024-11-21,Ahmedabad,18-25,Google
C04126,2025-09-21,Bangalore,36-45,Google
C04127,2025-02-25,Hyderabad,18-25,Referral
C04128,2025-11-20,Mumbai,26-35,YouTube
C04129,2024-09-12,Chennai,18-25,YouTube
C04130,2025-01-24,Kolkata,36-45,Instagram
C04131,2024-11-08,Chennai,26-35,Referral
C04132,2025-04-05,Pune,46-55,Referral
C04133,2025-06-25,Mumbai,36-45,Referral
C04134,2024-10-16,Hyderabad,26-35,Organic
C04135,2025-08-31,Hyderabad,18-25,Organic
C04136,2026-03-09,Bangalore,36-45,Google
C04137,2024-07-28,Hyderabad,46-55,Google
C04138,2024-08-25,Kolkata,36-45,YouTube
C04139,2026-03-01,Pune,18-25,Google
C04140,2025-08-19,Chennai,36-45,Referral
C04141,2026-02-08,Mumbai,36-45,Facebook
C04142,2025-09-24,Hyderabad,46-55,YouTube
C04143,2025-10-02,Bangalore,18-25,Organic
C04144,2024-10-09,Mumbai,36-45,Google
C04145,2025-05-24,Mumbai,36-45,Organic
C04146,2025-02-19,Delhi,46-55,Organic
C04147,2025-12-15,Bangalore,36-45,Referral
C04148,2024-07-28,Pune,46-55,Instagram
C04149,2024-07-12,Mumbai,26-35,Google
C04150,2025-06-21,Mumbai,18-25,Referral
C04151,2026-03-13,Delhi,26-35,Facebook
C04152,2026-03-28,Hyderabad,36-45,Organic
C04153,2025-07-15,Mumbai,18-25,Instagram
C04154,2025-04-01,Mumbai,26-35,Google
C04155,2024-12-22,Hyderabad,56+,Referral
C04156,2026-03-25,Bangalore,46-55,Referral
C04157,2024-10-26,Kolkata,36-45,Instagram
C04158,2024-09-19,Bangalore,36-45,Facebook
C04159,2025-05-21,Mumbai,18-25,Facebook
C04160,2025-03-08,Delhi,26-35,Facebook
C04161,2025-05-13,Hyderabad,26-35,Referral
C04162,2026-01-28,Delhi,36-45,YouTube
C04163,2024-12-20,Kolkata,26-35,Organic
C04164,2026-01-12,Mumbai,18-25,Referral
C04165,2024-11-13,Pune,36-45,Instagram
C04166,2025-01-23,Delhi,26-35,Instagram
C04167,2024-07-03,Bangalore,46-55,Google
C04168,2025-09-07,Mumbai,26-35,Facebook
C04169,2025-12-31,Hyderabad,46-55,Organic
C04170,2026-01-18,Mumbai,26-35,Facebook
C04171,2024-10-16,Ahmedabad,36-45,Referral
C04172,2025-11-03,Pune,36-45,Instagram
C04173,2024-09-29,Ahmedabad,18-25,Referral
C04174,2025-08-06,Delhi,26-35,Instagram
C04175,2025-09-22,Chennai,46-55,Facebook
C04176,2024-10-06,Hyderabad,18-25,Google
C04177,2024-09-09,Pune,36-45,Google
C04178,2024-08-16,Ahmedabad,18-25,Referral
C04179,2025-09-26,Pune,36-45,YouTube
C04180,2025-07-28,Kolkata,18-25,Referral
C04181,2024-09-15,Chennai,26-35,Instagram
C04182,2025-05-16,Bangalore,26-35,Organic
C04183,2025-11-21,Pune,18-25,Instagram
C04184,2024-11-30,Hyderabad,26-35,Organic
C04185,2025-07-23,Ahmedabad,46-55,Organic
C04186,2025-01-04,Chennai,36-45,Google
C04187,2024-12-14,Bangalore,56+,Referral
C04188,2025-03-08,Bangalore,36-45,Instagram
C04189,2025-02-11,Bangalore,36-45,Google
C04190,2025-05-13,Hyderabad,26-35,Organic
C04191,2024-11-09,Bangalore,46-55,Google
C04192,2025-03-07,Chennai,26-35,Instagram
C04193,2025-08-02,Hyderabad,26-35,Organic
C04194,2025-03-05,Kolkata,36-45,Organic
C04195,2025-08-24,Delhi,46-55,YouTube
C04196,2024-09-12,Hyderabad,26-35,YouTube
C04197,2024-09-26,Bangalore,18-25,Referral
C04198,2026-01-05,Kolkata,26-35,Google
C04199,2025-04-22,Bangalore,36-45,Organic
C04200,2025-07-25,Bangalore,26-35,YouTube
C04201,2025-10-16,Delhi,36-45,Referral
C04202,2024-10-02,Chennai,26-35,Facebook
C04203,2026-03-14,Bangalore,26-35,Organic
C04204,2025-03-28,Pune,26-35,Google
C04205,2026-01-20,Chennai,26-35,YouTube
C04206,2025-03-24,Chennai,36-45,Instagram
C04207,2025-03-17,Delhi,18-25,Facebook
C04208,2025-07-19,Bangalore,36-45,Google
C04209,2024-10-30,Mumbai,26-35,Organic
C04210,2025-07-25,Delhi,56+,Organic
C04211,2026-03-21,Pune,36-45,Instagram
C04212,2025-08-17,Mumbai,18-25,Organic
C04213,2024-08-14,Mumbai,56+,Google
C04214,2025-09-19,Bangalore,26-35,Google
C04215,2024-07-22,Hyderabad,26-35,Instagram
C04216,2024-09-05,Delhi,46-55,YouTube
C04217,2024-12-29,Pune,46-55,YouTube
C04218,2025-01-11,Bangalore,36-45,Instagram
C04219,2024-07-03,Ahmedabad,56+,YouTube
C04220,2024-07-12,Pune,26-35,Facebook
C04221,2025-11-17,Delhi,18-25,Instagram
C04222,2025-04-17,Bangalore,18-25,Facebook
C04223,2024-11-05,Delhi,26-35,Instagram
C04224,2025-04-01,Bangalore,26-35,YouTube
C04225,2025-09-16,Delhi,26-35,Referral
C04226,2025-10-13,Kolkata,26-35,Facebook
C04227,2025-01-01,Hyderabad,18-25,Google
C04228,2024-10-15,Bangalore,26-35,Google
C04229,2026-03-06,Hyderabad,36-45,YouTube
C04230,2025-08-08,Delhi,18-25,Organic
C04231,2026-03-21,Ahmedabad,36-45,Organic
C04232,2025-01-12,Bangalore,36-45,Organic
C04233,2024-09-10,Chennai,26-35,Organic
C04234,2025-03-02,Chennai,46-55,Instagram
C04235,2025-01-26,Bangalore,56+,Instagram
C04236,2025-10-03,Bangalore,18-25,Google
C04237,2025-10-01,Mumbai,36-45,Instagram
C04238,2024-08-15,Kolkata,18-25,YouTube
C04239,2025-07-11,Hyderabad,26-35,Google
C04240,2025-02-05,Pune,26-35,Referral
C04241,2025-07-28,Chennai,36-45,Instagram
C04242,2025-03-08,Kolkata,46-55,YouTube
C04243,2025-06-09,Mumbai,36-45,Instagram
C04244,2025-10-01,Hyderabad,36-45,Instagram
C04245,2025-01-04,Pune,26-35,YouTube
C04246,2024-11-05,Delhi,18-25,Instagram
C04247,2025-09-25,Kolkata,18-25,YouTube
C04248,2026-02-26,Bangalore,26-35,Google
C04249,2025-04-10,Delhi,36-45,Organic
C04250,2026-03-30,Chennai,18-25,Instagram
C04251,2024-10-27,Mumbai,26-35,Google
C04252,2025-12-06,Bangalore,18-25,Referral
C04253,2026-03-24,Delhi,26-35,Organic
C04254,2025-01-08,Hyderabad,26-35,YouTube
C04255,2024-10-03,Kolkata,18-25,Google
C04256,2025-08-29,Bangalore,18-25,Organic
C04257,2026-01-07,Bangalore,26-35,Instagram
C04258,2024-08-23,Mumbai,26-35,YouTube
C04259,2025-08-14,Ahmedabad,46-55,Facebook
C04260,2026-01-08,Delhi,18-25,Instagram
C04261,2024-07-21,Ahmedabad,26-35,Instagram
C04262,2025-05-26,Kolkata,26-35,Organic
C04263,2024-08-19,Delhi,36-45,YouTube
C04264,2024-10-21,Chennai,26-35,Organic
C04265,2025-05-07,Pune,18-25,Referral
C04266,2025-01-26,Hyderabad,46-55,Organic
C04267,2024-08-24,Mumbai,56+,Google
C04268,2025-11-24,Chennai,26-35,Facebook
C04269,2024-11-07,Chennai,26-35,YouTube
C04270,2026-01-08,Chennai,18-25,YouTube
C04271,2024-10-21,Ahmedabad,18-25,YouTube
C04272,2025-05-29,Mumbai,18-25,Facebook
C04273,2025-10-08,Chennai,36-45,Instagram
C04274,2025-05-03,Kolkata,18-25,Facebook
C04275,2025-03-24,Delhi,18-25,Google
C04276,2025-10-23,Bangalore,18-25,Google
C04277,2024-07-08,Mumbai,18-25,Google
C04278,2025-12-10,Kolkata,26-35,Google
C04279,2025-09-14,Delhi,26-35,Referral
C04280,2025-11-01,Pune,26-35,Referral
C04281,2025-03-26,Bangalore,26-35,Instagram
C04282,2025-03-03,Mumbai,26-35,Google
C04283,2025-07-01,Pune,36-45,Google
C04284,2025-08-15,Bangalore,26-35,Organic
C04285,2026-02-12,Kolkata,18-25,Organic
C04286,2025-12-30,Bangalore,46-55,Organic
C04287,2024-08-04,Kolkata,36-45,Organic
C04288,2024-10-05,Delhi,26-35,Organic
C04289,2026-02-25,Ahmedabad,18-25,Google
C04290,2025-03-06,Hyderabad,18-25,Referral
C04291,2025-07-06,Bangalore,18-25,Referral
C04292,2024-08-06,Bangalore,46-55,Instagram
C04293,2024-09-05,Bangalore,26-35,Facebook
C04294,2025-03-19,Hyderabad,18-25,Instagram
C04295,2025-10-02,Chennai,18-25,Facebook
C04296,2025-11-06,Mumbai,18-25,Instagram
C04297,2026-01-23,Mumbai,18-25,Organic
C04298,2024-11-03,Hyderabad,26-35,Google
C04299,2024-11-06,Hyderabad,26-35,Facebook
C04300,2025-06-12,Pune,46-55,YouTube
C04301,2025-06-15,Mumbai,36-45,Instagram
C04302,2024-07-24,Pune,46-55,Instagram
C04303,2025-04-12,Ahmedabad,46-55,Organic
C04304,2026-01-25,Mumbai,46-55,Instagram
C04305,2024-10-13,Bangalore,56+,Instagram
C04306,2025-12-06,Bangalore,26-35,Facebook
C04307,2025-04-12,Hyderabad,18-25,Organic
C04308,2025-06-01,Mumbai,18-25,Instagram
C04309,2025-08-14,Ahmedabad,26-35,Referral
C04310,2025-09-24,Pune,36-45,Instagram
C04311,2025-08-12,Hyderabad,18-25,YouTube
C04312,2024-09-05,Chennai,36-45,Instagram
C04313,2025-01-05,Delhi,36-45,Google
C04314,2025-12-23,Chennai,26-35,Google
C04315,2024-07-26,Bangalore,26-35,Facebook
C04316,2025-10-01,Pune,18-25,Instagram
C04317,2025-05-29,Ahmedabad,26-35,Organic
C04318,2024-09-15,Chennai,18-25,Referral
C04319,2024-09-17,Kolkata,26-35,YouTube
C04320,2026-03-19,Mumbai,26-35,Google
C04321,2024-07-20,Kolkata,18-25,YouTube
C04322,2024-07-15,Hyderabad,26-35,Facebook
C04323,2024-07-11,Pune,26-35,Google
C04324,2025-08-06,Bangalore,26-35,Google
C04325,2026-02-12,Delhi,56+,Facebook
C04326,2024-10-18,Hyderabad,18-25,Referral
C04327,2025-11-21,Bangalore,46-55,YouTube
C04328,2025-10-03,Chennai,18-25,YouTube
C04329,2024-11-24,Kolkata,18-25,Google
C04330,2024-08-14,Ahmedabad,56+,Instagram
C04331,2025-05-08,Bangalore,36-45,Google
C04332,2024-08-21,Ahmedabad,36-45,Organic
C04333,2024-09-11,Bangalore,36-45,Referral
C04334,2025-04-24,Mumbai,26-35,Organic
C04335,2025-12-04,Kolkata,36-45,Referral
C04336,2026-03-28,Bangalore,18-25,YouTube
C04337,2025-08-06,Bangalore,36-45,Instagram
C04338,2024-12-24,Bangalore,46-55,Referral
C04339,2025-01-26,Hyderabad,46-55,Instagram
C04340,2025-07-27,Chennai,36-45,Instagram
C04341,2024-10-19,Bangalore,36-45,Google
C04342,2025-05-28,Bangalore,26-35,Facebook
C04343,2025-11-04,Hyderabad,26-35,Google
C04344,2025-12-21,Delhi,46-55,Google
C04345,2024-08-07,Chennai,36-45,Organic
C04346,2025-01-01,Ahmedabad,26-35,Organic
C04347,2024-12-10,Chennai,36-45,Referral
C04348,2025-06-20,Kolkata,18-25,Google
C04349,2024-10-27,Hyderabad,36-45,Google
C04350,2026-02-28,Kolkata,36-45,Google
C04351,2026-02-07,Delhi,18-25,Google
C04352,2025-01-29,Bangalore,18-25,Instagram
C04353,2025-03-18,Pune,36-45,Organic
C04354,2025-04-07,Bangalore,18-25,Facebook
C04355,2024-07-28,Kolkata,56+,Google
C04356,2026-01-19,Pune,18-25,Google
C04357,2025-11-11,Ahmedabad,18-25,Facebook
C04358,2025-01-29,Delhi,18-25,Referral
C04359,2025-06-15,Hyderabad,36-45,Organic
C04360,2025-03-01,Chennai,26-35,YouTube
C04361,2024-11-23,Delhi,46-55,Organic
C04362,2025-01-11,Hyderabad,56+,Organic
C04363,2024-09-07,Pune,26-35,Google
C04364,2025-11-30,Ahmedabad,18-25,Facebook
C04365,2025-08-23,Chennai,18-25,Organic
C04366,2026-02-15,Bangalore,46-55,Instagram
C04367,2024-07-05,Mumbai,18-25,Organic
C04368,2025-08-08,Hyderabad,46-55,Instagram
C04369,2025-06-24,Bangalore,46-55,Referral
C04370,2025-08-03,Mumbai,26-35,Instagram
C04371,2026-03-25,Delhi,26-35,Organic
C04372,2025-03-07,Bangalore,56+,Referral
C04373,2024-09-29,Hyderabad,36-45,Referral
C04374,2024-07-08,Bangalore,36-45,Organic
C04375,2025-05-11,Hyderabad,26-35,Google
C04376,2024-10-20,Bangalore,26-35,Google
C04377,2024-09-29,Chennai,26-35,Referral
C04378,2024-10-03,Delhi,46-55,Referral
C04379,2024-12-24,Kolkata,26-35,Facebook
C04380,2024-09-13,Bangalore,36-45,Google
C04381,2025-05-07,Hyderabad,18-25,Organic
C04382,2025-08-22,Delhi,46-55,Facebook
C04383,2025-01-01,Delhi,26-35,Organic
C04384,2024-09-26,Mumbai,36-45,Google
C04385,2025-07-01,Kolkata,18-25,Referral
C04386,2024-08-24,Ahmedabad,46-55,YouTube
C04387,2025-10-15,Delhi,36-45,Referral
C04388,2025-03-02,Bangalore,26-35,Google
C04389,2025-03-19,Chennai,26-35,Referral
C04390,2024-12-07,Hyderabad,26-35,Google
C04391,2024-12-28,Delhi,26-35,Organic
C04392,2024-10-02,Chennai,18-25,Facebook
C04393,2025-06-22,Hyderabad,26-35,Facebook
C04394,2024-10-02,Pune,26-35,Organic
C04395,2025-09-08,Mumbai,26-35,YouTube
C04396,2024-12-11,Mumbai,36-45,YouTube
C04397,2025-06-27,Delhi,26-35,Facebook
C04398,2025-06-09,Chennai,18-25,YouTube
C04399,2025-08-09,Bangalore,46-55,Facebook
C04400,2025-10-28,Chennai,26-35,Google
C04401,2025-06-24,Chennai,36-45,Instagram
C04402,2025-12-27,Chennai,46-55,Instagram
C04403,2024-12-13,Bangalore,36-45,Organic
C04404,2025-10-24,Delhi,26-35,Facebook
C04405,2025-02-05,Mumbai,26-35,Facebook
C04406,2025-08-06,Hyderabad,46-55,YouTube
C04407,2025-05-11,Ahmedabad,36-45,YouTube
C04408,2026-01-31,Mumbai,18-25,Referral
C04409,2024-12-21,Kolkata,26-35,Referral
C04410,2025-05-29,Bangalore,46-55,Organic
C04411,2024-10-14,Mumbai,36-45,Instagram
C04412,2025-08-09,Bangalore,18-25,YouTube
C04413,2024-07-24,Chennai,26-35,Organic
C04414,2025-03-21,Bangalore,26-35,Instagram
C04415,2024-07-07,Delhi,18-25,Organic
C04416,2025-01-26,Chennai,36-45,Organic
C04417,2025-05-06,Hyderabad,26-35,Organic
C04418,2025-01-28,Bangalore,26-35,YouTube
C04419,2025-03-04,Bangalore,26-35,Google
C04420,2024-10-03,Hyderabad,46-55,YouTube
C04421,2025-09-30,Delhi,46-55,Google
C04422,2025-11-22,Delhi,36-45,Google
C04423,2025-04-17,Pune,46-55,Referral
C04424,2024-08-05,Delhi,56+,YouTube
C04425,2024-08-09,Hyderabad,26-35,Facebook
C04426,2025-09-05,Mumbai,18-25,Instagram
C04427,2026-02-14,Delhi,36-45,Organic
C04428,2026-01-04,Bangalore,26-35,YouTube
C04429,2025-03-17,Delhi,26-35,Facebook
C04430,2025-05-14,Bangalore,56+,Google
C04431,2024-10-13,Delhi,26-35,Instagram
C04432,2024-08-14,Kolkata,46-55,Referral
C04433,2025-11-02,Kolkata,26-35,Facebook
C04434,2025-03-31,Mumbai,18-25,Google
C04435,2025-05-14,Hyderabad,46-55,Referral
C04436,2025-02-05,Hyderabad,36-45,Facebook
C04437,2025-01-17,Kolkata,36-45,Referral
C04438,2026-03-22,Delhi,26-35,Organic
C04439,2025-12-04,Delhi,18-25,Facebook
C04440,2025-09-15,Delhi,18-25,Google
C04441,2025-03-06,Bangalore,18-25,Google
C04442,2025-10-04,Delhi,18-25,Google
C04443,2025-02-02,Kolkata,26-35,Organic
C04444,2025-05-26,Ahmedabad,26-35,Instagram
C04445,2024-10-01,Bangalore,18-25,Instagram
C04446,2025-09-27,Mumbai,26-35,Google
C04447,2024-08-08,Mumbai,18-25,Referral
C04448,2025-10-05,Hyderabad,18-25,YouTube
C04449,2025-07-21,Hyderabad,46-55,Referral
C04450,2024-08-12,Bangalore,56+,Organic
C04451,2025-05-20,Kolkata,36-45,Facebook
C04452,2024-11-20,Ahmedabad,18-25,Organic
C04453,2025-05-01,Pune,36-45,Organic
C04454,2024-07-09,Pune,18-25,Instagram
C04455,2025-10-05,Hyderabad,26-35,Referral
C04456,2025-05-22,Delhi,46-55,Google
C04457,2025-02-17,Bangalore,26-35,Referral
C04458,2026-01-11,Hyderabad,46-55,Facebook
C04459,2025-08-17,Bangalore,36-45,Google
C04460,2025-07-25,Kolkata,26-35,Instagram
C04461,2024-10-03,Mumbai,18-25,YouTube
C04462,2025-05-16,Mumbai,36-45,Facebook
C04463,2025-09-21,Delhi,26-35,Organic
C04464,2026-02-12,Ahmedabad,18-25,Instagram
C04465,2025-07-22,Bangalore,18-25,Referral
C04466,2024-10-19,Bangalore,56+,Google
C04467,2025-09-07,Bangalore,18-25,Organic
C04468,2024-08-17,Pune,56+,Organic
C04469,2025-01-16,Ahmedabad,36-45,YouTube
C04470,2026-02-07,Delhi,26-35,Google
C04471,2025-11-25,Kolkata,26-35,Facebook
C04472,2026-01-28,Delhi,36-45,Google
C04473,2025-02-11,Pune,26-35,Instagram
C04474,2025-09-10,Bangalore,18-25,YouTube
C04475,2025-09-21,Hyderabad,18-25,Referral
C04476,2024-12-05,Pune,46-55,Referral
C04477,2026-02-23,Hyderabad,36-45,Google
C04478,2026-03-12,Delhi,26-35,Instagram
C04479,2024-09-09,Kolkata,18-25,Google
C04480,2025-11-02,Ahmedabad,26-35,Organic
C04481,2025-04-13,Mumbai,36-45,Google
C04482,2025-09-04,Pune,18-25,Facebook
C04483,2025-06-20,Chennai,56+,Organic
C04484,2024-11-20,Delhi,46-55,YouTube
C04485,2024-08-31,Kolkata,26-35,YouTube
C04486,2025-05-24,Delhi,46-55,Organic
C04487,2025-12-17,Chennai,36-45,Referral
C04488,2025-12-08,Bangalore,36-45,Facebook
C04489,2024-12-23,Delhi,18-25,Referral
C04490,2026-01-01,Hyderabad,46-55,Instagram
C04491,2025-02-13,Hyderabad,26-35,Organic
C04492,2025-06-24,Kolkata,36-45,Instagram
C04493,2025-01-24,Ahmedabad,26-35,Organic
C04494,2025-05-31,Bangalore,26-35,Facebook
C04495,2025-06-04,Delhi,56+,Organic
C04496,2025-09-19,Mumbai,26-35,Google
C04497,2025-04-28,Mumbai,18-25,Instagram
C04498,2025-06-03,Hyderabad,36-45,Google
C04499,2025-08-21,Kolkata,18-25,Instagram
C04500,2025-03-24,Chennai,46-55,Referral
C04501,2025-06-01,Bangalore,46-55,Organic
C04502,2024-08-24,Mumbai,18-25,Organic
C04503,2026-01-07,Pune,26-35,Organic
C04504,2024-09-19,Mumbai,56+,Referral
C04505,2026-01-09,Bangalore,46-55,Instagram
C04506,2025-10-29,Mumbai,26-35,Organic
C04507,2026-02-26,Mumbai,36-45,Referral
C04508,2024-07-16,Delhi,26-35,Google
C04509,2024-11-16,Chennai,18-25,Organic
C04510,2024-08-03,Delhi,36-45,Google
C04511,2025-03-24,Hyderabad,26-35,Instagram
C04512,2026-01-30,Hyderabad,26-35,Referral
C04513,2025-11-02,Kolkata,26-35,Google
C04514,2025-09-23,Bangalore,46-55,Organic
C04515,2025-12-25,Bangalore,18-25,Instagram
C04516,2024-07-03,Delhi,18-25,YouTube
C04517,2025-11-16,Mumbai,18-25,Referral
C04518,2025-01-16,Delhi,18-25,Instagram
C04519,2025-09-15,Chennai,56+,Instagram
C04520,2025-10-31,Delhi,26-35,Facebook
C04521,2025-09-12,Bangalore,18-25,Referral
C04522,2025-03-24,Mumbai,56+,Organic
C04523,2025-07-26,Chennai,18-25,YouTube
C04524,2025-04-26,Kolkata,26-35,Google
C04525,2025-08-06,Chennai,36-45,Referral
C04526,2025-04-20,Hyderabad,36-45,Organic
C04527,2025-03-09,Chennai,18-25,YouTube
C04528,2024-11-07,Pune,36-45,Referral
C04529,2025-03-05,Delhi,26-35,Facebook
C04530,2025-10-04,Hyderabad,36-45,Organic
C04531,2026-01-08,Chennai,18-25,YouTube
C04532,2024-09-04,Delhi,36-45,Instagram
C04533,2024-10-25,Pune,26-35,Referral
C04534,2025-05-21,Hyderabad,36-45,Instagram
C04535,2025-09-22,Hyderabad,46-55,Facebook
C04536,2024-10-17,Bangalore,46-55,Google
C04537,2025-01-24,Pune,36-45,Organic
C04538,2024-07-30,Kolkata,26-35,Instagram
C04539,2024-08-03,Bangalore,18-25,Google
C04540,2024-09-30,Mumbai,26-35,Google
C04541,2025-10-09,Bangalore,18-25,Organic
C04542,2026-01-07,Bangalore,36-45,Google
C04543,2025-05-15,Ahmedabad,36-45,YouTube
C04544,2024-10-21,Hyderabad,26-35,Organic
C04545,2026-02-09,Mumbai,18-25,Facebook
C04546,2024-12-25,Delhi,46-55,Organic
C04547,2024-10-07,Ahmedabad,26-35,Organic
C04548,2024-09-27,Delhi,26-35,Organic
C04549,2025-02-11,Chennai,26-35,Instagram
C04550,2025-10-14,Delhi,18-25,Referral
C04551,2025-03-11,Bangalore,36-45,YouTube
C04552,2025-04-11,Pune,18-25,Instagram
C04553,2025-02-03,Bangalore,26-35,Instagram
C04554,2026-02-23,Pune,18-25,Organic
C04555,2025-09-10,Delhi,18-25,YouTube
C04556,2025-08-29,Chennai,18-25,Google
C04557,2025-04-06,Chennai,18-25,YouTube
C04558,2025-06-05,Chennai,46-55,Google
C04559,2026-01-17,Bangalore,36-45,Referral
C04560,2025-08-24,Pune,18-25,Facebook
C04561,2025-12-03,Ahmedabad,18-25,Referral
C04562,2024-07-26,Delhi,36-45,Organic
C04563,2026-01-01,Delhi,18-25,Facebook
C04564,2026-02-28,Chennai,26-35,Google
C04565,2025-08-31,Bangalore,18-25,Instagram
C04566,2026-03-04,Pune,26-35,Facebook
C04567,2025-06-28,Chennai,56+,Referral
C04568,2024-12-24,Bangalore,18-25,Facebook
C04569,2025-07-23,Hyderabad,56+,YouTube
C04570,2025-08-06,Hyderabad,46-55,Organic
C04571,2024-10-01,Delhi,56+,Referral
C04572,2024-11-07,Kolkata,36-45,Referral
C04573,2025-01-03,Bangalore,46-55,Instagram
C04574,2025-06-15,Mumbai,26-35,Referral
C04575,2024-10-03,Kolkata,46-55,YouTube
C04576,2025-11-05,Delhi,18-25,Facebook
C04577,2024-09-08,Kolkata,36-45,Facebook
C04578,2026-02-21,Bangalore,26-35,Facebook
C04579,2025-09-05,Hyderabad,18-25,Instagram
C04580,2025-02-02,Bangalore,26-35,Referral
C04581,2025-02-24,Pune,18-25,Google
C04582,2025-09-17,Chennai,26-35,Organic
C04583,2024-08-26,Kolkata,18-25,Facebook
C04584,2025-10-01,Ahmedabad,18-25,YouTube
C04585,2025-06-18,Pune,26-35,YouTube
C04586,2024-11-19,Chennai,26-35,Google
C04587,2026-01-25,Hyderabad,18-25,Referral
C04588,2025-08-06,Ahmedabad,18-25,Google
C04589,2024-10-13,Pune,26-35,Referral
C04590,2025-08-23,Kolkata,26-35,Google
C04591,2025-03-20,Delhi,18-25,YouTube
C04592,2025-11-01,Hyderabad,56+,Referral
C04593,2025-05-11,Chennai,26-35,Organic
C04594,2026-03-31,Delhi,26-35,YouTube
C04595,2026-02-13,Delhi,26-35,Google
C04596,2024-07-26,Ahmedabad,46-55,Organic
C04597,2025-03-20,Mumbai,26-35,YouTube
C04598,2024-11-07,Delhi,18-25,Facebook
C04599,2025-04-14,Delhi,26-35,Instagram
C04600,2024-10-01,Mumbai,26-35,Organic
C04601,2025-06-08,Pune,26-35,Referral
C04602,2024-10-07,Ahmedabad,56+,Google
C04603,2025-08-03,Ahmedabad,56+,Instagram
C04604,2025-04-17,Pune,26-35,Organic
C04605,2026-03-27,Pune,18-25,Google
C04606,2026-01-13,Delhi,26-35,Organic
C04607,2025-07-19,Kolkata,56+,Google
C04608,2025-04-13,Delhi,46-55,Instagram
C04609,2025-10-01,Bangalore,18-25,Organic
C04610,2025-09-01,Ahmedabad,18-25,Instagram
C04611,2024-09-28,Kolkata,18-25,Google
C04612,2025-02-26,Delhi,36-45,Google
C04613,2026-03-27,Pune,26-35,Google
C04614,2025-01-21,Mumbai,26-35,Referral
C04615,2024-07-09,Delhi,26-35,YouTube
C04616,2025-12-16,Delhi,18-25,Organic
C04617,2026-02-17,Bangalore,46-55,Instagram
C04618,2025-08-23,Hyderabad,26-35,Google
C04619,2025-08-10,Mumbai,18-25,YouTube
C04620,2025-02-10,Hyderabad,36-45,Google
C04621,2025-02-15,Delhi,26-35,Google
C04622,2026-02-05,Ahmedabad,36-45,Instagram
C04623,2025-12-31,Pune,36-45,Organic
C04624,2025-05-15,Kolkata,18-25,Organic
C04625,2025-01-17,Bangalore,18-25,Google
C04626,2024-10-29,Pune,18-25,Instagram
C04627,2024-07-07,Kolkata,36-45,Organic
C04628,2025-05-05,Delhi,46-55,Instagram
C04629,2025-06-19,Delhi,26-35,Referral
C04630,2025-09-05,Delhi,36-45,YouTube
C04631,2025-11-27,Delhi,36-45,Google
C04632,2025-02-20,Mumbai,56+,Google
C04633,2024-10-15,Delhi,26-35,Organic
C04634,2025-12-22,Delhi,18-25,Organic
C04635,2025-10-31,Pune,36-45,Referral
C04636,2025-06-06,Bangalore,36-45,Referral
C04637,2024-07-26,Mumbai,36-45,Referral
C04638,2025-04-25,Pune,46-55,Referral
C04639,2025-07-31,Bangalore,26-35,Google
C04640,2025-12-31,Delhi,36-45,Google
C04641,2025-05-21,Delhi,18-25,Google
C04642,2025-04-22,Bangalore,26-35,Referral
C04643,2025-02-28,Mumbai,18-25,Google
C04644,2025-03-22,Bangalore,18-25,Organic
C04645,2024-07-11,Delhi,18-25,Organic
C04646,2024-09-05,Ahmedabad,36-45,Facebook
C04647,2025-10-27,Ahmedabad,46-55,Organic
C04648,2025-02-17,Delhi,26-35,Organic
C04649,2025-12-26,Delhi,26-35,Instagram
C04650,2025-03-11,Mumbai,18-25,Organic
C04651,2026-03-29,Kolkata,26-35,Referral
C04652,2024-10-24,Chennai,26-35,YouTube
C04653,2024-10-29,Bangalore,26-35,Facebook
C04654,2025-07-11,Bangalore,46-55,Google
C04655,2025-11-25,Mumbai,26-35,Facebook
C04656,2024-09-30,Kolkata,36-45,Organic
C04657,2025-05-18,Kolkata,36-45,Organic
C04658,2024-11-20,Bangalore,18-25,Referral
C04659,2025-10-15,Hyderabad,26-35,Google
C04660,2025-06-24,Bangalore,18-25,YouTube
C04661,2025-08-23,Pune,26-35,Instagram
C04662,2024-12-19,Ahmedabad,46-55,Referral
C04663,2025-01-01,Mumbai,26-35,Instagram
C04664,2025-08-13,Bangalore,26-35,Google
C04665,2025-02-11,Hyderabad,18-25,Organic
C04666,2025-09-15,Mumbai,26-35,Organic
C04667,2024-10-07,Chennai,46-55,YouTube
C04668,2025-01-09,Mumbai,26-35,Organic
C04669,2024-09-03,Kolkata,36-45,Organic
C04670,2024-08-25,Delhi,18-25,Facebook
C04671,2024-12-15,Bangalore,18-25,Referral
C04672,2025-05-09,Delhi,26-35,Organic
C04673,2024-10-01,Bangalore,46-55,YouTube
C04674,2024-08-29,Delhi,18-25,Organic
C04675,2026-01-12,Pune,36-45,Organic
C04676,2025-05-26,Bangalore,18-25,Referral
C04677,2025-10-01,Bangalore,26-35,Referral
C04678,2025-10-08,Bangalore,26-35,Organic
C04679,2024-09-03,Bangalore,26-35,Organic
C04680,2025-08-01,Kolkata,26-35,Referral
C04681,2026-01-01,Ahmedabad,18-25,Google
C04682,2025-04-13,Bangalore,46-55,Google
C04683,2026-01-02,Chennai,26-35,Referral
C04684,2026-02-25,Chennai,18-25,Google
C04685,2025-06-15,Ahmedabad,26-35,Referral
C04686,2024-09-04,Mumbai,18-25,Instagram
C04687,2025-07-30,Delhi,26-35,Instagram
C04688,2026-01-14,Mumbai,26-35,YouTube
C04689,2025-07-06,Kolkata,18-25,Referral
C04690,2025-11-24,Chennai,26-35,Organic
C04691,2025-06-08,Mumbai,26-35,Instagram
C04692,2025-03-26,Delhi,46-55,Google
C04693,2026-02-25,Chennai,36-45,Instagram
C04694,2024-10-06,Kolkata,26-35,Instagram
C04695,2025-04-13,Mumbai,36-45,Instagram
C04696,2024-10-08,Pune,18-25,Referral
C04697,2025-08-23,Mumbai,36-45,Instagram
C04698,2026-02-10,Mumbai,18-25,YouTube
C04699,2026-03-30,Hyderabad,18-25,Referral
C04700,2024-11-27,Chennai,26-35,Google
C04701,2025-10-08,Ahmedabad,18-25,YouTube
C04702,2026-01-10,Mumbai,36-45,Referral
C04703,2025-12-15,Mumbai,26-35,Google
C04704,2025-05-18,Mumbai,18-25,Referral
C04705,2024-10-20,Bangalore,26-35,Organic
C04706,2025-04-22,Delhi,26-35,Referral
C04707,2025-11-08,Bangalore,36-45,Facebook
C04708,2025-07-31,Mumbai,36-45,Google
C04709,2025-03-06,Bangalore,26-35,Google
C04710,2024-11-15,Mumbai,36-45,YouTube
C04711,2025-08-21,Chennai,26-35,Organic
C04712,2025-03-31,Delhi,18-25,Facebook
C04713,2025-04-28,Pune,26-35,YouTube
C04714,2026-02-20,Kolkata,18-25,Referral
C04715,2024-07-06,Hyderabad,18-25,Organic
C04716,2024-11-30,Delhi,18-25,Google
C04717,2026-02-08,Mumbai,36-45,Instagram
C04718,2026-02-09,Hyderabad,46-55,Google
C04719,2025-01-10,Hyderabad,56+,Google
C04720,2026-03-28,Bangalore,26-35,Organic
C04721,2024-11-13,Mumbai,26-35,Organic
C04722,2024-08-03,Hyderabad,36-45,Facebook
C04723,2025-01-13,Delhi,26-35,Instagram
C04724,2025-06-05,Pune,26-35,Referral
C04725,2024-07-04,Bangalore,18-25,Google
C04726,2024-10-18,Delhi,26-35,Referral
C04727,2025-11-18,Chennai,36-45,Instagram
C04728,2025-08-02,Delhi,26-35,Referral
C04729,2025-07-22,Hyderabad,18-25,Organic
C04730,2026-03-25,Mumbai,36-45,Google
C04731,2024-11-23,Delhi,26-35,Organic
C04732,2026-01-25,Ahmedabad,18-25,Google
C04733,2025-02-12,Mumbai,26-35,Google
C04734,2026-02-11,Delhi,56+,Facebook
C04735,2025-11-13,Kolkata,26-35,Instagram
C04736,2024-11-14,Chennai,26-35,Google
C04737,2024-11-11,Pune,26-35,Facebook
C04738,2025-06-12,Bangalore,56+,Instagram
C04739,2025-05-18,Bangalore,26-35,Google
C04740,2024-11-28,Pune,26-35,Referral
C04741,2024-12-14,Delhi,26-35,Organic
C04742,2026-01-26,Delhi,36-45,Organic
C04743,2025-10-25,Chennai,18-25,Organic
C04744,2024-10-31,Delhi,18-25,Facebook
C04745,2025-10-07,Bangalore,18-25,Google
C04746,2024-10-07,Bangalore,26-35,Referral
C04747,2025-04-11,Mumbai,36-45,Facebook
C04748,2024-07-08,Pune,26-35,Instagram
C04749,2025-08-19,Kolkata,18-25,Facebook
C04750,2024-10-25,Bangalore,36-45,Facebook
C04751,2024-11-28,Delhi,18-25,Facebook
C04752,2024-10-30,Hyderabad,36-45,Instagram
C04753,2024-10-26,Mumbai,18-25,Organic
C04754,2024-08-19,Hyderabad,46-55,YouTube
C04755,2025-06-20,Ahmedabad,26-35,Google
C04756,2026-01-06,Hyderabad,36-45,Organic
C04757,2025-01-09,Mumbai,18-25,Google
C04758,2025-11-11,Ahmedabad,18-25,Instagram
C04759,2025-06-13,Bangalore,36-45,YouTube
C04760,2024-12-10,Ahmedabad,26-35,Facebook
C04761,2024-08-09,Hyderabad,36-45,Instagram
C04762,2025-11-13,Hyderabad,26-35,Instagram
C04763,2024-07-15,Ahmedabad,26-35,Organic
C04764,2025-03-27,Hyderabad,46-55,Instagram
C04765,2024-07-22,Mumbai,26-35,Organic
C04766,2025-11-08,Delhi,46-55,Organic
C04767,2026-03-25,Pune,26-35,Referral
C04768,2025-01-23,Hyderabad,26-35,Organic
C04769,2025-01-17,Delhi,36-45,Instagram
C04770,2025-06-26,Pune,18-25,Google
C04771,2025-05-17,Pune,18-25,YouTube
C04772,2025-03-01,Mumbai,18-25,Instagram
C04773,2025-02-19,Bangalore,26-35,Google
C04774,2024-10-28,Mumbai,26-35,Organic
C04775,2024-12-08,Bangalore,18-25,Google
C04776,2025-07-10,Bangalore,18-25,Referral
C04777,2025-10-13,Mumbai,26-35,YouTube
C04778,2025-10-23,Bangalore,26-35,Google
C04779,2025-05-27,Delhi,18-25,Referral
C04780,2025-10-25,Pune,18-25,Instagram
C04781,2025-07-14,Delhi,46-55,Organic
C04782,2025-02-13,Ahmedabad,36-45,Google
C04783,2025-02-11,Ahmedabad,26-35,YouTube
C04784,2025-05-28,Hyderabad,18-25,Instagram
C04785,2025-01-13,Ahmedabad,18-25,Organic
C04786,2025-11-01,Kolkata,26-35,YouTube
C04787,2024-10-27,Delhi,26-35,Organic
C04788,2024-08-04,Chennai,46-55,Organic
C04789,2025-05-10,Bangalore,36-45,Google
C04790,2024-08-15,Pune,26-35,Referral
C04791,2024-10-31,Hyderabad,18-25,Google
C04792,2025-02-26,Bangalore,36-45,Google
C04793,2024-07-03,Delhi,46-55,Referral
C04794,2024-11-20,Ahmedabad,18-25,Organic
C04795,2025-06-14,Delhi,46-55,Referral
C04796,2025-02-25,Delhi,18-25,Facebook
C04797,2026-01-24,Delhi,36-45,Organic
C04798,2024-08-29,Mumbai,18-25,Referral
C04799,2025-10-03,Kolkata,26-35,Google
C04800,2025-07-14,Chennai,18-25,Organic
C04801,2025-08-16,Mumbai,26-35,Referral
C04802,2025-09-03,Delhi,26-35,Google
C04803,2024-08-03,Bangalore,26-35,Referral
C04804,2025-11-18,Mumbai,36-45,Organic
C04805,2025-01-28,Chennai,18-25,Google
C04806,2025-08-20,Chennai,36-45,Google
C04807,2025-01-04,Mumbai,18-25,Google
C04808,2025-03-11,Hyderabad,36-45,Google
C04809,2025-09-21,Mumbai,18-25,Google
C04810,2026-02-18,Hyderabad,26-35,Organic
C04811,2026-01-13,Hyderabad,26-35,Organic
C04812,2025-10-08,Pune,56+,Google
C04813,2025-06-10,Hyderabad,26-35,Facebook
C04814,2025-06-03,Ahmedabad,18-25,Organic
C04815,2026-03-10,Mumbai,36-45,Instagram
C04816,2024-11-10,Bangalore,18-25,YouTube
C04817,2026-03-02,Delhi,26-35,Organic
C04818,2025-08-19,Hyderabad,26-35,Referral
C04819,2025-07-29,Hyderabad,36-45,Google
C04820,2025-07-14,Hyderabad,46-55,YouTube
C04821,2025-12-02,Pune,46-55,Instagram
C04822,2025-09-10,Delhi,18-25,Referral
C04823,2024-08-30,Pune,18-25,YouTube
C04824,2025-11-12,Pune,36-45,YouTube
C04825,2025-10-09,Mumbai,26-35,Organic
C04826,2026-02-05,Mumbai,26-35,Instagram
C04827,2026-02-19,Bangalore,56+,Google
C04828,2026-02-27,Mumbai,18-25,YouTube
C04829,2024-07-28,Chennai,26-35,Organic
C04830,2025-08-07,Kolkata,46-55,YouTube
C04831,2026-02-18,Hyderabad,36-45,Instagram
C04832,2026-03-10,Delhi,46-55,Facebook
C04833,2025-06-17,Pune,26-35,Google
C04834,2026-02-03,Chennai,26-35,Google
C04835,2026-01-14,Delhi,36-45,YouTube
C04836,2024-07-02,Kolkata,36-45,Google
C04837,2026-01-17,Bangalore,46-55,Organic
C04838,2025-08-12,Bangalore,26-35,Referral
C04839,2025-07-02,Bangalore,26-35,YouTube
C04840,2024-10-23,Bangalore,26-35,Instagram
C04841,2026-02-08,Kolkata,18-25,Instagram
C04842,2025-01-05,Mumbai,56+,Organic
C04843,2025-03-24,Delhi,56+,YouTube
C04844,2025-01-07,Mumbai,26-35,Facebook
C04845,2026-03-12,Mumbai,56+,Google
C04846,2025-05-05,Delhi,26-35,Organic
C04847,2024-09-11,Bangalore,46-55,Google
C04848,2024-07-07,Pune,26-35,Google
C04849,2026-03-19,Bangalore,36-45,Instagram
C04850,2024-11-28,Chennai,36-45,Google
C04851,2025-11-05,Delhi,26-35,Instagram
C04852,2024-07-19,Chennai,46-55,Google
C04853,2026-01-25,Chennai,26-35,Google
C04854,2025-08-20,Bangalore,46-55,YouTube
C04855,2024-11-21,Bangalore,18-25,Google
C04856,2026-01-20,Ahmedabad,18-25,YouTube
C04857,2025-01-07,Mumbai,36-45,YouTube
C04858,2026-03-30,Pune,36-45,Referral
C04859,2025-07-19,Bangalore,46-55,Organic
C04860,2025-04-13,Delhi,18-25,Google
C04861,2024-08-07,Hyderabad,18-25,Instagram
C04862,2024-12-14,Kolkata,26-35,Organic
C04863,2024-08-07,Delhi,46-55,Organic
C04864,2025-12-28,Chennai,56+,Referral
C04865,2024-09-03,Pune,46-55,Facebook
C04866,2024-09-11,Bangalore,26-35,Organic
C04867,2024-09-18,Delhi,46-55,Referral
C04868,2026-03-15,Delhi,18-25,Instagram
C04869,2026-03-13,Mumbai,46-55,YouTube
C04870,2025-09-30,Pune,26-35,Facebook
C04871,2024-08-17,Mumbai,26-35,Organic
C04872,2025-05-19,Delhi,26-35,Organic
C04873,2026-02-27,Pune,36-45,Referral
C04874,2024-08-31,Hyderabad,18-25,Google
C04875,2025-11-20,Hyderabad,18-25,Facebook
C04876,2024-07-12,Hyderabad,36-45,Organic
C04877,2025-11-26,Delhi,56+,Referral
C04878,2025-06-13,Pune,26-35,Organic
C04879,2026-01-19,Mumbai,18-25,Referral
C04880,2025-03-22,Mumbai,36-45,Instagram
C04881,2025-11-14,Bangalore,18-25,Organic
C04882,2025-12-21,Hyderabad,26-35,Instagram
C04883,2025-01-24,Hyderabad,18-25,Google
C04884,2025-08-15,Mumbai,26-35,Instagram
C04885,2025-04-21,Kolkata,26-35,Google
C04886,2025-04-02,Kolkata,18-25,Facebook
C04887,2025-11-24,Bangalore,26-35,Instagram
C04888,2024-11-22,Pune,36-45,Google
C04889,2024-09-15,Mumbai,26-35,Organic
C04890,2025-05-03,Ahmedabad,18-25,YouTube
C04891,2025-12-08,Delhi,26-35,Organic
C04892,2024-10-13,Delhi,36-45,Facebook
C04893,2025-02-03,Mumbai,36-45,Organic
C04894,2025-08-31,Delhi,26-35,Organic
C04895,2025-05-01,Pune,36-45,Referral
C04896,2025-07-23,Hyderabad,36-45,Google
C04897,2025-06-03,Delhi,36-45,Referral
C04898,2025-11-30,Hyderabad,26-35,Organic
C04899,2026-01-11,Kolkata,18-25,Organic
C04900,2025-04-14,Chennai,26-35,Organic
C04901,2025-04-02,Hyderabad,26-35,Organic
C04902,2024-12-26,Delhi,26-35,Organic
C04903,2025-04-10,Bangalore,56+,Instagram
C04904,2025-12-17,Kolkata,18-25,Google
C04905,2025-05-17,Pune,26-35,Referral
C04906,2025-09-15,Hyderabad,56+,Instagram
C04907,2025-03-25,Kolkata,26-35,Facebook
C04908,2025-09-25,Bangalore,18-25,Google
C04909,2025-09-29,Pune,56+,Instagram
C04910,2025-06-03,Delhi,26-35,Organic
C04911,2026-02-18,Bangalore,18-25,Google
C04912,2026-01-11,Mumbai,26-35,Referral
C04913,2024-10-10,Mumbai,18-25,Google
C04914,2024-11-23,Ahmedabad,36-45,Instagram
C04915,2026-03-03,Delhi,18-25,Organic
C04916,2025-03-14,Chennai,36-45,Google
C04917,2025-01-15,Chennai,18-25,Organic
C04918,2025-11-21,Pune,46-55,Google
C04919,2025-07-20,Ahmedabad,18-25,Referral
C04920,2024-09-23,Mumbai,46-55,Referral
C04921,2024-08-28,Mumbai,18-25,Instagram
C04922,2025-11-29,Bangalore,46-55,Organic
C04923,2025-11-01,Delhi,36-45,Referral
C04924,2025-02-11,Kolkata,26-35,Facebook
C04925,2026-01-03,Mumbai,18-25,YouTube
C04926,2024-09-19,Mumbai,26-35,Organic
C04927,2026-01-07,Delhi,26-35,Instagram
C04928,2024-08-20,Hyderabad,26-35,Organic
C04929,2025-08-11,Pune,26-35,Referral
C04930,2025-12-21,Delhi,56+,YouTube
C04931,2025-07-31,Chennai,56+,Organic
C04932,2025-11-10,Pune,26-35,Instagram
C04933,2025-02-05,Chennai,18-25,YouTube
C04934,2025-01-01,Delhi,18-25,YouTube
C04935,2024-12-17,Pune,36-45,Instagram
C04936,2024-09-13,Bangalore,56+,Organic
C04937,2024-12-25,Mumbai,26-35,Referral
C04938,2024-12-05,Chennai,18-25,Organic
C04939,2025-10-27,Pune,26-35,YouTube
C04940,2024-11-14,Delhi,26-35,Google
C04941,2024-10-15,Kolkata,56+,Instagram
C04942,2025-10-12,Bangalore,36-45,Google
C04943,2025-06-09,Hyderabad,18-25,Facebook
C04944,2024-11-15,Ahmedabad,26-35,Google
C04945,2025-09-25,Hyderabad,18-25,Organic
C04946,2024-11-16,Chennai,36-45,Organic
C04947,2025-11-14,Hyderabad,36-45,YouTube
C04948,2024-07-21,Chennai,18-25,Instagram
C04949,2025-07-13,Pune,26-35,Instagram
C04950,2025-07-17,Pune,46-55,Facebook
C04951,2025-02-24,Delhi,36-45,Referral
C04952,2025-09-14,Chennai,26-35,Instagram
C04953,2025-02-28,Delhi,26-35,Instagram
C04954,2025-08-22,Ahmedabad,56+,YouTube
C04955,2024-11-20,Delhi,36-45,Facebook
C04956,2025-06-29,Delhi,56+,Referral
C04957,2025-10-27,Kolkata,18-25,Google
C04958,2026-03-10,Delhi,18-25,Organic
C04959,2025-02-16,Mumbai,18-25,Instagram
C04960,2025-04-29,Pune,46-55,Facebook
C04961,2025-05-01,Bangalore,36-45,Google
C04962,2026-01-01,Bangalore,18-25,Google
C04963,2026-03-08,Hyderabad,56+,Google
C04964,2025-08-17,Delhi,56+,Instagram
C04965,2025-12-08,Delhi,18-25,Google
C04966,2024-08-23,Bangalore,36-45,Organic
C04967,2025-10-29,Mumbai,36-45,Referral
C04968,2025-11-30,Delhi,18-25,Organic
C04969,2025-09-30,Bangalore,36-45,Google
C04970,2025-07-09,Pune,18-25,Google
C04971,2026-01-26,Pune,46-55,Referral
C04972,2025-08-22,Bangalore,36-45,Organic
C04973,2025-12-23,Delhi,46-55,Google
C04974,2024-10-24,Kolkata,36-45,YouTube
C04975,2025-08-30,Hyderabad,18-25,Instagram
C04976,2025-04-06,Mumbai,26-35,Instagram
C04977,2026-01-06,Mumbai,36-45,Google
C04978,2026-01-14,Delhi,26-35,Organic
C04979,2025-12-22,Chennai,36-45,Instagram
C04980,2024-11-15,Ahmedabad,26-35,Instagram
C04981,2025-05-11,Ahmedabad,18-25,Referral
C04982,2024-07-01,Delhi,26-35,Google
C04983,2026-03-18,Delhi,36-45,Instagram
C04984,2024-12-12,Bangalore,26-35,Organic
C04985,2025-08-04,Delhi,36-45,Organic
C04986,2025-05-08,Delhi,26-35,Instagram
C04987,2026-01-30,Pune,36-45,Google
C04988,2025-12-07,Delhi,36-45,Google
C04989,2025-11-09,Ahmedabad,26-35,Facebook
C04990,2025-08-16,Bangalore,26-35,Organic
C04991,2024-09-15,Bangalore,26-35,Google
C04992,2026-02-08,Kolkata,18-25,Facebook
C04993,2024-08-10,Pune,36-45,Referral
C04994,2025-04-18,Mumbai,18-25,Google
C04995,2025-02-28,Hyderabad,46-55,Facebook
C04996,2025-03-07,Delhi,36-45,Organic
C04997,2026-03-17,Bangalore,26-35,Referral
C04998,2024-11-25,Mumbai,46-55,Organic
C04999,2025-07-06,Mumbai,36-45,Facebook
C05000,2024-11-17,Pune,18-25,Instagram
C05001,2026-02-03,Delhi,36-45,Google
C05002,2025-10-14,Pune,56+,Referral
C05003,2025-03-23,Chennai,18-25,Facebook
C05004,2024-08-21,Bangalore,18-25,Instagram
C05005,2024-10-06,Bangalore,26-35,Instagram
C05006,2024-12-03,Mumbai,26-35,Referral
C05007,2025-03-17,Chennai,26-35,Instagram
C05008,2026-01-18,Pune,26-35,Organic
C05009,2024-09-15,Pune,36-45,Google
C05010,2025-07-04,Mumbai,18-25,YouTube
C05011,2025-02-07,Delhi,26-35,Organic
C05012,2024-07-30,Hyderabad,46-55,Referral
C05013,2025-07-31,Delhi,26-35,YouTube
C05014,2025-09-24,Chennai,26-35,Instagram
C05015,2026-03-06,Delhi,18-25,Organic
C05016,2025-05-20,Delhi,18-25,Organic
C05017,2025-01-24,Hyderabad,26-35,Google
C05018,2025-12-29,Hyderabad,26-35,Instagram
C05019,2024-12-06,Hyderabad,36-45,Referral
C05020,2025-09-10,Mumbai,26-35,Referral
C05021,2026-02-23,Ahmedabad,46-55,Organic
C05022,2024-07-03,Kolkata,46-55,Google
C05023,2026-02-12,Kolkata,18-25,Instagram
C05024,2024-11-09,Pune,18-25,Facebook
C05025,2025-05-04,Pune,46-55,Instagram
C05026,2024-12-12,Hyderabad,26-35,Facebook
C05027,2024-10-01,Mumbai,26-35,Organic
C05028,2025-09-22,Delhi,18-25,Organic
C05029,2025-05-05,Hyderabad,36-45,Google
C05030,2025-05-22,Bangalore,26-35,YouTube
C05031,2025-05-06,Bangalore,18-25,Facebook
C05032,2025-10-21,Kolkata,26-35,Organic
C05033,2026-03-10,Bangalore,36-45,Organic
C05034,2025-05-24,Hyderabad,18-25,Referral
C05035,2024-10-08,Pune,36-45,Instagram
C05036,2025-01-26,Delhi,26-35,Facebook
C05037,2025-05-13,Kolkata,26-35,Instagram
C05038,2024-09-05,Delhi,26-35,Referral
C05039,2024-11-24,Kolkata,18-25,Google
C05040,2024-11-07,Chennai,26-35,Organic
C05041,2026-03-14,Delhi,46-55,Organic
C05042,2025-03-14,Bangalore,18-25,Organic
C05043,2026-01-13,Delhi,56+,Instagram
C05044,2025-06-18,Mumbai,18-25,Google
C05045,2025-05-20,Delhi,26-35,Instagram
C05046,2026-02-20,Ahmedabad,26-35,Facebook
C05047,2025-09-16,Delhi,36-45,Instagram
C05048,2024-12-01,Kolkata,18-25,Facebook
C05049,2024-12-27,Bangalore,18-25,Instagram
C05050,2025-08-30,Ahmedabad,26-35,YouTube
C05051,2024-07-02,Delhi,26-35,Organic
C05052,2024-10-06,Mumbai,36-45,YouTube
C05053,2024-08-17,Hyderabad,36-45,Organic
C05054,2025-09-30,Bangalore,18-25,Organic
C05055,2025-04-09,Chennai,46-55,Organic
C05056,2024-07-08,Delhi,18-25,Google
C05057,2025-10-17,Hyderabad,46-55,Facebook
C05058,2025-08-24,Hyderabad,56+,Organic
C05059,2025-10-03,Hyderabad,36-45,Google
C05060,2024-10-13,Bangalore,56+,Google
C05061,2026-01-11,Bangalore,36-45,Referral
C05062,2024-10-24,Bangalore,18-25,YouTube
C05063,2025-06-30,Delhi,18-25,YouTube
C05064,2025-06-23,Bangalore,18-25,Google
C05065,2024-11-17,Ahmedabad,26-35,Organic
C05066,2025-02-25,Hyderabad,26-35,Instagram
C05067,2024-08-03,Pune,26-35,Google
C05068,2025-04-28,Mumbai,36-45,YouTube
C05069,2025-09-06,Delhi,26-35,Instagram
C05070,2025-01-14,Hyderabad,18-25,Google
C05071,2025-06-09,Delhi,18-25,Instagram
C05072,2026-03-02,Mumbai,56+,Instagram
C05073,2024-11-27,Mumbai,26-35,Instagram
C05074,2025-01-02,Hyderabad,26-35,Instagram
C05075,2024-09-15,Ahmedabad,18-25,Referral
C05076,2025-06-12,Delhi,56+,Facebook
C05077,2024-11-08,Hyderabad,18-25,Instagram
C05078,2025-12-28,Bangalore,36-45,YouTube
C05079,2025-01-02,Mumbai,18-25,Organic
C05080,2025-08-29,Pune,18-25,Instagram
C05081,2024-10-29,Bangalore,36-45,Google
C05082,2025-01-23,Hyderabad,26-35,Google
C05083,2024-10-18,Mumbai,36-45,Organic
C05084,2025-06-19,Bangalore,18-25,Organic
C05085,2024-07-18,Ahmedabad,56+,Google
C05086,2024-08-23,Mumbai,26-35,Instagram
C05087,2025-05-17,Chennai,56+,Instagram
C05088,2025-06-14,Mumbai,18-25,Organic
C05089,2025-01-27,Ahmedabad,26-35,Instagram
C05090,2025-04-02,Delhi,26-35,Referral
C05091,2025-03-24,Mumbai,36-45,Organic
C05092,2025-10-28,Chennai,36-45,Organic
C05093,2025-04-12,Mumbai,26-35,Instagram
C05094,2025-12-24,Mumbai,18-25,Referral
C05095,2024-11-16,Ahmedabad,18-25,Referral
C05096,2024-11-05,Hyderabad,18-25,YouTube
C05097,2025-03-15,Pune,46-55,Referral
C05098,2024-08-22,Pune,26-35,Google
C05099,2025-09-02,Kolkata,18-25,Instagram
C05100,2025-03-07,Kolkata,26-35,Organic
C05101,2025-02-20,Hyderabad,18-25,Organic
C05102,2025-06-07,Delhi,56+,Organic
C05103,2024-08-22,Bangalore,26-35,Organic
C05104,2025-02-26,Pune,46-55,YouTube
C05105,2026-03-14,Kolkata,36-45,YouTube
C05106,2025-08-06,Mumbai,26-35,Google
C05107,2025-07-02,Bangalore,26-35,Google
C05108,2025-05-20,Delhi,36-45,Facebook
C05109,2025-04-26,Hyderabad,36-45,Organic
C05110,2026-02-19,Kolkata,18-25,Facebook
C05111,2026-02-15,Bangalore,46-55,Referral
C05112,2025-03-19,Pune,26-35,Facebook
C05113,2026-02-11,Chennai,26-35,Instagram
C05114,2024-08-22,Ahmedabad,26-35,Organic
C05115,2025-01-21,Bangalore,36-45,Referral
C05116,2025-01-09,Ahmedabad,26-35,Instagram
C05117,2025-09-19,Hyderabad,26-35,Google
C05118,2025-07-23,Chennai,18-25,Instagram
C05119,2025-04-28,Bangalore,26-35,Instagram
C05120,2024-12-11,Hyderabad,18-25,Facebook
C05121,2025-05-20,Pune,46-55,Facebook
C05122,2024-12-19,Delhi,26-35,Facebook
C05123,2025-05-14,Mumbai,56+,Facebook
C05124,2025-02-02,Hyderabad,36-45,YouTube
C05125,2026-01-19,Hyderabad,36-45,Facebook
C05126,2025-10-20,Bangalore,46-55,Google
C05127,2024-10-20,Mumbai,18-25,Google
C05128,2026-02-21,Delhi,26-35,YouTube
C05129,2025-08-25,Ahmedabad,18-25,Referral
C05130,2025-02-09,Ahmedabad,18-25,Organic
C05131,2025-06-04,Delhi,26-35,Referral
C05132,2024-11-02,Bangalore,36-45,Google
C05133,2024-07-30,Delhi,36-45,Google
C05134,2025-03-26,Mumbai,18-25,Organic
C05135,2025-11-12,Kolkata,36-45,Referral
C05136,2025-02-10,Hyderabad,18-25,Google
C05137,2025-03-03,Bangalore,18-25,Organic
C05138,2026-03-25,Bangalore,18-25,Referral
C05139,2026-03-23,Delhi,26-35,Referral
C05140,2025-04-23,Kolkata,26-35,Organic
C05141,2024-07-29,Pune,18-25,Referral
C05142,2025-09-08,Hyderabad,18-25,Facebook
C05143,2025-09-30,Delhi,26-35,Referral
C05144,2026-02-04,Ahmedabad,36-45,Facebook
C05145,2026-02-26,Delhi,18-25,YouTube
C05146,2025-08-06,Kolkata,36-45,Facebook
C05147,2024-09-07,Kolkata,26-35,Organic
C05148,2024-12-07,Hyderabad,26-35,Organic
C05149,2025-10-01,Kolkata,18-25,Referral
C05150,2025-07-24,Delhi,46-55,Referral
C05151,2025-04-05,Pune,26-35,Google
C05152,2025-03-14,Bangalore,26-35,Google
C05153,2025-09-27,Mumbai,46-55,Instagram
C05154,2025-03-27,Delhi,46-55,Organic
C05155,2024-10-07,Bangalore,36-45,Instagram
C05156,2026-03-18,Bangalore,36-45,Organic
C05157,2025-02-09,Delhi,18-25,Instagram
C05158,2024-12-26,Hyderabad,36-45,Instagram
C05159,2024-08-14,Mumbai,26-35,Referral
C05160,2025-04-26,Delhi,46-55,YouTube
C05161,2026-03-23,Ahmedabad,26-35,Google
C05162,2024-10-11,Ahmedabad,18-25,Facebook
C05163,2024-12-04,Bangalore,26-35,Instagram
C05164,2024-10-23,Mumbai,36-45,Referral
C05165,2024-08-30,Pune,26-35,Instagram
C05166,2025-07-21,Chennai,36-45,Google
C05167,2025-01-07,Mumbai,18-25,Instagram
C05168,2025-10-23,Chennai,18-25,Instagram
C05169,2025-03-14,Bangalore,26-35,Organic
C05170,2025-08-11,Delhi,26-35,Organic
C05171,2024-08-27,Pune,36-45,Google
C05172,2025-01-27,Pune,56+,Facebook
C05173,2025-03-22,Kolkata,36-45,Organic
C05174,2024-08-08,Bangalore,26-35,Google
C05175,2025-03-25,Bangalore,26-35,Google
C05176,2025-04-27,Bangalore,46-55,Google
C05177,2025-03-16,Delhi,36-45,YouTube
C05178,2025-05-19,Bangalore,36-45,Referral
C05179,2025-11-22,Hyderabad,26-35,Instagram
C05180,2025-11-05,Hyderabad,36-45,Google
C05181,2024-07-10,Pune,18-25,Google
C05182,2025-08-14,Mumbai,36-45,Google
C05183,2026-01-29,Bangalore,46-55,Organic
C05184,2026-01-08,Pune,46-55,Facebook
C05185,2025-01-23,Bangalore,18-25,Google
C05186,2025-11-13,Kolkata,36-45,Google
C05187,2025-11-24,Bangalore,18-25,Instagram
C05188,2025-02-19,Hyderabad,26-35,Google
C05189,2026-01-07,Kolkata,36-45,Organic
C05190,2025-08-08,Hyderabad,26-35,Facebook
C05191,2025-10-23,Hyderabad,26-35,Organic
C05192,2025-10-21,Pune,36-45,Instagram
C05193,2025-11-12,Bangalore,36-45,Facebook
C05194,2026-03-04,Pune,26-35,YouTube
C05195,2025-12-30,Kolkata,26-35,Google
C05196,2025-03-27,Ahmedabad,36-45,Facebook
C05197,2025-06-25,Mumbai,26-35,Organic
C05198,2025-08-19,Mumbai,18-25,Organic
C05199,2025-12-30,Chennai,26-35,Referral
C05200,2025-03-08,Hyderabad,36-45,Google
C05201,2025-01-16,Delhi,26-35,YouTube
C05202,2025-10-15,Bangalore,18-25,Referral
C05203,2026-03-02,Bangalore,46-55,Facebook
C05204,2026-02-03,Mumbai,46-55,Instagram
C05205,2024-10-03,Bangalore,26-35,Google
C05206,2026-02-08,Bangalore,36-45,Organic
C05207,2025-11-17,Bangalore,56+,Organic
C05208,2024-10-09,Ahmedabad,26-35,Referral
C05209,2024-07-05,Bangalore,18-25,Organic
C05210,2024-11-08,Bangalore,26-35,Organic
C05211,2026-02-14,Mumbai,46-55,Organic
C05212,2025-10-26,Delhi,36-45,Google
C05213,2025-07-03,Ahmedabad,18-25,Organic
C05214,2025-08-08,Ahmedabad,46-55,Referral
C05215,2025-03-22,Mumbai,36-45,YouTube
C05216,2026-01-30,Mumbai,26-35,Organic
C05217,2024-10-08,Mumbai,56+,Referral
C05218,2025-01-17,Bangalore,36-45,Instagram
C05219,2024-11-06,Delhi,36-45,Instagram
C05220,2025-12-24,Bangalore,46-55,Google
C05221,2025-06-11,Bangalore,18-25,Organic
C05222,2025-09-10,Hyderabad,36-45,YouTube
C05223,2026-02-08,Bangalore,26-35,Facebook
C05224,2024-11-02,Bangalore,46-55,Organic
C05225,2026-03-09,Hyderabad,46-55,Organic
C05226,2024-09-19,Mumbai,36-45,Organic
C05227,2025-10-25,Bangalore,36-45,Referral
C05228,2025-09-23,Bangalore,36-45,Organic
C05229,2025-12-10,Delhi,26-35,Google
C05230,2024-10-10,Delhi,26-35,Referral
C05231,2026-03-06,Chennai,18-25,Facebook
C05232,2025-11-20,Ahmedabad,36-45,Referral
C05233,2024-09-09,Mumbai,36-45,Instagram
C05234,2025-06-21,Mumbai,26-35,Referral
C05235,2025-12-05,Pune,18-25,Facebook
C05236,2025-05-01,Pune,26-35,Instagram
C05237,2025-03-01,Delhi,26-35,Facebook
C05238,2024-12-24,Bangalore,56+,Facebook
C05239,2025-05-26,Mumbai,46-55,Referral
C05240,2026-03-21,Hyderabad,26-35,Google
C05241,2025-07-24,Bangalore,36-45,Instagram
C05242,2025-10-05,Delhi,18-25,Instagram
C05243,2025-11-11,Delhi,18-25,Google
C05244,2025-11-10,Delhi,26-35,Organic
C05245,2025-03-13,Mumbai,36-45,Facebook
C05246,2025-11-04,Pune,18-25,Instagram
C05247,2025-01-26,Hyderabad,18-25,Referral
C05248,2025-07-09,Delhi,26-35,Referral
C05249,2025-01-10,Bangalore,18-25,Google
C05250,2026-02-21,Kolkata,26-35,Referral
C05251,2025-10-10,Mumbai,26-35,Facebook
C05252,2025-07-09,Bangalore,46-55,Referral
C05253,2025-04-15,Delhi,26-35,Instagram
C05254,2025-05-29,Chennai,18-25,Organic
C05255,2025-11-11,Chennai,18-25,Instagram
C05256,2024-12-22,Kolkata,18-25,Facebook
C05257,2025-12-12,Hyderabad,36-45,Facebook
C05258,2024-12-28,Mumbai,26-35,Instagram
C05259,2024-09-29,Mumbai,18-25,Referral
C05260,2025-10-14,Delhi,46-55,YouTube
C05261,2025-09-26,Pune,36-45,Referral
C05262,2025-01-30,Hyderabad,18-25,Referral
C05263,2025-08-19,Bangalore,18-25,Facebook
C05264,2025-10-09,Kolkata,46-55,Google
C05265,2025-11-16,Mumbai,36-45,Referral
C05266,2026-03-01,Bangalore,46-55,Instagram
C05267,2025-12-28,Delhi,18-25,Google
C05268,2025-04-07,Kolkata,36-45,YouTube
C05269,2024-11-25,Ahmedabad,18-25,Organic
C05270,2024-09-01,Hyderabad,26-35,Organic
C05271,2025-07-02,Ahmedabad,36-45,Instagram
C05272,2025-08-30,Kolkata,36-45,YouTube
C05273,2025-09-15,Kolkata,18-25,Google
C05274,2024-07-07,Kolkata,18-25,Referral
C05275,2025-09-22,Mumbai,36-45,Google
C05276,2025-11-15,Chennai,18-25,Referral
C05277,2025-10-05,Hyderabad,26-35,Referral
C05278,2025-06-01,Pune,18-25,Google
C05279,2024-07-10,Bangalore,18-25,Referral
C05280,2025-05-09,Chennai,36-45,Google
C05281,2025-08-16,Ahmedabad,18-25,Organic
C05282,2025-06-29,Delhi,26-35,Referral
C05283,2025-07-03,Ahmedabad,36-45,YouTube
C05284,2025-05-26,Mumbai,18-25,Instagram
C05285,2025-06-18,Delhi,26-35,Instagram
C05286,2025-01-23,Bangalore,26-35,Google
C05287,2025-07-22,Chennai,36-45,Instagram
C05288,2024-12-27,Hyderabad,36-45,Referral
C05289,2025-05-11,Delhi,36-45,Google
C05290,2025-03-23,Hyderabad,26-35,Instagram
C05291,2025-09-30,Delhi,36-45,Google
C05292,2026-01-23,Mumbai,26-35,Referral
C05293,2025-08-09,Kolkata,26-35,Organic
C05294,2024-09-25,Pune,18-25,Referral
C05295,2025-08-31,Chennai,18-25,Facebook
C05296,2025-01-24,Hyderabad,18-25,Google
C05297,2024-08-01,Ahmedabad,26-35,Referral
C05298,2024-10-31,Delhi,46-55,Google
C05299,2026-03-31,Delhi,56+,YouTube
C05300,2025-03-30,Bangalore,18-25,Google
C05301,2024-11-06,Hyderabad,46-55,Facebook
C05302,2024-09-24,Pune,36-45,Organic
C05303,2025-08-20,Chennai,26-35,Referral
C05304,2025-10-30,Delhi,56+,Referral
C05305,2025-02-11,Bangalore,36-45,Google
C05306,2024-09-05,Pune,26-35,Instagram
C05307,2025-02-12,Ahmedabad,18-25,Facebook
C05308,2025-08-30,Delhi,18-25,YouTube
C05309,2024-09-11,Delhi,46-55,Instagram
C05310,2024-12-19,Delhi,18-25,Instagram
C05311,2024-07-02,Mumbai,18-25,Google
C05312,2025-04-28,Delhi,18-25,Organic
C05313,2024-10-17,Mumbai,26-35,Referral
C05314,2024-11-05,Pune,26-35,Organic
C05315,2024-09-11,Mumbai,46-55,Instagram
C05316,2025-10-10,Mumbai,26-35,Facebook
C05317,2025-05-09,Bangalore,46-55,Instagram
C05318,2026-02-26,Ahmedabad,26-35,Google
C05319,2025-03-10,Mumbai,26-35,Facebook
C05320,2024-11-19,Delhi,18-25,Organic
C05321,2024-11-08,Bangalore,18-25,Referral
C05322,2026-03-02,Pune,46-55,YouTube
C05323,2025-07-12,Kolkata,36-45,Instagram
C05324,2025-01-24,Bangalore,26-35,Instagram
C05325,2025-08-23,Bangalore,46-55,Instagram
C05326,2025-06-22,Bangalore,36-45,Google
C05327,2024-09-12,Hyderabad,18-25,Organic
C05328,2025-09-22,Ahmedabad,26-35,Referral
C05329,2024-09-15,Mumbai,36-45,Referral
C05330,2024-11-05,Mumbai,36-45,Organic
C05331,2025-09-29,Chennai,18-25,Google
C05332,2025-04-11,Chennai,18-25,Instagram
C05333,2024-11-19,Delhi,26-35,Google
C05334,2024-08-13,Bangalore,18-25,Organic
C05335,2025-07-15,Mumbai,18-25,Referral
C05336,2025-09-19,Chennai,26-35,Facebook
C05337,2024-11-07,Pune,26-35,YouTube
C05338,2025-03-24,Pune,18-25,YouTube
C05339,2025-02-05,Kolkata,26-35,Organic
C05340,2026-01-21,Delhi,18-25,Organic
C05341,2025-11-18,Delhi,26-35,Facebook
C05342,2024-12-23,Bangalore,36-45,Organic
C05343,2025-05-25,Kolkata,46-55,Google
C05344,2026-02-11,Hyderabad,18-25,Google
C05345,2025-02-06,Delhi,46-55,YouTube
C05346,2024-09-29,Bangalore,46-55,Google
C05347,2025-01-07,Chennai,26-35,YouTube
C05348,2025-07-23,Chennai,56+,Facebook
C05349,2026-03-27,Pune,18-25,Google
C05350,2025-01-13,Delhi,18-25,Google
C05351,2024-08-07,Ahmedabad,46-55,Instagram
C05352,2024-10-25,Chennai,26-35,Referral
C05353,2025-03-21,Pune,26-35,Organic
C05354,2024-08-30,Pune,18-25,Google
C05355,2024-07-23,Kolkata,18-25,Referral
C05356,2025-08-23,Ahmedabad,18-25,Referral
C05357,2025-12-09,Hyderabad,18-25,Google
C05358,2024-11-26,Mumbai,56+,Instagram
C05359,2025-05-30,Mumbai,26-35,Google
C05360,2025-07-02,Chennai,36-45,YouTube
C05361,2025-08-31,Pune,18-25,Google
C05362,2026-03-18,Bangalore,26-35,Instagram
C05363,2026-01-17,Bangalore,46-55,Referral
C05364,2025-01-18,Kolkata,18-25,Organic
C05365,2026-03-16,Kolkata,26-35,Organic
C05366,2024-07-23,Ahmedabad,36-45,Referral
C05367,2026-03-07,Mumbai,18-25,Organic
C05368,2024-09-30,Chennai,18-25,Organic
C05369,2024-09-11,Kolkata,56+,YouTube
C05370,2024-09-15,Delhi,26-35,Organic
C05371,2024-09-16,Bangalore,36-45,Organic
C05372,2025-04-23,Ahmedabad,18-25,Instagram
C05373,2025-08-14,Bangalore,18-25,Referral
C05374,2025-10-19,Hyderabad,26-35,YouTube
C05375,2024-07-11,Pune,36-45,Instagram
C05376,2025-01-06,Pune,26-35,Google
C05377,2024-09-23,Delhi,46-55,Organic
C05378,2024-10-02,Chennai,36-45,Facebook
C05379,2025-10-20,Delhi,26-35,Instagram
C05380,2025-08-14,Kolkata,26-35,YouTube
C05381,2024-11-12,Delhi,26-35,Google
C05382,2025-01-09,Pune,36-45,YouTube
C05383,2026-02-12,Chennai,18-25,YouTube
C05384,2025-07-03,Delhi,46-55,Organic
C05385,2024-11-30,Delhi,26-35,Facebook
C05386,2026-02-17,Chennai,46-55,Facebook
C05387,2024-11-04,Bangalore,56+,Facebook
C05388,2025-01-03,Delhi,18-25,Referral
C05389,2025-09-16,Mumbai,26-35,Referral
C05390,2025-05-24,Ahmedabad,26-35,Instagram
C05391,2024-08-14,Hyderabad,26-35,Google
C05392,2025-11-28,Mumbai,36-45,Organic
C05393,2024-11-23,Ahmedabad,18-25,Instagram
C05394,2025-09-16,Mumbai,26-35,Facebook
C05395,2025-01-30,Mumbai,46-55,Google
C05396,2025-10-24,Mumbai,56+,Instagram
C05397,2026-01-25,Delhi,18-25,Google
C05398,2025-11-06,Delhi,56+,Instagram
C05399,2026-02-09,Pune,18-25,Instagram
C05400,2025-06-11,Bangalore,26-35,Organic
C05401,2024-08-11,Pune,18-25,Google
C05402,2025-06-08,Delhi,26-35,YouTube
C05403,2025-04-21,Mumbai,18-25,Google
C05404,2025-10-03,Bangalore,18-25,Organic
C05405,2024-12-06,Hyderabad,26-35,Organic
C05406,2025-09-19,Chennai,46-55,Instagram
C05407,2025-04-09,Mumbai,26-35,Instagram
C05408,2025-09-02,Bangalore,36-45,YouTube
C05409,2025-03-26,Delhi,36-45,Organic
C05410,2025-03-02,Chennai,26-35,Instagram
C05411,2024-11-14,Delhi,18-25,Organic
C05412,2025-12-12,Chennai,18-25,Google
C05413,2024-08-13,Delhi,26-35,Instagram
C05414,2024-11-28,Delhi,46-55,Google
C05415,2025-03-30,Chennai,18-25,Organic
C05416,2024-10-08,Mumbai,36-45,Google
C05417,2026-02-06,Bangalore,36-45,Referral
C05418,2025-02-06,Ahmedabad,46-55,Instagram
C05419,2024-12-02,Bangalore,26-35,Instagram
C05420,2024-12-10,Mumbai,46-55,Google
C05421,2024-10-31,Mumbai,26-35,Referral
C05422,2025-08-28,Hyderabad,26-35,YouTube
C05423,2025-05-04,Chennai,36-45,Organic
C05424,2024-11-25,Bangalore,18-25,Instagram
C05425,2026-01-10,Ahmedabad,36-45,Instagram
C05426,2025-08-24,Pune,36-45,Google
C05427,2025-03-15,Ahmedabad,36-45,YouTube
C05428,2025-05-24,Chennai,46-55,Referral
C05429,2025-08-24,Ahmedabad,26-35,YouTube
C05430,2024-10-06,Hyderabad,18-25,Google
C05431,2025-11-29,Mumbai,26-35,Organic
C05432,2024-12-13,Mumbai,46-55,Organic
C05433,2024-07-19,Pune,26-35,Organic
C05434,2025-05-30,Mumbai,46-55,Referral
C05435,2026-01-12,Chennai,26-35,Google
C05436,2025-10-12,Bangalore,26-35,Referral
C05437,2025-01-14,Kolkata,46-55,Facebook
C05438,2025-03-12,Delhi,36-45,Google
C05439,2025-07-16,Ahmedabad,26-35,Organic
C05440,2024-11-26,Bangalore,18-25,Facebook
C05441,2025-12-07,Bangalore,46-55,Referral
C05442,2025-01-05,Chennai,36-45,Referral
C05443,2024-11-16,Chennai,26-35,Instagram
C05444,2024-08-30,Chennai,26-35,Organic
C05445,2025-09-16,Ahmedabad,18-25,Facebook
C05446,2024-07-17,Delhi,26-35,Facebook
C05447,2025-11-27,Kolkata,18-25,Google
C05448,2026-03-14,Mumbai,18-25,Facebook
C05449,2024-09-10,Hyderabad,46-55,Google
C05450,2024-08-31,Mumbai,26-35,Organic
C05451,2026-02-18,Bangalore,36-45,Google
C05452,2024-09-18,Hyderabad,26-35,Google
C05453,2025-03-18,Chennai,18-25,Organic
C05454,2026-01-08,Bangalore,26-35,Referral
C05455,2024-09-27,Ahmedabad,18-25,Facebook
C05456,2025-08-28,Hyderabad,36-45,Google
C05457,2025-03-02,Bangalore,46-55,YouTube
C05458,2025-04-05,Pune,36-45,Referral
C05459,2026-02-15,Delhi,36-45,Instagram
C05460,2025-08-19,Bangalore,46-55,Google
C05461,2025-01-21,Pune,36-45,Organic
C05462,2026-02-18,Bangalore,26-35,YouTube
C05463,2025-07-07,Bangalore,36-45,Instagram
C05464,2024-09-02,Chennai,26-35,Referral
C05465,2025-03-08,Bangalore,18-25,Referral
C05466,2024-12-03,Chennai,36-45,Organic
C05467,2025-08-15,Chennai,36-45,Organic
C05468,2026-01-01,Bangalore,18-25,YouTube
C05469,2024-07-25,Hyderabad,56+,Google
C05470,2025-11-11,Bangalore,18-25,Instagram
C05471,2026-02-06,Pune,36-45,Google
C05472,2026-03-28,Bangalore,56+,Facebook
C05473,2025-08-27,Ahmedabad,26-35,Referral
C05474,2025-01-17,Delhi,46-55,Google
C05475,2024-10-01,Pune,36-45,Organic
C05476,2026-02-24,Bangalore,36-45,Organic
C05477,2025-03-21,Delhi,56+,Google
C05478,2025-02-05,Mumbai,36-45,Instagram
C05479,2025-10-13,Hyderabad,26-35,Organic
C05480,2025-09-30,Ahmedabad,36-45,Organic
C05481,2025-11-30,Bangalore,26-35,Google
C05482,2026-01-16,Bangalore,26-35,Google
C05483,2026-01-12,Mumbai,18-25,Google
C05484,2024-10-18,Mumbai,26-35,Organic
C05485,2024-10-17,Kolkata,36-45,Google
C05486,2024-11-09,Ahmedabad,46-55,Google
C05487,2025-08-05,Kolkata,56+,Google
C05488,2025-07-07,Bangalore,18-25,Facebook
C05489,2025-12-30,Mumbai,26-35,Referral
C05490,2025-12-22,Chennai,26-35,Google
C05491,2025-12-02,Delhi,18-25,Referral
C05492,2024-08-20,Pune,26-35,Organic
C05493,2025-09-18,Delhi,26-35,YouTube
C05494,2025-12-26,Delhi,46-55,Facebook
C05495,2026-03-20,Kolkata,18-25,Referral
C05496,2025-02-05,Delhi,36-45,Referral
C05497,2025-11-09,Ahmedabad,46-55,Google
C05498,2025-03-17,Delhi,36-45,Organic
C05499,2024-10-11,Bangalore,18-25,Organic
C05500,2025-02-03,Delhi,18-25,Google
C05501,2024-12-08,Bangalore,56+,Referral
C05502,2026-02-03,Hyderabad,18-25,Google
C05503,2024-10-21,Bangalore,18-25,Organic
C05504,2024-09-22,Pune,56+,Google
C05505,2025-07-06,Kolkata,36-45,Google
C05506,2025-07-02,Mumbai,36-45,Instagram
C05507,2025-06-24,Bangalore,18-25,Google
C05508,2024-10-03,Mumbai,26-35,Google
C05509,2025-05-15,Chennai,46-55,Organic
C05510,2026-02-14,Hyderabad,26-35,Organic
C05511,2024-08-27,Bangalore,18-25,Referral
C05512,2025-11-22,Hyderabad,18-25,Google
C05513,2024-09-19,Mumbai,26-35,YouTube
C05514,2024-11-27,Delhi,26-35,YouTube
C05515,2026-01-25,Bangalore,46-55,Organic
C05516,2025-01-07,Ahmedabad,26-35,Organic
C05517,2025-05-30,Bangalore,18-25,YouTube
C05518,2025-03-01,Delhi,56+,Organic
C05519,2025-07-28,Bangalore,56+,Google
C05520,2025-03-17,Hyderabad,36-45,Referral
C05521,2025-04-10,Mumbai,46-55,Instagram
C05522,2025-12-05,Delhi,18-25,YouTube
C05523,2025-06-20,Mumbai,26-35,Organic
C05524,2025-06-26,Pune,18-25,Facebook
C05525,2025-11-27,Delhi,26-35,Instagram
C05526,2025-03-31,Ahmedabad,36-45,Referral
C05527,2025-12-09,Delhi,46-55,Organic
C05528,2025-10-03,Delhi,18-25,YouTube
C05529,2026-01-16,Ahmedabad,26-35,YouTube
C05530,2025-04-19,Chennai,56+,Google
C05531,2025-06-22,Mumbai,26-35,Facebook
C05532,2024-09-20,Kolkata,26-35,Facebook
C05533,2024-09-10,Hyderabad,26-35,Facebook
C05534,2024-09-07,Mumbai,26-35,Organic
C05535,2025-08-09,Kolkata,26-35,YouTube
C05536,2025-01-25,Chennai,26-35,Instagram
C05537,2025-01-01,Delhi,26-35,Google
C05538,2025-07-21,Hyderabad,26-35,Instagram
C05539,2025-03-12,Mumbai,26-35,Referral
C05540,2024-09-25,Bangalore,18-25,Facebook
C05541,2025-06-22,Ahmedabad,18-25,Organic
C05542,2025-06-17,Hyderabad,26-35,Referral
C05543,2024-09-28,Hyderabad,46-55,YouTube
C05544,2024-12-20,Hyderabad,36-45,Referral
C05545,2024-11-29,Hyderabad,18-25,Referral
C05546,2025-09-18,Delhi,26-35,Organic
C05547,2024-12-07,Ahmedabad,26-35,Referral
C05548,2024-07-19,Pune,26-35,Organic
C05549,2024-12-18,Pune,36-45,YouTube
C05550,2025-04-26,Mumbai,56+,Referral
C05551,2025-11-04,Delhi,18-25,Referral
C05552,2024-08-03,Bangalore,26-35,Referral
C05553,2026-01-15,Mumbai,26-35,Facebook
C05554,2025-01-28,Bangalore,26-35,Referral
C05555,2025-02-04,Pune,18-25,YouTube
C05556,2024-07-10,Kolkata,26-35,Organic
C05557,2024-12-24,Delhi,18-25,Instagram
C05558,2025-04-26,Delhi,36-45,Referral
C05559,2025-08-05,Pune,36-45,Google
C05560,2025-11-03,Bangalore,26-35,Instagram
C05561,2025-05-31,Ahmedabad,56+,Google
C05562,2024-09-03,Mumbai,36-45,Organic
C05563,2025-03-08,Bangalore,26-35,Organic
C05564,2025-10-13,Bangalore,56+,Referral
C05565,2025-08-13,Ahmedabad,36-45,Referral
C05566,2025-07-09,Delhi,18-25,Google
C05567,2025-05-21,Pune,26-35,YouTube
C05568,2025-05-19,Bangalore,26-35,Facebook
C05569,2026-03-27,Delhi,36-45,Organic
C05570,2025-07-19,Kolkata,46-55,Google
C05571,2025-07-17,Bangalore,26-35,Facebook
C05572,2025-01-31,Bangalore,18-25,YouTube
C05573,2025-05-10,Hyderabad,26-35,Instagram
C05574,2025-09-27,Kolkata,36-45,Google
C05575,2025-12-31,Delhi,26-35,Google
C05576,2025-11-11,Bangalore,18-25,Organic
C05577,2025-08-28,Ahmedabad,26-35,Referral
C05578,2025-11-10,Pune,36-45,Google
C05579,2024-07-22,Kolkata,18-25,Google
C05580,2024-12-20,Chennai,26-35,Referral
C05581,2024-12-03,Pune,18-25,Organic
C05582,2025-08-22,Mumbai,26-35,Referral
C05583,2025-10-25,Delhi,18-25,Google
C05584,2024-10-03,Pune,18-25,Organic
C05585,2024-11-01,Pune,36-45,Facebook
C05586,2025-05-13,Ahmedabad,18-25,Instagram
C05587,2026-03-11,Hyderabad,18-25,Referral
C05588,2024-07-02,Delhi,26-35,Google
C05589,2026-01-13,Hyderabad,18-25,Google
C05590,2024-11-01,Pune,18-25,YouTube
C05591,2024-12-19,Mumbai,26-35,Facebook
C05592,2025-08-08,Chennai,26-35,Google
C05593,2025-10-09,Hyderabad,26-35,Google
C05594,2026-01-10,Bangalore,56+,Instagram
C05595,2024-07-04,Hyderabad,26-35,Organic
C05596,2024-08-01,Pune,26-35,Instagram
C05597,2025-05-02,Ahmedabad,46-55,Referral
C05598,2025-06-22,Mumbai,26-35,Instagram
C05599,2024-12-14,Hyderabad,36-45,Organic
C05600,2025-08-11,Mumbai,26-35,Facebook
C05601,2024-12-17,Hyderabad,26-35,Instagram
C05602,2026-02-16,Bangalore,46-55,Organic
C05603,2024-10-22,Kolkata,18-25,YouTube
C05604,2025-08-23,Ahmedabad,46-55,Instagram
C05605,2025-06-04,Hyderabad,26-35,Facebook
C05606,2024-09-04,Hyderabad,26-35,Organic
C05607,2025-07-22,Bangalore,26-35,Referral
C05608,2024-10-02,Hyderabad,18-25,Organic
C05609,2025-06-10,Mumbai,18-25,Google
C05610,2025-08-11,Pune,46-55,Instagram
C05611,2024-08-16,Bangalore,26-35,Referral
C05612,2024-11-15,Pune,46-55,Organic
C05613,2025-01-05,Delhi,26-35,Facebook
C05614,2026-02-14,Pune,18-25,Referral
C05615,2024-11-19,Pune,26-35,Google
C05616,2026-02-09,Delhi,18-25,Instagram
C05617,2025-06-07,Mumbai,26-35,Facebook
C05618,2026-02-27,Kolkata,46-55,Google
C05619,2025-12-14,Hyderabad,46-55,Facebook
C05620,2025-01-04,Bangalore,26-35,Google
C05621,2025-06-23,Mumbai,26-35,Instagram
C05622,2025-10-02,Delhi,26-35,Google
C05623,2024-08-20,Pune,26-35,Referral
C05624,2025-08-28,Pune,36-45,Google
C05625,2025-04-20,Bangalore,26-35,Facebook
C05626,2024-07-23,Hyderabad,18-25,Referral
C05627,2026-01-06,Chennai,18-25,Instagram
C05628,2024-12-17,Chennai,56+,Organic
C05629,2026-01-10,Bangalore,36-45,Google
C05630,2024-11-10,Delhi,46-55,Organic
C05631,2025-06-12,Mumbai,26-35,Organic
C05632,2025-02-22,Bangalore,26-35,Facebook
C05633,2026-01-22,Mumbai,26-35,Organic
C05634,2026-03-02,Bangalore,46-55,Google
C05635,2025-11-05,Bangalore,26-35,Referral
C05636,2025-12-23,Pune,36-45,Google
C05637,2025-11-04,Delhi,18-25,Referral
C05638,2025-01-04,Pune,18-25,Instagram
C05639,2026-02-09,Bangalore,18-25,Google
C05640,2025-06-04,Hyderabad,26-35,Facebook
C05641,2025-02-05,Mumbai,46-55,Facebook
C05642,2024-10-31,Chennai,56+,Instagram
C05643,2025-09-27,Chennai,26-35,Facebook
C05644,2024-12-25,Mumbai,26-35,YouTube
C05645,2025-08-22,Pune,36-45,Instagram
C05646,2024-08-11,Delhi,18-25,Facebook
C05647,2025-08-10,Hyderabad,36-45,Facebook
C05648,2025-08-15,Bangalore,36-45,Organic
C05649,2025-06-01,Mumbai,26-35,Organic
C05650,2025-08-24,Delhi,18-25,Google
C05651,2026-03-28,Kolkata,18-25,Organic
C05652,2025-12-18,Mumbai,26-35,Organic
C05653,2025-04-07,Hyderabad,46-55,Referral
C05654,2026-01-08,Mumbai,26-35,Google
C05655,2026-03-02,Delhi,26-35,Organic
C05656,2024-10-11,Delhi,26-35,YouTube
C05657,2025-02-15,Ahmedabad,36-45,YouTube
C05658,2025-10-18,Chennai,26-35,Instagram
C05659,2025-05-26,Bangalore,18-25,Referral
C05660,2024-09-25,Chennai,36-45,Instagram
C05661,2025-04-28,Mumbai,26-35,Organic
C05662,2025-02-24,Bangalore,26-35,Google
C05663,2025-10-16,Hyderabad,26-35,Facebook
C05664,2025-05-26,Bangalore,18-25,Organic
C05665,2024-09-28,Delhi,46-55,Google
C05666,2024-08-01,Pune,46-55,Organic
C05667,2024-12-31,Delhi,56+,Google
C05668,2024-10-09,Kolkata,56+,Instagram
C05669,2026-01-11,Pune,26-35,Instagram
C05670,2024-12-21,Kolkata,26-35,Organic
C05671,2025-08-10,Pune,36-45,YouTube
C05672,2024-09-20,Kolkata,18-25,Google
C05673,2025-04-09,Mumbai,56+,Organic
C05674,2026-02-17,Hyderabad,18-25,Instagram
C05675,2025-08-16,Hyderabad,26-35,Google
C05676,2025-01-01,Kolkata,36-45,Organic
C05677,2025-10-21,Bangalore,46-55,YouTube
C05678,2025-05-17,Hyderabad,36-45,Facebook
C05679,2024-11-28,Chennai,26-35,Organic
C05680,2026-03-29,Mumbai,26-35,Referral
C05681,2026-02-20,Kolkata,26-35,Instagram
C05682,2025-06-28,Mumbai,36-45,Google
C05683,2024-07-22,Bangalore,26-35,Facebook
C05684,2025-03-20,Hyderabad,36-45,Organic
C05685,2025-05-25,Mumbai,18-25,Google
C05686,2026-02-15,Bangalore,26-35,Google
C05687,2025-10-12,Bangalore,56+,Instagram
C05688,2024-11-20,Delhi,26-35,Organic
C05689,2025-05-22,Chennai,26-35,Referral
C05690,2024-10-23,Kolkata,26-35,Facebook
C05691,2025-04-29,Hyderabad,46-55,Referral
C05692,2025-06-08,Bangalore,18-25,YouTube
C05693,2025-05-22,Hyderabad,26-35,Instagram
C05694,2025-03-31,Kolkata,46-55,Instagram
C05695,2025-04-06,Chennai,36-45,Google
C05696,2025-11-22,Delhi,26-35,Google
C05697,2025-05-20,Bangalore,26-35,Facebook
C05698,2024-07-27,Kolkata,26-35,YouTube
C05699,2025-10-17,Kolkata,46-55,Google
C05700,2025-07-30,Bangalore,36-45,Referral
C05701,2025-09-18,Kolkata,46-55,Referral
C05702,2025-09-28,Bangalore,56+,Organic
C05703,2024-10-19,Bangalore,26-35,Instagram
C05704,2026-03-14,Chennai,26-35,Google
C05705,2026-03-25,Hyderabad,36-45,Instagram
C05706,2024-10-02,Mumbai,36-45,Facebook
C05707,2024-11-17,Kolkata,36-45,Google
C05708,2024-12-05,Kolkata,18-25,Organic
C05709,2026-03-10,Bangalore,46-55,Facebook
C05710,2026-02-16,Pune,36-45,Google
C05711,2024-12-17,Chennai,46-55,Instagram
C05712,2025-08-07,Hyderabad,26-35,Google
C05713,2024-12-03,Ahmedabad,26-35,Organic
C05714,2024-07-25,Pune,36-45,Referral
C05715,2024-11-25,Bangalore,36-45,Instagram
C05716,2024-08-19,Delhi,18-25,Instagram
C05717,2025-12-24,Kolkata,26-35,Organic
C05718,2025-11-14,Ahmedabad,36-45,Organic
C05719,2024-10-26,Bangalore,56+,Instagram
C05720,2025-06-28,Bangalore,18-25,YouTube
C05721,2024-11-09,Chennai,18-25,Google
C05722,2025-06-27,Bangalore,26-35,Instagram
C05723,2026-01-24,Bangalore,18-25,Google
C05724,2026-01-14,Kolkata,18-25,Organic
C05725,2025-12-15,Chennai,26-35,Organic
C05726,2024-12-02,Kolkata,36-45,Referral
C05727,2024-10-30,Pune,26-35,Google
C05728,2024-10-11,Delhi,26-35,Referral
C05729,2024-09-20,Kolkata,56+,Google
C05730,2025-07-28,Delhi,26-35,Google
C05731,2025-08-25,Delhi,36-45,Referral
C05732,2026-01-15,Kolkata,26-35,Referral
C05733,2024-08-27,Pune,36-45,Instagram
C05734,2024-12-17,Kolkata,36-45,Google
C05735,2025-10-09,Bangalore,18-25,Instagram
C05736,2025-09-09,Ahmedabad,36-45,Organic
C05737,2025-03-31,Pune,36-45,Referral
C05738,2024-10-06,Pune,26-35,Organic
C05739,2025-05-06,Ahmedabad,36-45,Instagram
C05740,2024-10-18,Mumbai,26-35,Google
C05741,2025-06-08,Pune,26-35,Google
C05742,2026-01-28,Pune,56+,Instagram
C05743,2024-11-03,Chennai,18-25,Organic
C05744,2024-09-14,Kolkata,18-25,Instagram
C05745,2025-10-15,Pune,18-25,Instagram
C05746,2024-07-16,Bangalore,56+,Google
C05747,2026-03-21,Delhi,18-25,Google
C05748,2025-11-08,Ahmedabad,18-25,Facebook
C05749,2025-03-15,Ahmedabad,36-45,Facebook
C05750,2025-02-17,Ahmedabad,36-45,Referral
C05751,2025-03-05,Bangalore,26-35,Google
C05752,2025-03-11,Mumbai,56+,Referral
C05753,2025-12-19,Chennai,18-25,Referral
C05754,2025-11-24,Chennai,26-35,Referral
C05755,2024-11-08,Bangalore,26-35,Instagram
C05756,2024-10-23,Hyderabad,26-35,Instagram
C05757,2025-06-11,Bangalore,46-55,Instagram
C05758,2025-08-20,Hyderabad,26-35,Google
C05759,2025-10-08,Delhi,18-25,Organic
C05760,2025-01-17,Bangalore,18-25,YouTube
C05761,2025-05-05,Bangalore,18-25,Google
C05762,2024-09-05,Ahmedabad,46-55,Organic
C05763,2025-04-18,Chennai,18-25,Google
C05764,2025-09-13,Ahmedabad,46-55,Instagram
C05765,2025-01-11,Mumbai,18-25,Organic
C05766,2025-01-20,Mumbai,56+,Google
C05767,2025-04-22,Mumbai,36-45,Facebook
C05768,2026-01-05,Pune,18-25,Facebook
C05769,2025-07-22,Mumbai,18-25,Instagram
C05770,2026-02-08,Chennai,36-45,Google
C05771,2024-08-09,Chennai,18-25,Google
C05772,2025-12-25,Kolkata,18-25,Facebook
C05773,2024-07-28,Delhi,36-45,Instagram
C05774,2025-01-22,Hyderabad,46-55,Organic
C05775,2025-03-30,Delhi,36-45,Google
C05776,2024-11-29,Bangalore,46-55,Organic
C05777,2026-03-25,Pune,26-35,Instagram
C05778,2026-01-22,Hyderabad,36-45,YouTube
C05779,2025-07-01,Chennai,26-35,Organic
C05780,2025-04-16,Bangalore,36-45,Instagram
C05781,2025-10-30,Ahmedabad,36-45,Google
C05782,2025-09-26,Ahmedabad,26-35,Referral
C05783,2025-05-04,Mumbai,56+,Referral
C05784,2025-12-11,Kolkata,26-35,YouTube
C05785,2024-11-01,Delhi,26-35,Google
C05786,2024-12-25,Chennai,26-35,Facebook
C05787,2024-07-12,Kolkata,18-25,Google
C05788,2024-09-15,Chennai,26-35,YouTube
C05789,2024-11-05,Chennai,56+,Facebook
C05790,2025-08-04,Mumbai,26-35,Organic
C05791,2025-12-29,Chennai,36-45,Facebook
C05792,2025-07-13,Pune,26-35,Referral
C05793,2025-04-11,Bangalore,46-55,Organic
C05794,2024-12-20,Bangalore,36-45,Instagram
C05795,2024-09-03,Chennai,18-25,Google
C05796,2025-07-09,Pune,26-35,Referral
C05797,2024-09-28,Hyderabad,36-45,YouTube
C05798,2025-11-18,Kolkata,18-25,Facebook
C05799,2025-03-19,Pune,26-35,Organic
C05800,2025-02-09,Mumbai,26-35,YouTube
C05801,2024-07-18,Mumbai,18-25,YouTube
C05802,2024-12-02,Hyderabad,56+,Organic
C05803,2024-07-09,Chennai,46-55,Instagram
C05804,2025-10-07,Hyderabad,36-45,Referral
C05805,2025-05-10,Hyderabad,18-25,Referral
C05806,2025-11-15,Chennai,56+,Organic
C05807,2025-06-27,Pune,26-35,Organic
C05808,2026-03-02,Kolkata,56+,YouTube
C05809,2025-11-13,Bangalore,18-25,Facebook
C05810,2024-10-03,Chennai,18-25,Referral
C05811,2024-09-13,Hyderabad,36-45,YouTube
C05812,2026-01-20,Bangalore,46-55,Referral
C05813,2024-12-19,Pune,18-25,Organic
C05814,2025-11-01,Pune,26-35,Referral
C05815,2025-08-06,Hyderabad,26-35,Facebook
C05816,2025-09-22,Chennai,56+,YouTube
C05817,2024-12-18,Delhi,36-45,Organic
C05818,2025-01-17,Delhi,46-55,Google
C05819,2025-06-20,Mumbai,36-45,Referral
C05820,2024-07-15,Mumbai,46-55,YouTube
C05821,2025-01-16,Pune,26-35,Facebook
C05822,2025-05-21,Kolkata,18-25,Facebook
C05823,2024-11-08,Chennai,36-45,Organic
C05824,2024-12-30,Bangalore,26-35,Organic
C05825,2026-03-21,Mumbai,26-35,Instagram
C05826,2025-01-02,Bangalore,18-25,Organic
C05827,2026-01-28,Pune,36-45,Google
C05828,2026-02-13,Delhi,36-45,YouTube
C05829,2025-09-04,Hyderabad,26-35,Instagram
C05830,2024-10-06,Chennai,46-55,Facebook
C05831,2024-11-09,Pune,26-35,Referral
C05832,2026-02-17,Delhi,18-25,Instagram
C05833,2024-07-01,Delhi,18-25,Organic
C05834,2025-05-18,Pune,26-35,Organic
C05835,2025-07-17,Hyderabad,18-25,Organic
C05836,2025-12-18,Bangalore,36-45,Organic
C05837,2026-01-23,Kolkata,36-45,Referral
C05838,2024-12-29,Hyderabad,26-35,Instagram
C05839,2025-05-18,Mumbai,46-55,YouTube
C05840,2025-08-10,Delhi,56+,Facebook
C05841,2026-03-09,Mumbai,26-35,Organic
C05842,2025-06-21,Delhi,18-25,Instagram
C05843,2024-09-16,Delhi,18-25,Organic
C05844,2026-02-11,Hyderabad,36-45,Google
C05845,2025-05-24,Mumbai,26-35,Facebook
C05846,2024-10-23,Kolkata,36-45,Instagram
C05847,2024-10-30,Ahmedabad,36-45,Instagram
C05848,2024-11-08,Delhi,26-35,Google
C05849,2025-10-04,Bangalore,18-25,Organic
C05850,2026-02-27,Chennai,26-35,Organic
C05851,2025-04-09,Ahmedabad,26-35,Organic
C05852,2024-09-01,Kolkata,36-45,Google
C05853,2026-01-19,Bangalore,36-45,YouTube
C05854,2025-08-10,Delhi,36-45,Referral
C05855,2025-06-30,Bangalore,36-45,Instagram
C05856,2024-08-08,Kolkata,26-35,Organic
C05857,2026-03-13,Hyderabad,18-25,Referral
C05858,2024-08-19,Hyderabad,18-25,Organic
C05859,2025-07-26,Hyderabad,18-25,Google
C05860,2025-07-17,Delhi,18-25,Organic
C05861,2025-05-25,Hyderabad,26-35,Instagram
C05862,2025-06-18,Bangalore,36-45,Referral
C05863,2025-03-12,Pune,18-25,Referral
C05864,2025-07-02,Chennai,18-25,Organic
C05865,2025-02-18,Pune,18-25,Google
C05866,2025-04-29,Delhi,18-25,Google
C05867,2025-09-07,Kolkata,18-25,Google
C05868,2025-10-18,Pune,18-25,Referral
C05869,2024-10-06,Bangalore,18-25,Google
C05870,2026-03-27,Delhi,56+,Organic
C05871,2024-08-31,Pune,26-35,Google
C05872,2024-12-24,Delhi,18-25,Referral
C05873,2025-02-07,Bangalore,26-35,Referral
C05874,2025-01-23,Bangalore,18-25,Google
C05875,2025-02-10,Bangalore,26-35,Organic
C05876,2025-01-23,Mumbai,26-35,Organic
C05877,2025-04-05,Hyderabad,46-55,Organic
C05878,2025-10-31,Bangalore,46-55,Referral
C05879,2025-12-11,Pune,36-45,Google
C05880,2025-02-08,Delhi,18-25,Google
C05881,2024-12-13,Delhi,26-35,Referral
C05882,2025-09-06,Delhi,26-35,YouTube
C05883,2024-08-08,Chennai,36-45,Instagram
C05884,2025-04-11,Ahmedabad,18-25,Google
C05885,2024-11-18,Hyderabad,36-45,Organic
C05886,2025-07-24,Bangalore,26-35,Organic
C05887,2024-08-20,Delhi,26-35,Facebook
C05888,2025-12-12,Bangalore,26-35,Instagram
C05889,2024-12-20,Kolkata,26-35,YouTube
C05890,2025-05-25,Bangalore,36-45,Organic
C05891,2025-07-01,Ahmedabad,26-35,Organic
C05892,2025-04-30,Hyderabad,18-25,Google
C05893,2025-04-13,Hyderabad,18-25,Google
C05894,2024-12-18,Kolkata,46-55,Instagram
C05895,2025-11-06,Bangalore,26-35,Organic
C05896,2025-05-26,Chennai,26-35,Instagram
C05897,2024-11-15,Bangalore,26-35,Google
C05898,2024-12-15,Kolkata,26-35,Google
C05899,2025-04-07,Hyderabad,26-35,YouTube
C05900,2025-12-22,Bangalore,18-25,Google
C05901,2026-03-07,Kolkata,26-35,Referral
C05902,2025-03-06,Bangalore,26-35,Organic
C05903,2025-03-10,Bangalore,18-25,Facebook
C05904,2024-09-21,Chennai,36-45,YouTube
C05905,2025-06-14,Mumbai,18-25,Referral
C05906,2024-12-01,Kolkata,18-25,Instagram
C05907,2025-12-06,Pune,36-45,Instagram
C05908,2025-06-07,Pune,46-55,Google
C05909,2024-11-19,Delhi,18-25,Referral
C05910,2026-02-06,Bangalore,36-45,Google
C05911,2025-12-04,Ahmedabad,18-25,Referral
C05912,2025-01-09,Bangalore,36-45,Referral
C05913,2024-09-15,Hyderabad,26-35,Organic
C05914,2024-12-16,Delhi,36-45,Instagram
C05915,2025-02-26,Delhi,26-35,Facebook
C05916,2025-03-17,Hyderabad,26-35,YouTube
C05917,2025-12-08,Chennai,46-55,Google
C05918,2026-03-11,Chennai,18-25,Google
C05919,2025-10-21,Kolkata,18-25,Facebook
C05920,2025-12-23,Delhi,26-35,Facebook
C05921,2024-09-18,Mumbai,26-35,Google
C05922,2024-10-04,Bangalore,18-25,Instagram
C05923,2026-02-01,Chennai,26-35,Facebook
C05924,2025-07-28,Delhi,26-35,Organic
C05925,2024-11-28,Hyderabad,26-35,Organic
C05926,2025-11-19,Bangalore,46-55,Google
C05927,2024-10-20,Chennai,26-35,YouTube
C05928,2025-11-03,Chennai,26-35,Referral
C05929,2026-01-16,Kolkata,26-35,Referral
C05930,2025-05-09,Bangalore,18-25,Organic
C05931,2025-08-24,Ahmedabad,36-45,Google
C05932,2025-10-11,Delhi,46-55,Referral
C05933,2026-01-14,Delhi,36-45,Organic
C05934,2025-07-08,Delhi,46-55,Organic
C05935,2025-01-04,Delhi,26-35,Facebook
C05936,2024-11-06,Hyderabad,36-45,Referral
C05937,2025-02-13,Delhi,18-25,Google
C05938,2024-08-05,Mumbai,56+,Google
C05939,2025-09-20,Pune,26-35,Referral
C05940,2025-02-22,Kolkata,18-25,Instagram
C05941,2025-09-28,Pune,36-45,Organic
C05942,2024-08-09,Hyderabad,26-35,Google
C05943,2025-01-22,Bangalore,46-55,Google
C05944,2025-03-10,Chennai,36-45,Google
C05945,2024-08-25,Bangalore,46-55,Referral
C05946,2025-12-12,Delhi,26-35,Instagram
C05947,2025-07-17,Bangalore,26-35,Organic
C05948,2025-12-22,Pune,36-45,Google
C05949,2025-11-25,Mumbai,18-25,Facebook
C05950,2024-07-22,Pune,18-25,Referral
C05951,2026-01-04,Mumbai,56+,Organic
C05952,2024-08-14,Mumbai,46-55,YouTube
C05953,2026-01-08,Mumbai,56+,YouTube
C05954,2025-09-02,Bangalore,18-25,YouTube
C05955,2025-12-06,Mumbai,18-25,Google
C05956,2025-05-16,Pune,46-55,Google
C05957,2024-10-11,Hyderabad,18-25,Organic
C05958,2024-10-04,Bangalore,26-35,Referral
C05959,2024-09-14,Pune,26-35,Organic
C05960,2025-11-27,Delhi,46-55,Organic
C05961,2025-06-06,Bangalore,26-35,Instagram
C05962,2024-11-16,Bangalore,26-35,Instagram
C05963,2024-09-18,Hyderabad,26-35,Organic
C05964,2024-08-19,Delhi,18-25,Organic
C05965,2024-12-12,Pune,36-45,YouTube
C05966,2025-10-22,Delhi,26-35,Organic
C05967,2026-01-22,Chennai,26-35,Google
C05968,2025-07-24,Delhi,26-35,Instagram
C05969,2026-03-29,Pune,26-35,Google
C05970,2025-03-10,Chennai,18-25,Google
C05971,2025-01-29,Mumbai,46-55,Organic
C05972,2025-09-16,Bangalore,26-35,Organic
C05973,2024-09-25,Hyderabad,26-35,YouTube
C05974,2026-02-03,Ahmedabad,26-35,Referral
C05975,2025-11-11,Ahmedabad,56+,Google
C05976,2024-07-22,Delhi,36-45,Referral
C05977,2024-10-28,Chennai,18-25,Google
C05978,2025-08-06,Mumbai,26-35,Instagram
C05979,2025-10-15,Bangalore,26-35,Referral
C05980,2024-11-17,Pune,36-45,Referral
C05981,2025-10-21,Hyderabad,56+,Instagram
C05982,2025-04-29,Hyderabad,36-45,Organic
C05983,2025-09-05,Kolkata,46-55,Organic
C05984,2025-03-28,Delhi,26-35,Instagram
C05985,2025-04-17,Pune,26-35,Organic
C05986,2025-03-07,Mumbai,36-45,Instagram
C05987,2024-10-09,Bangalore,36-45,Referral
C05988,2024-10-30,Mumbai,18-25,Organic
C05989,2024-10-16,Ahmedabad,26-35,Referral
C05990,2025-11-25,Hyderabad,18-25,Organic
C05991,2025-03-28,Bangalore,18-25,Google
C05992,2025-02-28,Pune,46-55,Google
C05993,2025-12-29,Ahmedabad,18-25,Referral
C05994,2026-01-18,Kolkata,36-45,Google
C05995,2024-11-27,Hyderabad,26-35,Instagram
C05996,2025-02-12,Mumbai,36-45,Referral
C05997,2025-03-21,Hyderabad,46-55,Google
C05998,2025-12-19,Chennai,36-45,Referral
C05999,2025-09-03,Kolkata,36-45,Organic
C06000,2025-06-13,Chennai,18-25,Organic
C06001,2024-11-28,Mumbai,26-35,YouTube
C06002,2025-03-04,Bangalore,36-45,Organic
C06003,2024-07-19,Hyderabad,36-45,Facebook
C06004,2025-09-23,Bangalore,36-45,Referral
C06005,2026-02-08,Bangalore,36-45,Organic
C06006,2025-11-15,Hyderabad,18-25,Organic
C06007,2025-01-14,Pune,26-35,YouTube
C06008,2025-05-05,Kolkata,46-55,Organic
C06009,2026-03-04,Chennai,26-35,Facebook
C06010,2025-03-29,Kolkata,36-45,Referral
C06011,2025-12-19,Chennai,26-35,Facebook
C06012,2025-07-04,Pune,46-55,Google
C06013,2025-05-15,Bangalore,46-55,Instagram
C06014,2025-07-09,Pune,18-25,Google
C06015,2024-11-20,Bangalore,46-55,Referral
C06016,2025-03-29,Bangalore,26-35,Instagram
C06017,2025-01-11,Bangalore,26-35,Instagram
C06018,2025-10-28,Kolkata,46-55,Google
C06019,2025-07-27,Chennai,26-35,Organic
C06020,2025-03-13,Ahmedabad,26-35,Instagram
C06021,2025-12-08,Ahmedabad,36-45,Organic
C06022,2025-04-16,Kolkata,56+,Organic
C06023,2026-03-02,Bangalore,18-25,Organic
C06024,2025-07-22,Kolkata,36-45,Organic
C06025,2026-01-17,Kolkata,26-35,Google
C06026,2026-03-23,Kolkata,26-35,Facebook
C06027,2025-01-25,Bangalore,36-45,YouTube
C06028,2024-12-14,Bangalore,26-35,Google
C06029,2025-12-16,Ahmedabad,36-45,Instagram
C06030,2024-11-26,Bangalore,36-45,Referral
C06031,2025-10-24,Mumbai,56+,YouTube
C06032,2024-10-22,Mumbai,36-45,YouTube
C06033,2026-01-07,Bangalore,18-25,Facebook
C06034,2025-09-14,Bangalore,36-45,Facebook
C06035,2025-05-29,Ahmedabad,36-45,Organic
C06036,2025-04-13,Kolkata,18-25,Instagram
C06037,2025-08-12,Ahmedabad,26-35,Instagram
C06038,2025-03-06,Delhi,36-45,Instagram
C06039,2025-03-12,Delhi,18-25,Google
C06040,2024-11-08,Mumbai,26-35,Instagram
C06041,2024-10-09,Mumbai,26-35,Referral
C06042,2026-01-21,Bangalore,26-35,Organic
C06043,2025-10-22,Chennai,46-55,Instagram
C06044,2025-04-10,Ahmedabad,18-25,YouTube
C06045,2025-12-14,Hyderabad,36-45,Facebook
C06046,2025-07-24,Mumbai,36-45,Instagram
C06047,2025-07-18,Mumbai,26-35,Instagram
C06048,2024-09-10,Bangalore,26-35,Referral
C06049,2025-06-09,Delhi,18-25,YouTube
C06050,2024-09-07,Hyderabad,18-25,Organic
C06051,2025-09-11,Mumbai,26-35,Instagram
C06052,2024-08-13,Hyderabad,18-25,Organic
C06053,2025-05-25,Kolkata,36-45,YouTube
C06054,2025-02-20,Delhi,26-35,Google
C06055,2024-09-22,Bangalore,18-25,Organic
C06056,2025-04-29,Bangalore,26-35,Referral
C06057,2024-11-06,Bangalore,46-55,Google
C06058,2024-12-04,Hyderabad,18-25,Facebook
C06059,2026-01-20,Chennai,36-45,Google
C06060,2025-02-09,Kolkata,18-25,YouTube
C06061,2025-03-16,Pune,46-55,Organic
C06062,2024-07-05,Mumbai,26-35,Google
C06063,2025-01-09,Bangalore,26-35,Organic
C06064,2025-02-10,Mumbai,26-35,Instagram
C06065,2025-10-03,Delhi,26-35,Google
C06066,2024-09-15,Kolkata,36-45,Google
C06067,2026-02-15,Hyderabad,18-25,YouTube
C06068,2024-09-21,Delhi,18-25,Facebook
C06069,2025-08-22,Delhi,18-25,Google
C06070,2024-07-03,Bangalore,26-35,Referral
C06071,2025-12-06,Ahmedabad,46-55,Facebook
C06072,2025-09-18,Bangalore,18-25,Organic
C06073,2025-12-18,Bangalore,46-55,Instagram
C06074,2026-02-16,Delhi,36-45,Google
C06075,2025-12-15,Chennai,18-25,Referral
C06076,2025-08-02,Hyderabad,18-25,Google
C06077,2025-12-18,Pune,26-35,Referral
C06078,2024-08-31,Mumbai,18-25,Organic
C06079,2025-08-17,Bangalore,36-45,Organic
C06080,2026-03-25,Kolkata,26-35,Google
C06081,2025-02-27,Delhi,26-35,Organic
C06082,2026-03-16,Bangalore,36-45,Referral
C06083,2025-05-20,Hyderabad,26-35,Organic
C06084,2025-04-26,Bangalore,46-55,Instagram
C06085,2025-01-08,Bangalore,36-45,Google
C06086,2024-09-07,Chennai,26-35,Google
C06087,2026-01-11,Hyderabad,26-35,Google
C06088,2025-10-04,Delhi,18-25,Organic
C06089,2025-03-13,Mumbai,56+,Referral
C06090,2026-03-07,Chennai,26-35,Google
C06091,2024-10-26,Bangalore,46-55,Referral
C06092,2025-11-10,Bangalore,56+,Organic
C06093,2025-04-15,Pune,26-35,Organic
C06094,2025-08-03,Hyderabad,36-45,Organic
C06095,2024-07-24,Ahmedabad,26-35,YouTube
C06096,2025-07-26,Mumbai,18-25,Organic
C06097,2025-09-07,Bangalore,56+,Google
C06098,2026-03-17,Hyderabad,26-35,YouTube
C06099,2025-02-07,Pune,46-55,Google
C06100,2024-08-16,Bangalore,36-45,Organic
C06101,2024-08-09,Hyderabad,18-25,Facebook
C06102,2024-10-04,Delhi,26-35,Google
C06103,2025-01-08,Kolkata,18-25,Google
C06104,2025-12-13,Kolkata,18-25,Google
C06105,2024-11-02,Mumbai,36-45,Facebook
C06106,2024-10-01,Ahmedabad,18-25,Referral
C06107,2024-07-21,Ahmedabad,56+,Organic
C06108,2025-03-02,Bangalore,26-35,Instagram
C06109,2025-07-21,Mumbai,26-35,Google
C06110,2024-12-27,Hyderabad,26-35,Instagram
C06111,2025-05-13,Bangalore,18-25,YouTube
C06112,2024-12-03,Mumbai,26-35,Instagram
C06113,2025-11-24,Delhi,26-35,Facebook
C06114,2024-07-17,Ahmedabad,26-35,Organic
C06115,2024-11-06,Mumbai,26-35,Facebook
C06116,2025-06-27,Chennai,18-25,Google
C06117,2025-12-21,Mumbai,26-35,Referral
C06118,2025-03-14,Bangalore,26-35,Instagram
C06119,2024-08-14,Kolkata,18-25,Referral
C06120,2025-06-18,Bangalore,36-45,Organic
C06121,2024-12-20,Bangalore,18-25,Instagram
C06122,2025-01-11,Mumbai,18-25,Facebook
C06123,2026-02-10,Pune,26-35,Instagram
C06124,2026-02-22,Mumbai,26-35,Google
C06125,2024-12-13,Bangalore,46-55,Organic
C06126,2025-07-13,Delhi,46-55,Referral
C06127,2025-06-11,Delhi,36-45,Google
C06128,2026-03-07,Bangalore,26-35,Facebook
C06129,2026-02-25,Hyderabad,26-35,Google
C06130,2025-02-09,Bangalore,18-25,Referral
C06131,2024-07-17,Delhi,36-45,Instagram
C06132,2024-07-02,Pune,26-35,Instagram
C06133,2024-07-03,Chennai,26-35,Referral
C06134,2025-11-12,Delhi,26-35,YouTube
C06135,2025-10-16,Delhi,36-45,Referral
C06136,2025-12-11,Delhi,26-35,Google
C06137,2024-09-28,Ahmedabad,18-25,Instagram
C06138,2024-08-07,Delhi,46-55,Facebook
C06139,2024-10-17,Delhi,18-25,Google
C06140,2025-08-04,Mumbai,56+,Organic
C06141,2024-07-06,Delhi,26-35,Instagram
C06142,2025-08-27,Bangalore,46-55,Instagram
C06143,2026-01-20,Bangalore,46-55,Instagram
C06144,2024-10-02,Pune,26-35,Instagram
C06145,2025-10-16,Pune,36-45,Referral
C06146,2025-06-19,Pune,18-25,Google
C06147,2026-02-24,Chennai,18-25,YouTube
C06148,2024-12-03,Delhi,26-35,Instagram
C06149,2024-11-22,Ahmedabad,26-35,Referral
C06150,2024-07-11,Chennai,18-25,Referral
C06151,2025-09-24,Chennai,26-35,Google
C06152,2026-01-05,Chennai,56+,Instagram
C06153,2024-07-13,Mumbai,46-55,Instagram
C06154,2025-05-11,Delhi,18-25,Instagram
C06155,2025-10-06,Mumbai,26-35,Google
C06156,2025-11-12,Bangalore,18-25,Instagram
C06157,2026-02-15,Mumbai,18-25,Google
C06158,2025-10-05,Bangalore,46-55,Referral
C06159,2026-02-09,Bangalore,56+,Referral
C06160,2026-03-27,Ahmedabad,18-25,Google
C06161,2026-02-13,Pune,18-25,Referral
C06162,2025-04-06,Hyderabad,26-35,Google
C06163,2025-03-18,Mumbai,26-35,Facebook
C06164,2025-03-31,Hyderabad,18-25,Instagram
C06165,2026-02-28,Kolkata,18-25,Instagram
C06166,2024-12-28,Pune,26-35,YouTube
C06167,2025-10-24,Hyderabad,18-25,Google
C06168,2025-08-04,Mumbai,46-55,Google
C06169,2024-08-09,Mumbai,36-45,YouTube
C06170,2025-05-07,Pune,26-35,Referral
C06171,2024-11-02,Ahmedabad,26-35,Organic
C06172,2025-10-09,Mumbai,36-45,Instagram
C06173,2025-04-12,Mumbai,18-25,Google
C06174,2025-02-13,Mumbai,46-55,Google
C06175,2024-08-11,Mumbai,18-25,Organic
C06176,2024-09-22,Ahmedabad,46-55,Google
C06177,2025-11-01,Pune,18-25,Organic
C06178,2026-01-03,Mumbai,36-45,Facebook
C06179,2025-01-03,Mumbai,18-25,Facebook
C06180,2025-12-12,Mumbai,36-45,Instagram
C06181,2025-06-18,Bangalore,26-35,Referral
C06182,2025-02-10,Hyderabad,18-25,Organic
C06183,2025-04-15,Chennai,36-45,Organic
C06184,2025-09-15,Pune,18-25,Facebook
C06185,2026-02-01,Delhi,26-35,Organic
C06186,2025-05-11,Chennai,26-35,Organic
C06187,2025-02-07,Pune,36-45,Instagram
C06188,2025-10-30,Delhi,46-55,Referral
C06189,2025-06-01,Pune,26-35,Organic
C06190,2025-03-07,Pune,36-45,Organic
C06191,2025-04-20,Kolkata,46-55,Organic
C06192,2025-06-08,Bangalore,36-45,Google
C06193,2024-09-28,Delhi,26-35,Referral
C06194,2024-08-06,Hyderabad,26-35,Facebook
C06195,2025-08-29,Bangalore,18-25,Google
C06196,2024-10-20,Mumbai,26-35,Organic
C06197,2025-06-05,Chennai,18-25,Organic
C06198,2025-11-12,Bangalore,36-45,Referral
C06199,2024-11-15,Mumbai,26-35,Referral
C06200,2025-03-01,Ahmedabad,26-35,Referral
C06201,2026-03-18,Hyderabad,18-25,YouTube
C06202,2024-07-23,Hyderabad,18-25,Instagram
C06203,2025-10-26,Hyderabad,36-45,Facebook
C06204,2024-10-16,Delhi,26-35,Organic
C06205,2026-01-30,Bangalore,46-55,Google
C06206,2025-03-21,Pune,26-35,Instagram
C06207,2024-07-05,Mumbai,18-25,Instagram
C06208,2025-10-02,Delhi,36-45,Instagram
C06209,2024-10-03,Bangalore,36-45,Instagram
C06210,2025-02-18,Kolkata,18-25,Instagram
C06211,2025-05-17,Bangalore,36-45,Facebook
C06212,2025-10-20,Chennai,18-25,Organic
C06213,2025-03-25,Mumbai,18-25,YouTube
C06214,2025-12-31,Hyderabad,18-25,Referral
C06215,2025-05-04,Delhi,26-35,Organic
C06216,2025-02-03,Bangalore,36-45,YouTube
C06217,2025-02-01,Hyderabad,18-25,Google
C06218,2025-11-24,Pune,36-45,Organic
C06219,2025-08-29,Delhi,36-45,Facebook
C06220,2024-09-20,Mumbai,26-35,Facebook
C06221,2025-10-23,Mumbai,18-25,Referral
C06222,2025-03-23,Delhi,26-35,YouTube
C06223,2025-02-08,Hyderabad,18-25,Referral
C06224,2024-09-01,Bangalore,56+,Google
C06225,2026-03-30,Hyderabad,36-45,Google
C06226,2024-08-03,Bangalore,18-25,Referral
C06227,2026-03-29,Hyderabad,26-35,Google
C06228,2024-08-11,Delhi,18-25,Instagram
C06229,2025-05-19,Mumbai,18-25,Instagram
C06230,2024-09-05,Mumbai,26-35,YouTube
C06231,2025-05-11,Kolkata,18-25,YouTube
C06232,2025-12-17,Hyderabad,18-25,YouTube
C06233,2025-07-13,Chennai,26-35,Referral
C06234,2025-06-13,Delhi,26-35,Facebook
C06235,2024-09-15,Mumbai,26-35,Referral
C06236,2026-02-26,Bangalore,26-35,Referral
C06237,2025-02-25,Mumbai,26-35,Referral
C06238,2025-06-09,Pune,26-35,Google
C06239,2026-01-25,Kolkata,26-35,Organic
C06240,2025-08-06,Hyderabad,56+,Referral
C06241,2025-10-13,Pune,18-25,Facebook
C06242,2024-10-26,Bangalore,26-35,Instagram
C06243,2025-04-20,Bangalore,18-25,Instagram
C06244,2025-06-11,Chennai,26-35,Google
C06245,2024-10-21,Bangalore,26-35,Google
C06246,2025-03-04,Bangalore,36-45,Facebook
C06247,2025-12-14,Ahmedabad,56+,Referral
C06248,2026-02-16,Ahmedabad,26-35,Google
C06249,2025-12-09,Pune,18-25,Organic
C06250,2026-02-17,Mumbai,36-45,Referral
C06251,2026-03-31,Kolkata,18-25,Google
C06252,2024-11-04,Delhi,26-35,Google
C06253,2025-12-29,Mumbai,46-55,Google
C06254,2025-08-01,Mumbai,26-35,Organic
C06255,2025-12-31,Ahmedabad,26-35,YouTube
C06256,2025-08-12,Ahmedabad,18-25,Google
C06257,2024-09-18,Pune,18-25,Organic
C06258,2025-06-25,Bangalore,56+,Organic
C06259,2025-10-29,Hyderabad,18-25,Google
C06260,2024-09-18,Delhi,26-35,Referral
C06261,2025-05-19,Kolkata,26-35,Google
C06262,2025-08-22,Bangalore,26-35,Google
C06263,2025-04-23,Bangalore,18-25,Referral
C06264,2025-11-23,Pune,18-25,Google
C06265,2024-09-20,Mumbai,26-35,Referral
C06266,2025-02-06,Kolkata,26-35,Organic
C06267,2026-02-28,Bangalore,36-45,Google
C06268,2025-05-25,Chennai,26-35,Facebook
C06269,2024-10-24,Bangalore,46-55,Google
C06270,2024-09-13,Bangalore,26-35,Referral
C06271,2025-07-15,Mumbai,26-35,Organic
C06272,2026-02-15,Delhi,46-55,Referral
C06273,2024-08-01,Hyderabad,46-55,Facebook
C06274,2024-09-08,Bangalore,26-35,Google
C06275,2025-02-25,Bangalore,26-35,Google
C06276,2024-11-11,Chennai,46-55,Organic
C06277,2024-09-16,Delhi,18-25,Organic
C06278,2025-01-07,Pune,26-35,Organic
C06279,2025-08-15,Chennai,26-35,YouTube
C06280,2025-12-10,Bangalore,36-45,Instagram
C06281,2025-01-12,Chennai,26-35,Organic
C06282,2025-09-21,Delhi,26-35,Organic
C06283,2025-12-08,Mumbai,56+,Organic
C06284,2024-07-05,Bangalore,18-25,Google
C06285,2025-12-27,Kolkata,36-45,Facebook
C06286,2024-10-26,Hyderabad,18-25,Organic
C06287,2025-09-11,Hyderabad,36-45,Google
C06288,2025-10-23,Ahmedabad,26-35,Google
C06289,2025-12-23,Delhi,18-25,Organic
C06290,2025-03-16,Kolkata,26-35,Facebook
C06291,2025-08-26,Pune,46-55,Referral
C06292,2024-07-17,Ahmedabad,26-35,YouTube
C06293,2025-04-12,Kolkata,18-25,Google
C06294,2026-03-08,Ahmedabad,18-25,Google
C06295,2024-10-10,Bangalore,26-35,Organic
C06296,2024-10-05,Chennai,36-45,Instagram
C06297,2025-09-21,Chennai,26-35,Instagram
C06298,2025-05-23,Pune,18-25,Organic
C06299,2025-04-17,Delhi,36-45,Google
C06300,2024-12-06,Ahmedabad,26-35,Instagram
C06301,2024-10-18,Delhi,18-25,Instagram
C06302,2025-10-15,Hyderabad,26-35,Google
C06303,2025-02-14,Hyderabad,26-35,Google
C06304,2025-11-09,Bangalore,56+,Google
C06305,2025-04-10,Chennai,26-35,Facebook
C06306,2025-03-11,Bangalore,18-25,Organic
C06307,2024-11-25,Pune,36-45,Organic
C06308,2025-08-25,Kolkata,26-35,Instagram
C06309,2024-12-29,Mumbai,56+,Google
C06310,2026-02-01,Pune,26-35,Facebook
C06311,2025-03-18,Bangalore,46-55,Organic
C06312,2025-12-03,Kolkata,46-55,YouTube
C06313,2025-04-27,Ahmedabad,46-55,Google
C06314,2025-03-23,Bangalore,18-25,Organic
C06315,2025-04-16,Pune,46-55,Referral
C06316,2025-04-09,Hyderabad,36-45,Google
C06317,2025-05-03,Hyderabad,26-35,YouTube
C06318,2026-01-18,Pune,26-35,Google
C06319,2025-09-23,Hyderabad,26-35,Referral
C06320,2024-07-22,Hyderabad,46-55,Instagram
C06321,2024-08-07,Delhi,36-45,Organic
C06322,2024-07-15,Mumbai,26-35,YouTube
C06323,2025-09-15,Kolkata,36-45,Referral
C06324,2024-11-09,Bangalore,18-25,Facebook
C06325,2025-03-04,Hyderabad,26-35,Google
C06326,2025-12-11,Delhi,36-45,YouTube
C06327,2024-09-23,Kolkata,26-35,Organic
C06328,2024-10-06,Hyderabad,36-45,Facebook
C06329,2024-08-20,Mumbai,26-35,Organic
C06330,2024-12-30,Delhi,26-35,Referral
C06331,2024-08-27,Mumbai,36-45,Referral
C06332,2025-08-06,Ahmedabad,18-25,YouTube
C06333,2025-10-14,Hyderabad,56+,YouTube
C06334,2024-10-26,Mumbai,46-55,Organic
C06335,2025-06-01,Chennai,46-55,Organic
C06336,2025-01-10,Mumbai,46-55,Referral
C06337,2024-08-21,Mumbai,26-35,Google
C06338,2025-04-25,Delhi,26-35,Instagram
C06339,2025-09-19,Bangalore,36-45,Organic
C06340,2024-11-23,Pune,26-35,Organic
C06341,2025-11-16,Kolkata,46-55,Organic
C06342,2026-03-27,Kolkata,18-25,Referral
C06343,2024-08-05,Kolkata,46-55,Google
C06344,2024-10-13,Mumbai,26-35,Google
C06345,2025-01-01,Delhi,46-55,Instagram
C06346,2025-12-26,Pune,26-35,Instagram
C06347,2024-09-29,Ahmedabad,26-35,Organic
C06348,2025-04-27,Chennai,46-55,Organic
C06349,2025-06-09,Hyderabad,26-35,Facebook
C06350,2024-09-21,Pune,18-25,Instagram
C06351,2024-07-27,Chennai,18-25,YouTube
C06352,2024-09-14,Ahmedabad,26-35,Organic
C06353,2024-08-05,Chennai,26-35,Google
C06354,2025-05-16,Mumbai,26-35,Organic
C06355,2026-02-19,Delhi,18-25,Facebook
C06356,2025-02-11,Hyderabad,18-25,Google
C06357,2024-12-12,Delhi,46-55,Organic
C06358,2024-11-27,Ahmedabad,36-45,Google
C06359,2026-03-20,Hyderabad,18-25,Google
C06360,2026-03-05,Mumbai,18-25,Instagram
C06361,2025-08-19,Mumbai,18-25,Instagram
C06362,2025-04-23,Pune,36-45,Organic
C06363,2024-10-11,Hyderabad,36-45,Instagram
C06364,2026-02-14,Bangalore,26-35,Organic
C06365,2024-07-01,Kolkata,36-45,YouTube
C06366,2024-10-13,Mumbai,46-55,YouTube
C06367,2025-09-07,Mumbai,26-35,Google
C06368,2024-10-26,Delhi,26-35,Instagram
C06369,2024-09-08,Hyderabad,26-35,Referral
C06370,2025-07-16,Pune,56+,Google
C06371,2024-07-17,Kolkata,26-35,Google
C06372,2024-12-20,Bangalore,26-35,Referral
C06373,2025-08-15,Ahmedabad,36-45,Organic
C06374,2024-10-27,Pune,18-25,Google
C06375,2025-10-29,Delhi,26-35,Google
C06376,2024-08-30,Delhi,36-45,YouTube
C06377,2025-07-27,Delhi,56+,Facebook
C06378,2024-08-18,Kolkata,18-25,Organic
C06379,2025-10-11,Delhi,26-35,Referral
C06380,2025-10-25,Mumbai,46-55,Organic
C06381,2025-11-20,Pune,36-45,Instagram
C06382,2024-12-28,Kolkata,26-35,Facebook
C06383,2024-11-28,Pune,18-25,Google
C06384,2026-03-18,Chennai,18-25,Organic
C06385,2025-10-10,Bangalore,26-35,Google
C06386,2024-10-26,Kolkata,18-25,Organic
C06387,2024-07-19,Delhi,36-45,Organic
C06388,2025-02-12,Bangalore,36-45,Organic
C06389,2025-08-30,Ahmedabad,36-45,Referral
C06390,2025-02-25,Delhi,18-25,Organic
C06391,2025-11-29,Bangalore,26-35,Organic
C06392,2025-05-16,Pune,36-45,Organic
C06393,2026-03-26,Delhi,18-25,Referral
C06394,2026-01-08,Bangalore,18-25,Referral
C06395,2025-04-28,Hyderabad,26-35,Organic
C06396,2025-12-16,Chennai,18-25,Instagram
C06397,2025-04-13,Chennai,18-25,Organic
C06398,2024-07-07,Bangalore,26-35,Instagram
C06399,2025-01-13,Hyderabad,46-55,Organic
C06400,2025-03-19,Chennai,18-25,Google
C06401,2026-03-16,Bangalore,26-35,YouTube
C06402,2025-12-12,Delhi,26-35,Instagram
C06403,2024-10-02,Bangalore,26-35,Referral
C06404,2024-07-01,Hyderabad,26-35,Instagram
C06405,2025-06-03,Delhi,18-25,YouTube
C06406,2025-06-06,Chennai,18-25,Instagram
C06407,2025-10-13,Ahmedabad,26-35,Referral
C06408,2024-12-13,Delhi,56+,Instagram
C06409,2025-12-01,Pune,26-35,YouTube
C06410,2025-03-21,Delhi,26-35,Google
C06411,2025-01-30,Bangalore,56+,Organic
C06412,2025-03-26,Chennai,36-45,Instagram
C06413,2026-02-24,Mumbai,36-45,Google
C06414,2025-03-08,Ahmedabad,26-35,Instagram
C06415,2025-06-24,Hyderabad,46-55,Referral
C06416,2026-01-21,Bangalore,26-35,Instagram
C06417,2024-07-12,Mumbai,36-45,Facebook
C06418,2025-06-08,Delhi,36-45,Referral
C06419,2025-09-26,Kolkata,26-35,Organic
C06420,2026-01-29,Pune,56+,Google
C06421,2024-08-09,Mumbai,56+,Google
C06422,2025-10-08,Hyderabad,26-35,YouTube
C06423,2025-11-25,Pune,18-25,Organic
C06424,2025-02-10,Chennai,36-45,Organic
C06425,2025-10-20,Bangalore,26-35,Organic
C06426,2025-05-12,Bangalore,26-35,Instagram
C06427,2025-08-25,Bangalore,18-25,Facebook
C06428,2025-03-07,Mumbai,36-45,Referral
C06429,2024-10-22,Mumbai,56+,YouTube
C06430,2025-12-12,Bangalore,18-25,Organic
C06431,2024-11-16,Mumbai,36-45,Google
C06432,2024-10-28,Mumbai,46-55,Referral
C06433,2026-01-18,Bangalore,18-25,Facebook
C06434,2026-02-19,Ahmedabad,18-25,Instagram
C06435,2025-07-25,Hyderabad,26-35,Referral
C06436,2025-07-06,Mumbai,36-45,Organic
C06437,2025-02-16,Hyderabad,26-35,Google
C06438,2025-07-26,Delhi,18-25,Google
C06439,2025-07-25,Kolkata,18-25,Organic
C06440,2025-05-27,Hyderabad,26-35,Facebook
C06441,2025-08-23,Hyderabad,18-25,Referral
C06442,2025-06-20,Ahmedabad,26-35,Facebook
C06443,2026-01-13,Kolkata,18-25,Instagram
C06444,2025-08-31,Chennai,36-45,Google
C06445,2025-03-04,Delhi,36-45,Instagram
C06446,2025-08-23,Bangalore,46-55,Referral
C06447,2024-11-25,Pune,18-25,Organic
C06448,2024-11-14,Mumbai,26-35,Google
C06449,2025-12-11,Pune,36-45,Referral
C06450,2025-07-08,Chennai,26-35,Organic
C06451,2024-08-04,Delhi,18-25,Organic
C06452,2025-02-12,Delhi,18-25,Organic
C06453,2026-03-21,Hyderabad,26-35,Organic
C06454,2025-08-12,Delhi,26-35,Facebook
C06455,2026-01-07,Pune,46-55,Organic
C06456,2025-06-16,Chennai,36-45,Facebook
C06457,2024-07-28,Mumbai,36-45,Facebook
C06458,2024-10-23,Chennai,56+,YouTube
C06459,2024-08-28,Hyderabad,36-45,Instagram
C06460,2025-10-13,Pune,18-25,Referral
C06461,2025-10-27,Delhi,18-25,Google
C06462,2025-04-19,Chennai,36-45,Instagram
C06463,2025-10-06,Pune,26-35,Referral
C06464,2025-06-18,Delhi,46-55,Google
C06465,2025-10-16,Hyderabad,18-25,Organic
C06466,2025-09-03,Kolkata,18-25,YouTube
C06467,2025-04-18,Delhi,36-45,Google
C06468,2025-08-22,Chennai,46-55,Facebook
C06469,2025-01-20,Ahmedabad,46-55,Organic
C06470,2025-10-22,Kolkata,18-25,YouTube
C06471,2026-02-04,Mumbai,26-35,Instagram
C06472,2024-11-10,Hyderabad,36-45,Facebook
C06473,2025-08-31,Ahmedabad,46-55,Instagram
C06474,2024-09-09,Hyderabad,18-25,YouTube
C06475,2025-02-27,Bangalore,26-35,Instagram
C06476,2025-09-01,Bangalore,18-25,Instagram
C06477,2024-12-25,Chennai,36-45,Google
C06478,2024-11-28,Mumbai,18-25,Organic
C06479,2025-03-03,Delhi,56+,Facebook
C06480,2024-09-12,Mumbai,18-25,Organic
C06481,2025-08-04,Chennai,36-45,Organic
C06482,2024-09-22,Mumbai,36-45,Google
C06483,2025-01-29,Kolkata,18-25,Facebook
C06484,2025-01-16,Chennai,18-25,Google
C06485,2026-03-11,Ahmedabad,26-35,Facebook
C06486,2026-03-26,Kolkata,26-35,Organic
C06487,2024-08-20,Delhi,36-45,Google
C06488,2024-10-09,Pune,26-35,Google
C06489,2025-10-11,Bangalore,18-25,Organic
C06490,2025-01-07,Ahmedabad,46-55,Facebook
C06491,2025-08-16,Delhi,18-25,Organic
C06492,2026-02-09,Pune,26-35,YouTube
C06493,2024-10-13,Kolkata,46-55,Facebook
C06494,2026-03-08,Bangalore,46-55,Google
C06495,2024-08-03,Kolkata,18-25,Referral
C06496,2024-11-24,Bangalore,18-25,Organic
C06497,2025-05-21,Mumbai,26-35,Google
C06498,2026-01-14,Mumbai,26-35,YouTube
C06499,2025-06-19,Mumbai,36-45,Google
C06500,2024-09-27,Hyderabad,26-35,Organic
C06501,2024-12-07,Ahmedabad,18-25,Referral
C06502,2025-10-30,Delhi,26-35,YouTube
C06503,2025-06-24,Hyderabad,36-45,Referral
C06504,2024-07-09,Kolkata,36-45,Organic
C06505,2025-05-17,Chennai,26-35,Google
C06506,2025-03-17,Bangalore,18-25,YouTube
C06507,2024-07-01,Ahmedabad,26-35,Google
C06508,2024-12-06,Bangalore,26-35,Organic
C06509,2026-02-18,Hyderabad,36-45,YouTube
C06510,2025-09-23,Hyderabad,46-55,Referral
C06511,2024-08-15,Chennai,56+,Google
C06512,2024-07-11,Bangalore,26-35,Google
C06513,2025-02-07,Bangalore,46-55,Referral
C06514,2025-04-24,Chennai,18-25,Google
C06515,2025-04-16,Bangalore,26-35,Google
C06516,2025-09-19,Mumbai,26-35,Google
C06517,2024-10-19,Chennai,36-45,Referral
C06518,2024-07-30,Pune,36-45,Referral
C06519,2025-09-03,Delhi,26-35,Referral
C06520,2026-01-25,Delhi,46-55,Organic
C06521,2024-10-16,Ahmedabad,46-55,Organic
C06522,2025-02-16,Mumbai,46-55,Google
C06523,2025-08-05,Bangalore,26-35,Facebook
C06524,2024-10-14,Delhi,56+,Referral
C06525,2026-01-01,Mumbai,36-45,YouTube
C06526,2024-11-22,Ahmedabad,36-45,Referral
C06527,2025-06-06,Delhi,26-35,Google
C06528,2025-02-02,Bangalore,46-55,Organic
C06529,2025-08-31,Hyderabad,36-45,Instagram
C06530,2024-11-04,Bangalore,26-35,Facebook
C06531,2024-09-01,Delhi,56+,Organic
C06532,2025-05-23,Ahmedabad,18-25,Instagram
C06533,2026-01-04,Pune,36-45,Referral
C06534,2025-08-09,Bangalore,26-35,Organic
C06535,2025-10-26,Mumbai,26-35,Instagram
C06536,2025-04-03,Bangalore,26-35,Google
C06537,2024-09-28,Bangalore,26-35,Facebook
C06538,2025-03-30,Hyderabad,26-35,Google
C06539,2026-03-24,Hyderabad,18-25,Instagram
C06540,2025-11-12,Chennai,18-25,Instagram
C06541,2025-09-23,Kolkata,36-45,Organic
C06542,2025-01-09,Delhi,26-35,Referral
C06543,2025-07-19,Ahmedabad,18-25,Organic
C06544,2025-08-02,Hyderabad,18-25,Facebook
C06545,2025-08-23,Delhi,18-25,Instagram
C06546,2026-01-22,Kolkata,18-25,Google
C06547,2025-09-09,Bangalore,46-55,Google
C06548,2024-11-19,Hyderabad,26-35,Referral
C06549,2024-11-19,Chennai,26-35,Instagram
C06550,2025-08-01,Delhi,26-35,Google
C06551,2026-01-05,Kolkata,18-25,YouTube
C06552,2026-02-26,Delhi,36-45,Instagram
C06553,2025-07-25,Kolkata,56+,Facebook
C06554,2025-06-04,Bangalore,18-25,Facebook
C06555,2025-12-04,Bangalore,18-25,Referral
C06556,2026-03-17,Mumbai,26-35,YouTube
C06557,2024-07-18,Kolkata,18-25,Organic
C06558,2025-01-15,Bangalore,18-25,Google
C06559,2025-01-30,Kolkata,36-45,Referral
C06560,2025-06-26,Delhi,26-35,Instagram
C06561,2025-01-05,Mumbai,18-25,Referral
C06562,2025-01-15,Mumbai,36-45,YouTube
C06563,2024-07-16,Bangalore,18-25,Organic
C06564,2024-07-03,Ahmedabad,26-35,Google
C06565,2025-04-14,Mumbai,36-45,Organic
C06566,2026-03-30,Pune,26-35,Facebook
C06567,2025-01-05,Hyderabad,26-35,Instagram
C06568,2024-12-01,Hyderabad,36-45,Google
C06569,2024-12-16,Pune,36-45,Instagram
C06570,2026-03-14,Kolkata,46-55,Facebook
C06571,2025-08-29,Pune,26-35,Referral
C06572,2025-08-22,Hyderabad,26-35,Instagram
C06573,2024-10-30,Pune,36-45,Organic
C06574,2026-01-29,Hyderabad,18-25,Referral
C06575,2024-11-03,Mumbai,36-45,Instagram
C06576,2026-03-11,Pune,18-25,YouTube
C06577,2026-03-01,Mumbai,26-35,Organic
C06578,2025-06-28,Chennai,36-45,Instagram
C06579,2026-01-06,Ahmedabad,26-35,Facebook
C06580,2026-03-31,Ahmedabad,18-25,Instagram
C06581,2025-07-06,Kolkata,26-35,Instagram
C06582,2025-11-03,Hyderabad,36-45,Referral
C06583,2025-07-13,Chennai,56+,Instagram
C06584,2025-05-31,Bangalore,26-35,Organic
C06585,2025-01-30,Mumbai,18-25,Google
C06586,2025-08-23,Delhi,26-35,Google
C06587,2024-12-18,Bangalore,26-35,Facebook
C06588,2024-11-02,Ahmedabad,18-25,Google
C06589,2024-12-24,Kolkata,46-55,Referral
C06590,2024-07-08,Hyderabad,26-35,Google
C06591,2026-02-17,Delhi,26-35,YouTube
C06592,2024-12-12,Pune,26-35,Google
C06593,2025-11-24,Mumbai,18-25,Instagram
C06594,2025-04-04,Chennai,26-35,YouTube
C06595,2025-02-02,Ahmedabad,26-35,Google
C06596,2024-11-23,Mumbai,26-35,YouTube
C06597,2025-12-07,Delhi,36-45,Organic
C06598,2025-05-25,Delhi,26-35,YouTube
C06599,2025-04-14,Bangalore,26-35,Instagram
C06600,2025-08-25,Mumbai,46-55,Facebook
C06601,2025-11-25,Bangalore,26-35,Google
C06602,2025-08-24,Bangalore,26-35,Instagram
C06603,2025-04-25,Delhi,46-55,Organic
C06604,2026-01-23,Bangalore,26-35,Instagram
C06605,2026-01-24,Chennai,26-35,Google
C06606,2026-03-10,Bangalore,36-45,Organic
C06607,2024-08-28,Kolkata,26-35,Instagram
C06608,2026-01-21,Delhi,46-55,Google
C06609,2024-11-01,Bangalore,26-35,Referral
C06610,2025-08-01,Bangalore,26-35,Referral
C06611,2025-08-25,Pune,18-25,Referral
C06612,2024-11-09,Delhi,18-25,Organic
C06613,2024-07-06,Hyderabad,26-35,Google
C06614,2026-02-23,Bangalore,18-25,Google
C06615,2026-01-21,Ahmedabad,26-35,Google
C06616,2024-10-20,Bangalore,26-35,Google
C06617,2025-07-20,Mumbai,18-25,Instagram
C06618,2024-10-05,Kolkata,26-35,Organic
C06619,2025-06-28,Delhi,36-45,Instagram
C06620,2025-01-19,Delhi,26-35,Organic
C06621,2025-10-24,Chennai,36-45,Instagram
C06622,2025-07-02,Delhi,18-25,Instagram
C06623,2025-05-15,Bangalore,18-25,Google
C06624,2025-09-09,Mumbai,46-55,Referral
C06625,2025-05-01,Bangalore,46-55,Organic
C06626,2024-07-09,Kolkata,26-35,Organic
C06627,2025-07-16,Pune,26-35,Facebook
C06628,2025-11-10,Hyderabad,46-55,Google
C06629,2025-05-10,Delhi,26-35,Instagram
C06630,2024-10-20,Pune,18-25,YouTube
C06631,2024-07-06,Pune,18-25,Organic
C06632,2025-01-06,Bangalore,18-25,Instagram
C06633,2025-11-03,Kolkata,36-45,Instagram
C06634,2025-01-22,Hyderabad,26-35,Referral
C06635,2026-03-03,Chennai,26-35,Google
C06636,2025-01-29,Delhi,18-25,Organic
C06637,2025-03-31,Bangalore,18-25,Google
C06638,2025-10-29,Pune,36-45,Facebook
C06639,2025-07-28,Chennai,46-55,Referral
C06640,2024-07-27,Mumbai,26-35,Organic
C06641,2024-08-18,Bangalore,36-45,Instagram
C06642,2024-11-03,Chennai,26-35,Organic
C06643,2026-01-08,Delhi,26-35,YouTube
C06644,2024-07-15,Delhi,26-35,Instagram
C06645,2024-08-15,Pune,18-25,Referral
C06646,2025-11-10,Bangalore,26-35,Google
C06647,2025-08-03,Bangalore,46-55,Referral
C06648,2026-03-21,Bangalore,18-25,YouTube
C06649,2024-11-18,Ahmedabad,26-35,Organic
C06650,2025-08-26,Delhi,46-55,Organic
C06651,2024-09-24,Pune,36-45,Google
C06652,2025-07-13,Ahmedabad,26-35,YouTube
C06653,2024-09-06,Pune,18-25,Organic
C06654,2026-02-01,Hyderabad,46-55,Instagram
C06655,2025-03-23,Hyderabad,18-25,YouTube
C06656,2024-12-10,Mumbai,18-25,Instagram
C06657,2026-03-22,Hyderabad,18-25,Instagram
C06658,2024-08-12,Ahmedabad,26-35,YouTube
C06659,2025-11-24,Chennai,26-35,Instagram
C06660,2025-05-22,Mumbai,36-45,Instagram
C06661,2025-09-13,Delhi,26-35,Instagram
C06662,2024-12-14,Kolkata,56+,YouTube
C06663,2026-01-15,Bangalore,26-35,Instagram
C06664,2025-04-15,Kolkata,26-35,Google
C06665,2025-03-25,Delhi,18-25,Google
C06666,2025-04-18,Pune,18-25,Google
C06667,2025-01-06,Chennai,26-35,Google
C06668,2025-01-20,Mumbai,36-45,YouTube
C06669,2024-09-28,Delhi,18-25,Organic
C06670,2025-05-07,Kolkata,26-35,YouTube
C06671,2025-04-30,Mumbai,26-35,Organic
C06672,2025-02-28,Delhi,26-35,Google
C06673,2026-03-22,Hyderabad,18-25,Google
C06674,2024-09-11,Mumbai,18-25,Referral
C06675,2026-02-02,Pune,26-35,Google
C06676,2026-01-05,Bangalore,46-55,Organic
C06677,2024-07-15,Mumbai,36-45,Instagram
C06678,2025-09-22,Kolkata,18-25,Organic
C06679,2024-11-11,Bangalore,18-25,Google
C06680,2024-07-27,Mumbai,26-35,Referral
C06681,2026-01-02,Pune,18-25,Facebook
C06682,2024-09-12,Kolkata,36-45,Google
C06683,2025-01-07,Hyderabad,26-35,Instagram
C06684,2024-08-31,Kolkata,46-55,Google
C06685,2024-09-29,Delhi,18-25,Google
C06686,2024-08-09,Mumbai,56+,Referral
C06687,2025-12-21,Ahmedabad,36-45,Facebook
C06688,2024-08-07,Kolkata,36-45,YouTube
C06689,2025-10-29,Hyderabad,46-55,Organic
C06690,2024-10-09,Mumbai,26-35,Organic
C06691,2026-02-05,Mumbai,18-25,Google
C06692,2025-12-24,Bangalore,26-35,Facebook
C06693,2025-08-07,Kolkata,36-45,Referral
C06694,2025-12-12,Chennai,46-55,Instagram
C06695,2025-01-07,Mumbai,26-35,Facebook
C06696,2025-11-13,Delhi,36-45,Referral
C06697,2024-11-19,Mumbai,18-25,Instagram
C06698,2025-07-28,Bangalore,18-25,Organic
C06699,2026-02-08,Chennai,26-35,Google
C06700,2025-10-06,Hyderabad,26-35,Google
C06701,2024-12-20,Delhi,18-25,Google
C06702,2025-10-15,Pune,36-45,Organic
C06703,2026-01-16,Ahmedabad,26-35,Google
C06704,2026-01-20,Bangalore,26-35,Instagram
C06705,2025-10-16,Mumbai,18-25,Google
C06706,2025-10-11,Hyderabad,18-25,Google
C06707,2025-11-14,Bangalore,36-45,Referral
C06708,2025-10-14,Hyderabad,46-55,Referral
C06709,2024-09-24,Hyderabad,18-25,Instagram
C06710,2025-11-26,Bangalore,36-45,Google
C06711,2024-10-24,Bangalore,36-45,Google
C06712,2025-06-21,Kolkata,36-45,Referral
C06713,2025-02-02,Delhi,26-35,YouTube
C06714,2024-11-14,Pune,26-35,Google
C06715,2024-12-28,Pune,36-45,Instagram
C06716,2024-08-24,Kolkata,26-35,Instagram
C06717,2025-04-07,Chennai,18-25,Organic
C06718,2025-03-25,Kolkata,26-35,Google
C06719,2025-03-15,Pune,26-35,Organic
C06720,2024-08-28,Mumbai,26-35,Organic
C06721,2025-07-23,Mumbai,46-55,Instagram
C06722,2024-10-17,Mumbai,26-35,Referral
C06723,2025-12-29,Mumbai,26-35,Facebook
C06724,2024-07-16,Bangalore,56+,Google
C06725,2024-08-05,Mumbai,18-25,Referral
C06726,2025-01-08,Mumbai,18-25,Referral
C06727,2025-03-18,Bangalore,46-55,Google
C06728,2026-03-12,Delhi,56+,Organic
C06729,2025-06-01,Chennai,36-45,Instagram
C06730,2025-02-28,Hyderabad,26-35,Google
C06731,2025-12-18,Chennai,26-35,Organic
C06732,2024-12-01,Hyderabad,36-45,Facebook
C06733,2026-01-25,Kolkata,46-55,Instagram
C06734,2025-03-15,Chennai,18-25,Organic
C06735,2025-01-16,Bangalore,46-55,Instagram
C06736,2025-01-09,Ahmedabad,26-35,Organic
C06737,2024-07-07,Bangalore,18-25,Referral
C06738,2025-09-04,Hyderabad,18-25,Referral
C06739,2025-07-04,Chennai,18-25,Facebook
C06740,2025-08-10,Delhi,46-55,Organic
C06741,2025-08-21,Hyderabad,26-35,Google
C06742,2024-07-18,Mumbai,36-45,Facebook
C06743,2026-01-12,Bangalore,18-25,Google
C06744,2025-05-23,Bangalore,36-45,Organic
C06745,2025-09-15,Bangalore,26-35,Organic
C06746,2024-07-24,Bangalore,46-55,YouTube
C06747,2025-10-30,Pune,26-35,Google
C06748,2025-09-06,Hyderabad,36-45,Organic
C06749,2025-02-21,Mumbai,26-35,Organic
C06750,2026-02-18,Pune,26-35,Referral
C06751,2025-08-20,Bangalore,46-55,Facebook
C06752,2026-01-31,Delhi,26-35,Google
C06753,2025-12-08,Chennai,46-55,Google
C06754,2024-11-09,Kolkata,18-25,Organic
C06755,2026-03-29,Mumbai,36-45,Google
C06756,2025-10-18,Bangalore,46-55,YouTube
C06757,2024-10-30,Chennai,46-55,Google
C06758,2025-11-19,Kolkata,26-35,Referral
C06759,2025-04-01,Mumbai,26-35,Organic
C06760,2026-01-04,Delhi,36-45,YouTube
C06761,2024-10-19,Bangalore,26-35,Organic
C06762,2024-12-13,Hyderabad,46-55,Instagram
C06763,2025-02-08,Kolkata,18-25,Google
C06764,2025-04-15,Pune,18-25,Organic
C06765,2025-08-08,Delhi,36-45,Facebook
C06766,2024-11-19,Pune,26-35,Organic
C06767,2025-09-24,Kolkata,26-35,Organic
C06768,2024-07-16,Mumbai,26-35,Google
C06769,2025-01-28,Chennai,56+,Referral
C06770,2025-08-26,Mumbai,26-35,Referral
C06771,2024-12-17,Mumbai,56+,Instagram
C06772,2025-04-02,Hyderabad,26-35,Instagram
C06773,2025-07-23,Mumbai,26-35,Organic
C06774,2024-12-06,Ahmedabad,18-25,Referral
C06775,2026-03-09,Hyderabad,26-35,Google
C06776,2025-12-24,Mumbai,18-25,Facebook
C06777,2026-03-13,Mumbai,18-25,Google
C06778,2025-05-13,Hyderabad,26-35,Organic
C06779,2025-02-05,Mumbai,36-45,Organic
C06780,2026-03-28,Chennai,26-35,YouTube
C06781,2025-10-09,Mumbai,26-35,YouTube
C06782,2025-11-19,Mumbai,26-35,YouTube
C06783,2024-10-25,Pune,26-35,Referral
C06784,2026-01-07,Bangalore,36-45,Organic
C06785,2025-06-03,Pune,36-45,YouTube
C06786,2025-11-07,Hyderabad,36-45,Referral
C06787,2025-12-10,Mumbai,18-25,Organic
C06788,2024-09-06,Pune,26-35,Instagram
C06789,2024-09-02,Chennai,36-45,Referral
C06790,2024-08-11,Kolkata,46-55,Instagram
C06791,2025-08-15,Mumbai,26-35,Organic
C06792,2026-02-05,Delhi,26-35,Google
C06793,2024-07-20,Pune,36-45,Google
C06794,2024-09-27,Hyderabad,56+,Google
C06795,2025-05-07,Pune,26-35,Organic
C06796,2025-03-07,Hyderabad,18-25,Facebook
C06797,2024-09-04,Chennai,36-45,Instagram
C06798,2025-07-25,Delhi,36-45,Instagram
C06799,2026-01-30,Hyderabad,18-25,Organic
C06800,2024-11-13,Bangalore,26-35,Referral
C06801,2024-07-02,Mumbai,26-35,Google
C06802,2024-11-21,Pune,36-45,Organic
C06803,2024-10-26,Hyderabad,36-45,YouTube
C06804,2025-04-24,Mumbai,18-25,Google
C06805,2024-09-07,Kolkata,18-25,Referral
C06806,2025-02-16,Chennai,36-45,Instagram
C06807,2024-09-15,Hyderabad,18-25,Facebook
C06808,2025-09-06,Ahmedabad,26-35,YouTube
C06809,2025-04-26,Mumbai,26-35,Referral
C06810,2024-08-17,Chennai,26-35,Facebook
C06811,2024-07-28,Bangalore,36-45,Google
C06812,2025-05-09,Delhi,18-25,Organic
C06813,2025-07-14,Delhi,36-45,Organic
C06814,2024-10-20,Bangalore,36-45,YouTube
C06815,2025-01-23,Hyderabad,26-35,Organic
C06816,2025-07-23,Delhi,46-55,Google
C06817,2025-04-28,Pune,18-25,Instagram
C06818,2024-09-13,Delhi,36-45,Google
C06819,2025-03-08,Bangalore,18-25,YouTube
C06820,2024-11-04,Ahmedabad,56+,Google
C06821,2026-02-13,Pune,18-25,Referral
C06822,2025-11-26,Ahmedabad,26-35,Instagram
C06823,2025-01-16,Hyderabad,18-25,Referral
C06824,2024-11-28,Bangalore,26-35,Google
C06825,2024-09-25,Hyderabad,18-25,Referral
C06826,2025-10-14,Hyderabad,18-25,Google
C06827,2026-02-07,Bangalore,18-25,Instagram
C06828,2024-12-22,Kolkata,18-25,Instagram
C06829,2025-08-13,Pune,36-45,Facebook
C06830,2024-11-28,Chennai,26-35,Organic
C06831,2026-02-06,Hyderabad,18-25,Organic
C06832,2025-01-08,Pune,46-55,Facebook
C06833,2024-08-31,Delhi,36-45,Referral
C06834,2026-01-14,Ahmedabad,18-25,Organic
C06835,2026-02-25,Mumbai,26-35,Referral
C06836,2025-03-11,Bangalore,26-35,Instagram
C06837,2026-01-31,Bangalore,26-35,Google
C06838,2024-12-03,Pune,46-55,YouTube
C06839,2024-12-21,Ahmedabad,26-35,Referral
C06840,2025-06-08,Kolkata,56+,Google
C06841,2025-07-19,Pune,36-45,YouTube
C06842,2025-03-04,Ahmedabad,56+,Instagram
C06843,2025-11-23,Chennai,26-35,Organic
C06844,2025-11-17,Delhi,36-45,Organic
C06845,2024-09-16,Hyderabad,36-45,Google
C06846,2026-03-25,Bangalore,36-45,Instagram
C06847,2024-10-10,Delhi,18-25,Referral
C06848,2025-06-02,Mumbai,18-25,Organic
C06849,2025-03-28,Delhi,18-25,YouTube
C06850,2025-04-15,Ahmedabad,18-25,YouTube
C06851,2024-09-21,Ahmedabad,46-55,Instagram
C06852,2025-02-05,Mumbai,36-45,Google
C06853,2024-07-20,Pune,18-25,Organic
C06854,2026-03-14,Mumbai,26-35,Organic
C06855,2024-09-30,Bangalore,18-25,Instagram
C06856,2025-05-05,Delhi,36-45,Instagram
C06857,2024-11-16,Delhi,46-55,Instagram
C06858,2024-10-22,Delhi,18-25,Google
C06859,2025-03-07,Delhi,26-35,Organic
C06860,2026-03-12,Bangalore,56+,Facebook
C06861,2025-05-02,Delhi,36-45,Instagram
C06862,2026-03-07,Kolkata,46-55,Referral
C06863,2025-12-11,Bangalore,26-35,Google
C06864,2025-04-05,Delhi,18-25,Google
C06865,2026-01-27,Hyderabad,36-45,Instagram
C06866,2025-02-08,Mumbai,18-25,Google
C06867,2025-05-17,Hyderabad,36-45,Google
C06868,2025-09-08,Bangalore,36-45,Organic
C06869,2025-07-12,Pune,26-35,Organic
C06870,2025-12-12,Hyderabad,26-35,Organic
C06871,2024-10-13,Pune,36-45,Referral
C06872,2025-05-15,Hyderabad,46-55,Google
C06873,2025-08-29,Mumbai,26-35,Google
C06874,2025-01-28,Mumbai,36-45,Instagram
C06875,2026-01-05,Delhi,18-25,Instagram
C06876,2025-01-09,Hyderabad,46-55,Google
C06877,2025-01-09,Bangalore,36-45,Facebook
C06878,2025-01-25,Delhi,18-25,Facebook
C06879,2025-09-06,Pune,36-45,Organic
C06880,2024-09-14,Bangalore,36-45,Organic
C06881,2024-09-30,Bangalore,36-45,Organic
C06882,2025-11-10,Pune,26-35,Organic
C06883,2024-11-10,Mumbai,36-45,Organic
C06884,2024-09-06,Chennai,36-45,Google
C06885,2024-12-16,Ahmedabad,26-35,Facebook
C06886,2025-03-12,Ahmedabad,18-25,Organic
C06887,2024-07-22,Mumbai,46-55,Google
C06888,2025-12-16,Delhi,26-35,Referral
C06889,2024-09-14,Hyderabad,26-35,Organic
C06890,2025-03-16,Pune,46-55,Facebook
C06891,2024-11-07,Pune,18-25,Google
C06892,2025-01-05,Delhi,36-45,Referral
C06893,2024-07-29,Bangalore,26-35,Google
C06894,2026-02-26,Delhi,18-25,Google
C06895,2026-02-19,Bangalore,56+,Google
C06896,2024-09-19,Bangalore,36-45,Instagram
C06897,2024-11-04,Ahmedabad,18-25,Referral
C06898,2026-01-17,Bangalore,46-55,Referral
C06899,2025-03-23,Hyderabad,46-55,Organic
C06900,2024-08-09,Ahmedabad,36-45,Referral
C06901,2024-09-25,Mumbai,18-25,Google
C06902,2025-03-22,Hyderabad,18-25,Referral
C06903,2025-06-22,Pune,36-45,YouTube
C06904,2025-08-08,Delhi,46-55,Referral
C06905,2024-10-06,Mumbai,18-25,Referral
C06906,2025-02-22,Chennai,26-35,Instagram
C06907,2024-12-14,Chennai,18-25,Instagram
C06908,2025-06-07,Chennai,26-35,Facebook
C06909,2025-01-22,Ahmedabad,36-45,Google
C06910,2024-11-08,Mumbai,18-25,Google
C06911,2025-12-03,Chennai,36-45,Instagram
C06912,2025-06-29,Hyderabad,26-35,Referral
C06913,2025-04-29,Pune,26-35,Organic
C06914,2024-09-24,Chennai,46-55,Organic
C06915,2024-08-15,Chennai,18-25,YouTube
C06916,2025-11-21,Kolkata,18-25,Google
C06917,2026-03-11,Mumbai,26-35,Google
C06918,2025-07-09,Pune,26-35,Facebook
C06919,2024-07-25,Delhi,18-25,Referral
C06920,2025-05-04,Hyderabad,56+,YouTube
C06921,2024-12-27,Chennai,18-25,Organic
C06922,2024-08-04,Chennai,18-25,Google
C06923,2024-09-30,Mumbai,36-45,Facebook
C06924,2025-05-16,Hyderabad,46-55,Google
C06925,2025-03-30,Delhi,26-35,Organic
C06926,2025-06-26,Bangalore,18-25,Google
C06927,2025-09-17,Delhi,26-35,Organic
C06928,2024-12-17,Ahmedabad,18-25,Referral
C06929,2024-12-30,Delhi,26-35,Google
C06930,2025-09-06,Ahmedabad,36-45,Facebook
C06931,2024-11-03,Delhi,26-35,Instagram
C06932,2024-08-19,Chennai,26-35,Referral
C06933,2025-12-28,Hyderabad,36-45,Instagram
C06934,2024-11-11,Pune,18-25,Organic
C06935,2024-09-16,Pune,18-25,Referral
C06936,2025-10-15,Pune,36-45,Referral
C06937,2025-06-05,Kolkata,18-25,Organic
C06938,2024-10-03,Hyderabad,18-25,Organic
C06939,2025-12-26,Bangalore,18-25,Facebook
C06940,2024-12-04,Delhi,26-35,YouTube
C06941,2025-09-05,Pune,26-35,Google
C06942,2025-08-20,Hyderabad,26-35,Organic
C06943,2025-12-13,Hyderabad,26-35,Instagram
C06944,2025-10-09,Hyderabad,26-35,Instagram
C06945,2025-09-23,Mumbai,18-25,Referral
C06946,2024-08-02,Chennai,36-45,Referral
C06947,2026-02-20,Chennai,56+,Referral
C06948,2024-09-19,Pune,26-35,Referral
C06949,2024-12-10,Pune,26-35,Organic
C06950,2025-04-12,Kolkata,36-45,Facebook
C06951,2025-01-01,Hyderabad,18-25,Instagram
C06952,2025-07-14,Ahmedabad,26-35,Google
C06953,2024-08-03,Bangalore,46-55,Instagram
C06954,2025-04-16,Pune,18-25,Google
C06955,2025-02-09,Pune,18-25,Facebook
C06956,2025-08-18,Mumbai,26-35,Instagram
C06957,2025-05-29,Delhi,26-35,Google
C06958,2025-10-27,Hyderabad,26-35,Referral
C06959,2024-10-14,Mumbai,18-25,Google
C06960,2026-02-27,Kolkata,36-45,Referral
C06961,2025-03-08,Mumbai,18-25,Facebook
C06962,2025-02-09,Bangalore,46-55,Organic
C06963,2025-06-16,Hyderabad,18-25,Google
C06964,2024-10-13,Mumbai,18-25,Organic
C06965,2025-12-03,Bangalore,26-35,YouTube
C06966,2024-12-16,Hyderabad,18-25,Google
C06967,2026-02-13,Hyderabad,26-35,Organic
C06968,2024-10-03,Bangalore,18-25,Organic
C06969,2026-01-04,Hyderabad,26-35,Organic
C06970,2025-03-09,Hyderabad,18-25,Instagram
C06971,2025-07-24,Chennai,26-35,Organic
C06972,2026-01-09,Mumbai,18-25,Organic
C06973,2024-09-21,Delhi,26-35,Organic
C06974,2025-02-07,Ahmedabad,18-25,Google
C06975,2026-02-27,Hyderabad,36-45,Instagram
C06976,2024-10-04,Bangalore,36-45,Organic
C06977,2024-09-04,Kolkata,18-25,Organic
C06978,2025-05-30,Delhi,18-25,Facebook
C06979,2024-07-16,Chennai,18-25,Referral
C06980,2026-03-26,Pune,18-25,Google
C06981,2026-01-29,Ahmedabad,26-35,Organic
C06982,2024-10-29,Ahmedabad,26-35,Organic
C06983,2024-10-19,Delhi,56+,Referral
C06984,2025-11-10,Chennai,36-45,Organic
C06985,2025-05-29,Delhi,18-25,Google
C06986,2025-12-09,Pune,18-25,Google
C06987,2026-03-11,Hyderabad,18-25,Instagram
C06988,2025-03-14,Bangalore,18-25,Google
C06989,2024-12-10,Bangalore,26-35,Organic
C06990,2025-07-31,Bangalore,18-25,Google
C06991,2025-08-10,Bangalore,18-25,YouTube
C06992,2025-04-03,Delhi,18-25,Google
C06993,2025-01-08,Kolkata,36-45,Organic
C06994,2024-12-15,Hyderabad,18-25,Referral
C06995,2025-05-30,Chennai,56+,Google
C06996,2025-03-30,Kolkata,26-35,Referral
C06997,2025-04-19,Chennai,26-35,Facebook
C06998,2024-08-30,Mumbai,26-35,Facebook
C06999,2026-01-14,Kolkata,26-35,Google
C07000,2025-09-25,Chennai,26-35,Referral
C07001,2026-02-08,Chennai,26-35,Instagram
C07002,2025-12-12,Kolkata,26-35,Referral
C07003,2025-07-31,Hyderabad,26-35,Google
C07004,2025-01-13,Hyderabad,18-25,Facebook
C07005,2025-08-22,Kolkata,36-45,Organic
C07006,2025-06-27,Mumbai,26-35,Google
C07007,2026-02-11,Chennai,36-45,Facebook
C07008,2024-11-26,Bangalore,46-55,Organic
C07009,2024-07-17,Bangalore,26-35,Instagram
C07010,2024-09-20,Hyderabad,46-55,YouTube
C07011,2024-10-20,Bangalore,26-35,Referral
C07012,2025-08-29,Ahmedabad,26-35,Google
C07013,2024-10-02,Bangalore,26-35,Google
C07014,2024-09-24,Pune,18-25,Google
C07015,2025-03-11,Delhi,18-25,Instagram
C07016,2025-11-12,Ahmedabad,26-35,YouTube
C07017,2025-03-29,Mumbai,18-25,Google
C07018,2024-12-21,Bangalore,18-25,Referral
C07019,2024-12-29,Bangalore,36-45,Facebook
C07020,2025-12-06,Hyderabad,26-35,Facebook
C07021,2025-04-03,Ahmedabad,18-25,YouTube
C07022,2025-02-21,Ahmedabad,18-25,YouTube
C07023,2025-11-07,Delhi,46-55,Facebook
C07024,2025-02-21,Hyderabad,56+,YouTube
C07025,2025-02-13,Bangalore,36-45,Referral
C07026,2025-10-23,Hyderabad,18-25,Instagram
C07027,2025-01-26,Hyderabad,26-35,Google
C07028,2025-05-23,Delhi,26-35,Referral
C07029,2025-08-29,Pune,36-45,Google
C07030,2024-11-06,Kolkata,26-35,Google
C07031,2024-09-21,Bangalore,36-45,Instagram
C07032,2025-12-26,Delhi,26-35,Referral
C07033,2025-01-06,Delhi,46-55,Google
C07034,2025-02-03,Bangalore,26-35,Google
C07035,2025-07-12,Bangalore,26-35,Organic
C07036,2024-09-04,Pune,26-35,Google
C07037,2024-07-30,Bangalore,26-35,Referral
C07038,2025-03-23,Chennai,46-55,Google
C07039,2026-03-11,Kolkata,26-35,Organic
C07040,2025-07-02,Ahmedabad,46-55,YouTube
C07041,2025-07-05,Pune,26-35,Instagram
C07042,2025-07-25,Delhi,26-35,YouTube
C07043,2026-01-02,Bangalore,26-35,YouTube
C07044,2025-12-16,Delhi,18-25,Facebook
C07045,2024-07-16,Ahmedabad,46-55,YouTube
C07046,2025-06-11,Ahmedabad,18-25,Referral
C07047,2025-06-15,Mumbai,26-35,Instagram
C07048,2024-11-20,Delhi,18-25,Instagram
C07049,2026-03-16,Hyderabad,36-45,Google
C07050,2024-12-15,Delhi,46-55,Referral
C07051,2025-12-15,Ahmedabad,36-45,Facebook
C07052,2024-09-03,Delhi,26-35,Instagram
C07053,2025-07-20,Mumbai,26-35,Referral
C07054,2025-10-14,Mumbai,18-25,Facebook
C07055,2025-05-19,Bangalore,46-55,Instagram
C07056,2024-09-06,Mumbai,18-25,Instagram
C07057,2024-09-18,Kolkata,56+,Google
C07058,2025-07-23,Bangalore,36-45,Google
C07059,2026-01-03,Hyderabad,36-45,Referral
C07060,2025-07-17,Mumbai,36-45,Referral
C07061,2024-09-03,Bangalore,26-35,Organic
C07062,2025-11-14,Bangalore,26-35,Instagram
C07063,2025-04-20,Delhi,26-35,Organic
C07064,2024-08-17,Bangalore,18-25,Google
C07065,2025-02-21,Mumbai,36-45,Referral
C07066,2024-11-07,Chennai,26-35,Instagram
C07067,2026-03-23,Pune,46-55,YouTube
C07068,2026-02-02,Ahmedabad,46-55,Organic
C07069,2024-09-06,Mumbai,18-25,Google
C07070,2025-07-01,Pune,18-25,Organic
C07071,2024-07-05,Pune,26-35,Referral
C07072,2025-04-19,Delhi,18-25,YouTube
C07073,2024-10-08,Delhi,36-45,Facebook
C07074,2025-10-21,Hyderabad,36-45,Instagram
C07075,2024-08-16,Chennai,36-45,Referral
C07076,2026-01-28,Mumbai,26-35,Google
C07077,2024-11-25,Delhi,46-55,Organic
C07078,2024-12-16,Ahmedabad,26-35,Instagram
C07079,2026-01-17,Bangalore,56+,Referral
C07080,2026-01-28,Ahmedabad,36-45,YouTube
C07081,2024-08-31,Chennai,36-45,Google
C07082,2024-09-08,Kolkata,18-25,YouTube
C07083,2025-12-28,Chennai,36-45,Instagram
C07084,2026-03-17,Delhi,26-35,Facebook
C07085,2025-05-09,Pune,26-35,YouTube
C07086,2024-10-14,Chennai,26-35,Google
C07087,2024-10-06,Chennai,26-35,Instagram
C07088,2024-12-18,Delhi,18-25,Referral
C07089,2025-09-11,Delhi,18-25,Organic
C07090,2024-08-31,Delhi,36-45,Instagram
C07091,2025-08-14,Mumbai,36-45,Facebook
C07092,2025-11-26,Hyderabad,46-55,Organic
C07093,2024-09-30,Kolkata,36-45,Facebook
C07094,2026-03-21,Chennai,26-35,Google
C07095,2026-03-23,Pune,36-45,Referral
C07096,2025-01-06,Delhi,26-35,Google
C07097,2024-09-10,Mumbai,26-35,Google
C07098,2025-01-25,Delhi,56+,Instagram
C07099,2024-12-13,Delhi,46-55,Instagram
C07100,2024-12-26,Bangalore,18-25,Organic
C07101,2026-02-12,Delhi,36-45,Instagram
C07102,2024-10-07,Delhi,18-25,Instagram
C07103,2025-01-19,Hyderabad,46-55,Referral
C07104,2025-11-16,Bangalore,26-35,Organic
C07105,2024-08-06,Delhi,18-25,Organic
C07106,2024-08-08,Bangalore,36-45,Organic
C07107,2025-01-09,Pune,26-35,Google
C07108,2026-03-11,Hyderabad,18-25,Organic
C07109,2025-12-19,Delhi,36-45,Organic
C07110,2026-02-13,Bangalore,36-45,Google
C07111,2026-01-04,Ahmedabad,26-35,Instagram
C07112,2024-09-14,Hyderabad,36-45,Facebook
C07113,2025-03-14,Pune,18-25,Instagram
C07114,2025-06-04,Hyderabad,26-35,Google
C07115,2024-10-15,Chennai,36-45,Google
C07116,2026-03-27,Kolkata,18-25,Facebook
C07117,2025-07-21,Mumbai,26-35,Referral
C07118,2025-12-27,Pune,46-55,Facebook
C07119,2024-12-13,Delhi,36-45,YouTube
C07120,2025-09-30,Pune,26-35,Organic
C07121,2024-09-06,Mumbai,26-35,Instagram
C07122,2024-07-15,Bangalore,46-55,Google
C07123,2025-08-14,Ahmedabad,46-55,YouTube
C07124,2024-08-13,Kolkata,18-25,Facebook
C07125,2024-12-24,Delhi,26-35,YouTube
C07126,2025-11-20,Ahmedabad,18-25,Facebook
C07127,2025-05-15,Delhi,18-25,Organic
C07128,2025-02-26,Mumbai,26-35,Referral
C07129,2025-01-02,Kolkata,26-35,Referral
C07130,2025-09-01,Delhi,36-45,Referral
C07131,2026-03-02,Mumbai,46-55,Instagram
C07132,2025-10-16,Pune,26-35,Google
C07133,2025-02-15,Bangalore,26-35,Instagram
C07134,2025-03-27,Mumbai,18-25,Instagram
C07135,2024-09-04,Delhi,18-25,Google
C07136,2024-09-30,Pune,18-25,Organic
C07137,2024-12-19,Bangalore,56+,Organic
C07138,2025-03-05,Delhi,18-25,Referral
C07139,2026-03-25,Pune,36-45,Organic
C07140,2026-01-08,Bangalore,26-35,Referral
C07141,2024-09-11,Mumbai,26-35,Referral
C07142,2025-01-28,Pune,46-55,Referral
C07143,2024-08-05,Chennai,46-55,Instagram
C07144,2024-08-10,Bangalore,18-25,Organic
C07145,2025-02-25,Kolkata,46-55,Organic
C07146,2026-03-05,Chennai,18-25,Google
C07147,2024-10-27,Delhi,36-45,YouTube
C07148,2025-09-08,Chennai,18-25,Google
C07149,2025-03-08,Chennai,26-35,Referral
C07150,2025-06-11,Hyderabad,36-45,YouTube
C07151,2026-01-07,Hyderabad,36-45,Organic
C07152,2025-12-12,Chennai,46-55,Organic
C07153,2025-12-12,Ahmedabad,26-35,Organic
C07154,2025-03-20,Hyderabad,46-55,Instagram
C07155,2024-08-01,Chennai,26-35,Organic
C07156,2026-03-22,Chennai,18-25,Organic
C07157,2026-03-28,Kolkata,18-25,Instagram
C07158,2025-12-30,Ahmedabad,18-25,Instagram
C07159,2025-05-01,Delhi,18-25,Facebook
C07160,2024-12-27,Bangalore,36-45,Instagram
C07161,2024-10-20,Hyderabad,18-25,Facebook
C07162,2025-02-23,Mumbai,26-35,Google
C07163,2025-01-30,Hyderabad,18-25,Google
C07164,2024-12-24,Chennai,36-45,Referral
C07165,2026-02-28,Ahmedabad,26-35,Organic
C07166,2025-08-26,Mumbai,26-35,Referral
C07167,2024-11-20,Pune,36-45,Google
C07168,2025-08-13,Delhi,46-55,Referral
C07169,2025-09-24,Hyderabad,56+,Organic
C07170,2025-05-30,Bangalore,26-35,Google
C07171,2026-02-25,Hyderabad,46-55,Referral
C07172,2026-03-10,Hyderabad,26-35,Google
C07173,2025-04-03,Chennai,46-55,Google
C07174,2025-04-28,Pune,18-25,Google
C07175,2024-11-16,Mumbai,18-25,Google
C07176,2025-11-13,Bangalore,18-25,Organic
C07177,2026-02-15,Bangalore,36-45,Facebook
C07178,2025-08-25,Ahmedabad,18-25,Instagram
C07179,2024-11-06,Ahmedabad,18-25,Google
C07180,2025-05-28,Delhi,26-35,Facebook
C07181,2025-11-20,Delhi,56+,Google
C07182,2024-07-27,Mumbai,26-35,Google
C07183,2025-07-13,Pune,36-45,Organic
C07184,2025-08-25,Mumbai,18-25,Google
C07185,2025-06-08,Bangalore,46-55,Referral
C07186,2025-08-15,Mumbai,18-25,Facebook
C07187,2026-01-24,Delhi,26-35,Referral
C07188,2024-09-18,Delhi,26-35,Organic
C07189,2025-06-30,Bangalore,18-25,Google
C07190,2025-11-21,Pune,36-45,Google
C07191,2025-12-08,Hyderabad,36-45,Facebook
C07192,2025-04-25,Delhi,18-25,Facebook
C07193,2026-03-30,Hyderabad,18-25,YouTube
C07194,2025-01-24,Hyderabad,18-25,Instagram
C07195,2025-04-08,Chennai,18-25,YouTube
C07196,2025-12-09,Ahmedabad,46-55,Instagram
C07197,2025-04-07,Bangalore,26-35,Organic
C07198,2025-02-05,Kolkata,18-25,Organic
C07199,2025-06-21,Pune,18-25,Referral
C07200,2025-08-02,Pune,36-45,Referral
C07201,2026-03-12,Mumbai,36-45,Organic
C07202,2025-07-30,Mumbai,46-55,Facebook
C07203,2024-10-27,Bangalore,18-25,Google
C07204,2024-08-03,Ahmedabad,26-35,Instagram
C07205,2026-03-11,Hyderabad,18-25,Organic
C07206,2025-03-28,Mumbai,36-45,Google
C07207,2024-11-06,Hyderabad,26-35,Google
C07208,2024-11-20,Bangalore,36-45,Google
C07209,2024-09-06,Bangalore,18-25,Google
C07210,2024-11-05,Pune,36-45,Referral
C07211,2025-11-11,Hyderabad,18-25,Facebook
C07212,2025-08-23,Chennai,46-55,YouTube
C07213,2025-07-19,Pune,18-25,Referral
C07214,2024-07-08,Hyderabad,36-45,Instagram
C07215,2025-09-03,Chennai,18-25,Organic
C07216,2026-03-12,Bangalore,36-45,Referral
C07217,2026-02-10,Pune,36-45,Organic
C07218,2025-03-10,Pune,26-35,Referral
C07219,2025-07-19,Delhi,18-25,Organic
C07220,2025-01-07,Delhi,26-35,Google
C07221,2026-01-19,Delhi,26-35,YouTube
C07222,2026-02-08,Delhi,26-35,Organic
C07223,2024-11-20,Hyderabad,18-25,Google
C07224,2025-05-07,Bangalore,18-25,Facebook
C07225,2024-11-28,Pune,26-35,Instagram
C07226,2025-07-28,Bangalore,18-25,Instagram
C07227,2025-01-04,Bangalore,18-25,Organic
C07228,2025-09-18,Delhi,36-45,Organic
C07229,2026-03-20,Delhi,18-25,Instagram
C07230,2026-01-08,Ahmedabad,46-55,Instagram
C07231,2024-10-25,Delhi,36-45,Instagram
C07232,2024-09-21,Delhi,26-35,Instagram
C07233,2025-12-03,Delhi,46-55,Referral
C07234,2024-08-22,Mumbai,26-35,Instagram
C07235,2025-03-13,Hyderabad,26-35,Referral
C07236,2026-03-27,Chennai,26-35,Organic
C07237,2025-04-13,Mumbai,36-45,Organic
C07238,2024-07-06,Pune,18-25,Facebook
C07239,2026-03-16,Hyderabad,26-35,Instagram
C07240,2025-09-26,Kolkata,18-25,Instagram
C07241,2025-01-28,Hyderabad,26-35,Instagram
C07242,2025-07-26,Delhi,26-35,Google
C07243,2025-07-27,Pune,18-25,Referral
C07244,2025-06-19,Kolkata,18-25,Instagram
C07245,2026-03-07,Mumbai,36-45,Organic
C07246,2025-11-15,Ahmedabad,18-25,Facebook
C07247,2024-12-13,Kolkata,18-25,Google
C07248,2026-03-27,Delhi,26-35,Instagram
C07249,2026-03-08,Chennai,46-55,Organic
C07250,2024-07-30,Hyderabad,36-45,Organic
C07251,2025-01-06,Hyderabad,26-35,Instagram
C07252,2025-07-28,Hyderabad,46-55,Organic
C07253,2026-01-13,Kolkata,36-45,Google
C07254,2025-10-02,Pune,36-45,Organic
C07255,2025-07-02,Hyderabad,36-45,Organic
C07256,2025-01-12,Bangalore,46-55,Google
C07257,2024-08-31,Mumbai,26-35,Google
C07258,2026-01-22,Kolkata,18-25,Organic
C07259,2025-06-06,Pune,18-25,Organic
C07260,2025-04-19,Bangalore,18-25,YouTube
C07261,2026-03-19,Kolkata,26-35,Referral
C07262,2024-10-14,Kolkata,56+,YouTube
C07263,2024-12-10,Hyderabad,36-45,Organic
C07264,2025-12-28,Bangalore,36-45,Organic
C07265,2024-12-29,Hyderabad,36-45,Google
C07266,2026-02-23,Bangalore,46-55,Google
C07267,2025-12-31,Delhi,36-45,Referral
C07268,2024-09-02,Pune,18-25,Instagram
C07269,2025-04-19,Ahmedabad,26-35,Instagram
C07270,2025-10-24,Mumbai,26-35,Instagram
C07271,2025-05-09,Kolkata,18-25,Facebook
C07272,2024-11-15,Ahmedabad,18-25,Organic
C07273,2024-07-29,Bangalore,26-35,YouTube
C07274,2024-07-05,Delhi,18-25,Facebook
C07275,2024-10-22,Pune,18-25,Organic
C07276,2024-12-14,Chennai,46-55,Referral
C07277,2025-01-09,Mumbai,26-35,Referral
C07278,2025-12-29,Pune,36-45,Organic
C07279,2025-05-22,Pune,18-25,YouTube
C07280,2024-09-29,Chennai,56+,YouTube
C07281,2024-08-23,Pune,36-45,Referral
C07282,2024-09-22,Bangalore,46-55,Organic
C07283,2025-01-17,Bangalore,26-35,Referral
C07284,2025-10-16,Bangalore,26-35,Google
C07285,2024-08-01,Ahmedabad,26-35,Google
C07286,2025-03-17,Ahmedabad,26-35,Instagram
C07287,2025-04-13,Chennai,36-45,Google
C07288,2024-10-03,Bangalore,18-25,Organic
C07289,2024-08-07,Hyderabad,18-25,Instagram
C07290,2024-11-24,Delhi,46-55,Facebook
C07291,2024-10-06,Mumbai,18-25,Instagram
C07292,2025-11-20,Delhi,36-45,Instagram
C07293,2026-02-06,Kolkata,18-25,Referral
C07294,2025-08-03,Bangalore,26-35,Google
C07295,2025-10-28,Pune,26-35,Instagram
C07296,2025-10-30,Ahmedabad,26-35,Instagram
C07297,2026-01-12,Pune,36-45,Referral
C07298,2024-09-01,Bangalore,46-55,Google
C07299,2026-03-30,Kolkata,18-25,Referral
C07300,2025-04-19,Pune,26-35,Instagram
C07301,2025-06-12,Mumbai,36-45,Instagram
C07302,2025-11-22,Pune,18-25,Instagram
C07303,2025-05-12,Kolkata,18-25,Instagram
C07304,2024-12-17,Mumbai,26-35,YouTube
C07305,2024-07-13,Hyderabad,36-45,Referral
C07306,2024-10-17,Mumbai,26-35,Organic
C07307,2024-08-23,Bangalore,18-25,YouTube
C07308,2025-03-01,Chennai,56+,Google
C07309,2025-11-10,Bangalore,46-55,YouTube
C07310,2025-01-30,Mumbai,36-45,Organic
C07311,2025-07-17,Mumbai,36-45,Organic
C07312,2024-10-27,Delhi,46-55,YouTube
C07313,2025-07-13,Mumbai,36-45,Instagram
C07314,2026-03-02,Pune,36-45,Referral
C07315,2025-01-18,Delhi,26-35,Referral
C07316,2025-05-05,Bangalore,18-25,Organic
C07317,2026-03-08,Kolkata,36-45,Google
C07318,2025-07-24,Ahmedabad,36-45,Instagram
C07319,2025-03-13,Mumbai,26-35,Facebook
C07320,2024-09-16,Delhi,26-35,Referral
C07321,2026-02-19,Bangalore,36-45,Google
C07322,2025-07-25,Bangalore,18-25,Instagram
C07323,2024-08-06,Mumbai,36-45,Organic
C07324,2025-06-20,Ahmedabad,18-25,Instagram
C07325,2026-03-11,Chennai,26-35,Google
C07326,2026-02-16,Mumbai,56+,Facebook
C07327,2024-11-03,Ahmedabad,46-55,Instagram
C07328,2025-03-21,Mumbai,46-55,Google
C07329,2026-03-23,Delhi,36-45,Organic
C07330,2025-11-12,Mumbai,26-35,Google
C07331,2025-06-23,Delhi,36-45,Google
C07332,2025-01-11,Kolkata,26-35,Referral
C07333,2025-10-31,Mumbai,26-35,Organic
C07334,2025-07-05,Pune,26-35,Referral
C07335,2025-05-31,Mumbai,26-35,Organic
C07336,2026-02-13,Kolkata,26-35,YouTube
C07337,2025-02-27,Pune,26-35,Organic
C07338,2025-08-04,Hyderabad,26-35,Organic
C07339,2024-07-28,Bangalore,18-25,YouTube
C07340,2025-09-28,Kolkata,26-35,Instagram
C07341,2025-06-15,Hyderabad,18-25,Referral
C07342,2026-01-11,Delhi,46-55,Instagram
C07343,2025-01-29,Kolkata,18-25,Google
C07344,2026-02-12,Bangalore,36-45,Facebook
C07345,2025-07-03,Delhi,18-25,Instagram
C07346,2024-11-11,Hyderabad,46-55,Google
C07347,2024-10-11,Delhi,36-45,Instagram
C07348,2024-11-03,Mumbai,46-55,Organic
C07349,2025-01-09,Delhi,46-55,YouTube
C07350,2025-06-17,Bangalore,36-45,Google
C07351,2026-01-06,Bangalore,18-25,YouTube
C07352,2026-03-29,Bangalore,26-35,Referral
C07353,2025-09-07,Ahmedabad,26-35,Facebook
C07354,2025-05-10,Hyderabad,46-55,YouTube
C07355,2025-07-27,Hyderabad,46-55,Instagram
C07356,2025-01-28,Mumbai,26-35,YouTube
C07357,2024-12-04,Pune,36-45,Google
C07358,2025-06-09,Bangalore,26-35,Referral
C07359,2025-12-11,Delhi,36-45,Google
C07360,2024-08-11,Pune,26-35,Google
C07361,2024-09-09,Mumbai,26-35,Facebook
C07362,2024-10-22,Chennai,46-55,Organic
C07363,2024-11-12,Kolkata,18-25,Referral
C07364,2024-10-04,Kolkata,36-45,Facebook
C07365,2024-09-22,Delhi,36-45,Google
C07366,2024-07-18,Bangalore,26-35,Instagram
C07367,2025-02-08,Bangalore,26-35,YouTube
C07368,2025-10-05,Chennai,18-25,Instagram
C07369,2024-10-09,Ahmedabad,26-35,YouTube
C07370,2025-01-24,Ahmedabad,46-55,Instagram
C07371,2026-03-14,Delhi,18-25,Google
C07372,2024-10-16,Kolkata,18-25,Google
C07373,2026-03-23,Hyderabad,26-35,Google
C07374,2025-05-24,Kolkata,26-35,Google
C07375,2025-10-06,Hyderabad,18-25,Instagram
C07376,2025-01-23,Bangalore,26-35,Instagram
C07377,2025-01-24,Bangalore,26-35,Organic
C07378,2025-03-09,Ahmedabad,46-55,Referral
C07379,2024-09-20,Mumbai,26-35,Instagram
C07380,2025-01-18,Mumbai,26-35,Instagram
C07381,2026-01-23,Mumbai,26-35,Google
C07382,2024-07-03,Mumbai,18-25,Google
C07383,2025-07-01,Ahmedabad,26-35,Referral
C07384,2025-09-13,Bangalore,36-45,Instagram
C07385,2024-09-29,Bangalore,56+,Facebook
C07386,2024-09-09,Chennai,18-25,Google
C07387,2025-06-19,Hyderabad,26-35,Referral
C07388,2024-11-18,Bangalore,26-35,Organic
C07389,2026-03-17,Bangalore,18-25,Google
C07390,2024-10-30,Delhi,36-45,Instagram
C07391,2024-09-22,Delhi,18-25,Google
C07392,2025-01-28,Bangalore,46-55,Referral
C07393,2025-01-29,Delhi,26-35,YouTube
C07394,2024-10-11,Chennai,18-25,Google
C07395,2025-08-29,Kolkata,36-45,YouTube
C07396,2025-02-07,Kolkata,18-25,Referral
C07397,2025-06-02,Mumbai,36-45,Organic
C07398,2024-12-03,Delhi,36-45,Instagram
C07399,2024-08-31,Ahmedabad,26-35,Facebook
C07400,2024-08-09,Chennai,18-25,Google
C07401,2024-08-03,Hyderabad,26-35,Google
C07402,2026-01-08,Delhi,26-35,Referral
C07403,2024-12-16,Delhi,36-45,Facebook
C07404,2025-01-12,Hyderabad,26-35,Google
C07405,2025-07-06,Hyderabad,26-35,Google
C07406,2024-08-30,Bangalore,36-45,Facebook
C07407,2025-07-19,Ahmedabad,36-45,YouTube
C07408,2025-05-30,Hyderabad,36-45,Organic
C07409,2025-11-18,Hyderabad,18-25,Google
C07410,2024-09-17,Delhi,26-35,Referral
C07411,2024-07-11,Chennai,26-35,Facebook
C07412,2025-11-07,Chennai,36-45,Instagram
C07413,2025-02-22,Bangalore,36-45,Organic
C07414,2024-08-09,Hyderabad,46-55,Organic
C07415,2025-06-21,Pune,18-25,Facebook
C07416,2025-04-23,Kolkata,36-45,Referral
C07417,2026-02-28,Delhi,46-55,Google
C07418,2026-02-24,Kolkata,18-25,Organic
C07419,2025-06-10,Mumbai,18-25,Facebook
C07420,2024-10-10,Bangalore,18-25,Facebook
C07421,2025-10-21,Bangalore,26-35,Google
C07422,2024-11-06,Delhi,26-35,Google
C07423,2025-12-18,Delhi,18-25,Organic
C07424,2025-07-19,Hyderabad,26-35,Organic
C07425,2025-02-12,Chennai,36-45,Instagram
C07426,2026-03-19,Delhi,46-55,Instagram
C07427,2025-05-25,Ahmedabad,36-45,Instagram
C07428,2025-03-04,Bangalore,46-55,Instagram
C07429,2024-10-29,Hyderabad,26-35,Google
C07430,2025-08-19,Ahmedabad,36-45,Facebook
C07431,2024-12-20,Kolkata,26-35,Organic
C07432,2024-10-06,Pune,46-55,Instagram
C07433,2024-09-14,Pune,46-55,Organic
C07434,2025-08-14,Bangalore,36-45,Referral
C07435,2026-02-09,Bangalore,26-35,Organic
C07436,2024-12-09,Mumbai,26-35,YouTube
C07437,2024-11-16,Bangalore,26-35,Instagram
C07438,2025-07-27,Mumbai,18-25,Facebook
C07439,2024-09-30,Delhi,18-25,Instagram
C07440,2024-08-26,Ahmedabad,26-35,Organic
C07441,2025-08-12,Kolkata,18-25,Facebook
C07442,2025-06-01,Chennai,46-55,Organic
C07443,2024-07-19,Pune,36-45,Instagram
C07444,2024-11-29,Bangalore,46-55,Google
C07445,2024-11-04,Bangalore,26-35,Instagram
C07446,2025-09-09,Pune,18-25,Instagram
C07447,2025-08-30,Pune,26-35,Instagram
C07448,2025-10-21,Mumbai,46-55,Instagram
C07449,2024-09-02,Mumbai,18-25,Referral
C07450,2025-12-24,Hyderabad,36-45,Instagram
C07451,2024-11-11,Delhi,18-25,Referral
C07452,2026-03-27,Delhi,26-35,Organic
C07453,2026-01-09,Mumbai,18-25,Instagram
C07454,2025-04-20,Hyderabad,26-35,Organic
C07455,2025-11-15,Ahmedabad,18-25,Organic
C07456,2025-09-02,Hyderabad,46-55,Referral
C07457,2025-11-07,Chennai,18-25,Referral
C07458,2024-07-12,Chennai,18-25,Organic
C07459,2024-08-23,Bangalore,18-25,Referral
C07460,2026-01-30,Pune,56+,Referral
C07461,2025-11-12,Hyderabad,36-45,YouTube
C07462,2025-07-29,Hyderabad,36-45,YouTube
C07463,2025-01-16,Bangalore,26-35,Google
C07464,2025-03-27,Kolkata,46-55,Referral
C07465,2025-03-09,Ahmedabad,18-25,YouTube
C07466,2025-04-04,Bangalore,36-45,Referral
C07467,2025-08-06,Delhi,36-45,Organic
C07468,2025-10-28,Delhi,18-25,Instagram
C07469,2025-03-03,Chennai,18-25,Instagram
C07470,2025-12-15,Hyderabad,26-35,Referral
C07471,2024-08-27,Bangalore,18-25,YouTube
C07472,2025-11-29,Chennai,26-35,Google
C07473,2025-09-06,Mumbai,26-35,Facebook
C07474,2025-05-23,Mumbai,18-25,Organic
C07475,2025-02-25,Mumbai,36-45,Organic
C07476,2025-02-23,Hyderabad,26-35,YouTube
C07477,2025-02-16,Hyderabad,26-35,Google
C07478,2026-02-25,Delhi,26-35,Google
C07479,2024-07-18,Mumbai,26-35,Instagram
C07480,2025-08-10,Kolkata,26-35,Google
C07481,2026-03-25,Hyderabad,46-55,Instagram
C07482,2025-06-13,Ahmedabad,26-35,Organic
C07483,2025-08-13,Hyderabad,36-45,YouTube
C07484,2025-07-18,Chennai,36-45,Google
C07485,2025-05-20,Delhi,26-35,Referral
C07486,2025-08-07,Chennai,18-25,Organic
C07487,2026-01-29,Delhi,18-25,Organic
C07488,2025-09-29,Bangalore,26-35,Facebook
C07489,2025-12-25,Bangalore,36-45,Google
C07490,2025-06-19,Bangalore,36-45,Google
C07491,2025-11-07,Ahmedabad,36-45,YouTube
C07492,2026-01-11,Ahmedabad,18-25,Instagram
C07493,2024-11-13,Chennai,36-45,Organic
C07494,2026-01-01,Bangalore,26-35,Instagram
C07495,2025-09-12,Kolkata,56+,Referral
C07496,2025-04-09,Chennai,36-45,Organic
C07497,2025-11-07,Delhi,26-35,Organic
C07498,2024-10-16,Hyderabad,36-45,Instagram
C07499,2025-09-20,Pune,26-35,YouTube
C07500,2025-07-04,Bangalore,26-35,YouTube
C07501,2026-01-19,Hyderabad,26-35,YouTube
C07502,2025-08-01,Chennai,18-25,Facebook
C07503,2025-06-01,Delhi,18-25,YouTube
C07504,2025-05-31,Mumbai,36-45,Organic
C07505,2025-06-20,Hyderabad,26-35,Organic
C07506,2026-01-21,Chennai,36-45,YouTube
C07507,2025-11-14,Ahmedabad,26-35,Facebook
C07508,2024-08-29,Kolkata,36-45,Organic
C07509,2025-06-06,Pune,36-45,Google
C07510,2024-12-31,Hyderabad,36-45,Google
C07511,2024-10-14,Hyderabad,26-35,YouTube
C07512,2026-01-05,Hyderabad,56+,Facebook
C07513,2025-12-30,Bangalore,26-35,Google
C07514,2026-02-21,Pune,36-45,Facebook
C07515,2025-03-09,Pune,26-35,Google
C07516,2025-03-30,Hyderabad,18-25,Referral
C07517,2025-11-10,Kolkata,26-35,Facebook
C07518,2024-11-01,Pune,26-35,Facebook
C07519,2024-08-04,Mumbai,18-25,Referral
C07520,2025-03-26,Bangalore,26-35,Facebook
C07521,2025-08-07,Bangalore,18-25,YouTube
C07522,2025-04-18,Mumbai,56+,YouTube
C07523,2024-11-12,Mumbai,36-45,YouTube
C07524,2025-05-29,Bangalore,18-25,Google
C07525,2026-02-23,Delhi,36-45,Instagram
C07526,2024-12-23,Delhi,26-35,Instagram
C07527,2025-03-13,Chennai,36-45,Instagram
C07528,2025-01-16,Chennai,26-35,Google
C07529,2025-01-04,Mumbai,18-25,Instagram
C07530,2025-08-23,Bangalore,18-25,Google
C07531,2025-02-25,Bangalore,36-45,Organic
C07532,2025-08-02,Bangalore,36-45,Instagram
C07533,2024-07-13,Mumbai,36-45,Google
C07534,2025-08-28,Bangalore,18-25,Google
C07535,2024-09-06,Delhi,36-45,Instagram
C07536,2025-02-27,Ahmedabad,26-35,Organic
C07537,2026-01-09,Hyderabad,36-45,Facebook
C07538,2025-01-31,Kolkata,18-25,Organic
C07539,2025-09-20,Bangalore,36-45,Organic
C07540,2025-02-10,Delhi,56+,Facebook
C07541,2026-01-28,Ahmedabad,18-25,Organic
C07542,2026-02-28,Mumbai,36-45,Instagram
C07543,2026-02-01,Pune,26-35,Google
C07544,2025-03-10,Ahmedabad,18-25,Organic
C07545,2025-01-19,Hyderabad,26-35,Organic
C07546,2025-07-23,Delhi,36-45,YouTube
C07547,2025-12-04,Hyderabad,26-35,Instagram
C07548,2025-05-31,Bangalore,18-25,Facebook
C07549,2025-10-15,Bangalore,46-55,Referral
C07550,2026-01-11,Bangalore,26-35,Facebook
C07551,2025-10-24,Kolkata,36-45,Referral
C07552,2025-02-21,Pune,26-35,Google
C07553,2024-12-07,Delhi,26-35,Google
C07554,2025-04-04,Delhi,36-45,Google
C07555,2025-07-03,Pune,18-25,Google
C07556,2025-12-21,Ahmedabad,26-35,Facebook
C07557,2025-01-09,Delhi,26-35,Google
C07558,2024-10-11,Delhi,46-55,Google
C07559,2025-01-18,Kolkata,26-35,Google
C07560,2025-07-15,Kolkata,56+,Organic
C07561,2024-11-26,Ahmedabad,36-45,Google
C07562,2025-03-13,Delhi,26-35,Instagram
C07563,2024-12-12,Bangalore,26-35,YouTube
C07564,2026-03-22,Mumbai,18-25,Google
C07565,2025-05-24,Delhi,26-35,Facebook
C07566,2025-10-04,Kolkata,18-25,Instagram
C07567,2025-05-29,Bangalore,26-35,Organic
C07568,2024-07-07,Pune,18-25,Organic
C07569,2024-12-16,Kolkata,56+,Instagram
C07570,2025-12-19,Ahmedabad,26-35,Organic
C07571,2025-05-23,Pune,26-35,Google
C07572,2025-09-23,Ahmedabad,26-35,Google
C07573,2025-10-30,Bangalore,18-25,YouTube
C07574,2025-06-24,Mumbai,26-35,Facebook
C07575,2025-07-05,Bangalore,36-45,Instagram
C07576,2024-11-28,Ahmedabad,26-35,Organic
C07577,2024-12-07,Kolkata,26-35,Instagram
C07578,2024-10-04,Bangalore,36-45,Instagram
C07579,2025-01-07,Bangalore,18-25,Instagram
C07580,2025-08-06,Mumbai,36-45,Organic
C07581,2026-02-14,Delhi,18-25,Organic
C07582,2025-04-08,Kolkata,46-55,Referral
C07583,2025-07-20,Bangalore,46-55,Facebook
C07584,2026-01-02,Chennai,36-45,Organic
C07585,2025-09-06,Hyderabad,18-25,Instagram
C07586,2024-12-15,Mumbai,26-35,Google
C07587,2024-12-27,Bangalore,36-45,Organic
C07588,2025-08-12,Ahmedabad,26-35,Google
C07589,2024-12-31,Pune,26-35,Instagram
C07590,2024-12-07,Mumbai,26-35,Instagram
C07591,2025-07-14,Mumbai,18-25,Google
C07592,2025-08-11,Kolkata,26-35,Referral
C07593,2024-12-09,Kolkata,18-25,Organic
C07594,2024-07-31,Chennai,36-45,Organic
C07595,2025-11-03,Pune,26-35,Facebook
C07596,2025-03-08,Kolkata,18-25,YouTube
C07597,2025-08-09,Delhi,18-25,Google
C07598,2024-10-19,Pune,46-55,Referral
C07599,2025-01-17,Mumbai,26-35,Google
C07600,2025-07-23,Hyderabad,36-45,Facebook
C07601,2024-09-18,Ahmedabad,36-45,Referral
C07602,2025-01-19,Ahmedabad,26-35,Google
C07603,2025-10-03,Hyderabad,26-35,Organic
C07604,2025-11-06,Hyderabad,26-35,Referral
C07605,2025-02-11,Kolkata,18-25,Facebook
C07606,2024-09-12,Ahmedabad,26-35,Instagram
C07607,2024-07-17,Chennai,18-25,Google
C07608,2025-06-21,Bangalore,46-55,Facebook
C07609,2025-09-17,Delhi,26-35,Referral
C07610,2025-07-15,Kolkata,18-25,Google
C07611,2025-03-16,Chennai,26-35,Organic
C07612,2024-07-15,Chennai,18-25,Organic
C07613,2024-11-22,Pune,26-35,Instagram
C07614,2024-07-23,Mumbai,46-55,Google
C07615,2025-04-22,Mumbai,36-45,Google
C07616,2025-01-13,Chennai,36-45,Google
C07617,2024-08-15,Delhi,26-35,Google
C07618,2025-07-25,Pune,26-35,Google
C07619,2025-02-22,Chennai,18-25,Organic
C07620,2026-03-08,Kolkata,26-35,Organic
C07621,2025-03-24,Delhi,26-35,Referral
C07622,2024-08-28,Chennai,18-25,Google
C07623,2025-09-24,Bangalore,18-25,Referral
C07624,2025-09-23,Bangalore,18-25,Google
C07625,2026-02-14,Mumbai,18-25,Facebook
C07626,2025-09-16,Bangalore,18-25,Instagram
C07627,2025-02-17,Ahmedabad,26-35,YouTube
C07628,2025-09-01,Kolkata,26-35,Organic
C07629,2025-11-23,Bangalore,26-35,YouTube
C07630,2025-05-26,Kolkata,18-25,YouTube
C07631,2025-11-20,Hyderabad,26-35,YouTube
C07632,2026-03-10,Pune,36-45,Organic
C07633,2025-10-26,Kolkata,26-35,Google
C07634,2025-05-17,Hyderabad,26-35,Organic
C07635,2025-05-11,Bangalore,26-35,Instagram
C07636,2025-12-18,Bangalore,18-25,Google
C07637,2026-01-09,Hyderabad,26-35,YouTube
C07638,2024-12-15,Ahmedabad,26-35,Organic
C07639,2024-07-07,Hyderabad,26-35,Google
C07640,2025-11-28,Mumbai,36-45,Facebook
C07641,2024-11-28,Bangalore,46-55,Instagram
C07642,2026-03-29,Ahmedabad,26-35,YouTube
C07643,2024-07-24,Delhi,26-35,Organic
C07644,2026-02-02,Pune,56+,Instagram
C07645,2025-09-07,Pune,26-35,Instagram
C07646,2025-01-11,Delhi,56+,Facebook
C07647,2024-07-23,Bangalore,36-45,Instagram
C07648,2025-12-23,Mumbai,18-25,Facebook
C07649,2024-09-15,Delhi,18-25,Referral
C07650,2024-08-30,Pune,18-25,Google
C07651,2025-11-17,Chennai,36-45,Organic
C07652,2025-09-07,Delhi,26-35,Referral
C07653,2024-09-20,Hyderabad,36-45,Google
C07654,2025-02-04,Bangalore,26-35,Organic
C07655,2025-08-30,Delhi,36-45,Google
C07656,2025-08-25,Chennai,36-45,Instagram
C07657,2025-02-17,Chennai,18-25,YouTube
C07658,2025-03-21,Chennai,26-35,Referral
C07659,2024-08-20,Bangalore,26-35,Organic
C07660,2024-07-06,Hyderabad,36-45,Organic
C07661,2026-03-11,Mumbai,36-45,Organic
C07662,2024-11-25,Ahmedabad,26-35,Google
C07663,2026-02-13,Pune,36-45,Facebook
C07664,2024-07-28,Ahmedabad,26-35,Referral
C07665,2026-03-25,Bangalore,18-25,Facebook
C07666,2025-03-31,Mumbai,46-55,YouTube
C07667,2025-11-28,Chennai,26-35,Organic
C07668,2025-12-19,Mumbai,36-45,Referral
C07669,2025-02-10,Pune,26-35,Instagram
C07670,2025-10-15,Hyderabad,26-35,Google
C07671,2025-01-30,Ahmedabad,26-35,Organic
C07672,2025-11-17,Bangalore,26-35,Google
C07673,2026-03-05,Ahmedabad,18-25,Instagram
C07674,2025-11-28,Mumbai,36-45,Referral
C07675,2025-10-09,Mumbai,26-35,Instagram
C07676,2025-02-23,Hyderabad,26-35,Google
C07677,2024-09-08,Delhi,26-35,Referral
C07678,2025-05-20,Ahmedabad,26-35,Instagram
C07679,2024-09-21,Ahmedabad,26-35,Instagram
C07680,2025-05-21,Ahmedabad,36-45,Google
C07681,2026-01-07,Ahmedabad,36-45,Organic
C07682,2024-09-11,Pune,26-35,Facebook
C07683,2026-01-27,Mumbai,26-35,Google
C07684,2025-07-18,Kolkata,18-25,Organic
C07685,2024-07-31,Bangalore,26-35,Google
C07686,2025-10-04,Kolkata,46-55,Organic
C07687,2024-07-01,Hyderabad,26-35,Instagram
C07688,2025-07-26,Pune,46-55,YouTube
C07689,2025-05-21,Mumbai,18-25,Organic
C07690,2025-10-20,Mumbai,36-45,Organic
C07691,2025-02-26,Bangalore,36-45,Instagram
C07692,2024-09-14,Mumbai,36-45,YouTube
C07693,2025-03-05,Mumbai,36-45,Instagram
C07694,2025-10-30,Delhi,18-25,Referral
C07695,2026-03-02,Delhi,36-45,Organic
C07696,2024-11-11,Hyderabad,26-35,Organic
C07697,2025-02-10,Delhi,26-35,YouTube
C07698,2026-01-12,Kolkata,18-25,Organic
C07699,2025-01-17,Bangalore,18-25,Organic
C07700,2024-12-04,Hyderabad,46-55,Google
C07701,2025-12-14,Bangalore,26-35,Google
C07702,2025-05-11,Hyderabad,26-35,Referral
C07703,2025-07-08,Hyderabad,18-25,Organic
C07704,2025-05-08,Pune,26-35,Organic
C07705,2025-07-21,Mumbai,36-45,Referral
C07706,2024-12-19,Hyderabad,46-55,Organic
C07707,2025-10-11,Delhi,26-35,Instagram
C07708,2025-02-17,Mumbai,18-25,Google
C07709,2025-05-31,Mumbai,18-25,Facebook
C07710,2024-10-27,Pune,18-25,Google
C07711,2024-07-08,Mumbai,26-35,Instagram
C07712,2025-06-30,Chennai,56+,Organic
C07713,2024-09-27,Mumbai,18-25,Google
C07714,2026-02-04,Delhi,26-35,Referral
C07715,2026-03-05,Delhi,36-45,Organic
C07716,2025-01-19,Bangalore,26-35,Referral
C07717,2025-01-01,Hyderabad,36-45,Facebook
C07718,2025-05-21,Kolkata,26-35,YouTube
C07719,2024-11-08,Chennai,18-25,Referral
C07720,2026-01-02,Mumbai,26-35,Facebook
C07721,2024-09-04,Delhi,26-35,Google
C07722,2025-04-16,Kolkata,36-45,Google
C07723,2024-10-29,Bangalore,18-25,Organic
C07724,2025-12-14,Mumbai,26-35,Organic
C07725,2024-10-01,Kolkata,56+,Google
C07726,2025-04-12,Mumbai,26-35,Google
C07727,2025-12-15,Bangalore,18-25,Google
C07728,2025-04-08,Delhi,46-55,Google
C07729,2024-10-26,Hyderabad,18-25,Google
C07730,2024-10-09,Bangalore,36-45,Facebook
C07731,2025-07-22,Pune,18-25,YouTube
C07732,2024-09-18,Mumbai,46-55,Referral
C07733,2025-02-13,Delhi,18-25,Referral
C07734,2025-07-26,Delhi,26-35,Instagram
C07735,2025-02-28,Kolkata,56+,Referral
C07736,2025-12-11,Mumbai,26-35,Organic
C07737,2025-09-13,Chennai,18-25,Organic
C07738,2024-09-25,Mumbai,18-25,Google
C07739,2025-12-05,Bangalore,18-25,Facebook
C07740,2026-02-02,Mumbai,18-25,YouTube
C07741,2024-11-07,Hyderabad,26-35,Instagram
C07742,2025-02-15,Mumbai,26-35,Facebook
C07743,2025-03-10,Chennai,46-55,Google
C07744,2025-03-29,Ahmedabad,36-45,Facebook
C07745,2025-04-23,Chennai,46-55,Organic
C07746,2026-01-23,Hyderabad,26-35,Referral
C07747,2025-08-21,Hyderabad,26-35,Referral
C07748,2026-01-24,Pune,26-35,Referral
C07749,2025-02-09,Delhi,26-35,YouTube
C07750,2025-06-01,Chennai,18-25,YouTube
C07751,2024-09-06,Kolkata,36-45,Referral
C07752,2024-12-24,Delhi,36-45,YouTube
C07753,2025-07-09,Kolkata,26-35,Referral
C07754,2024-10-18,Kolkata,26-35,Referral
C07755,2026-03-06,Mumbai,18-25,Google
C07756,2024-12-21,Kolkata,26-35,YouTube
C07757,2024-10-12,Bangalore,26-35,Organic
C07758,2025-11-11,Bangalore,46-55,Referral
C07759,2024-08-27,Mumbai,26-35,Organic
C07760,2025-01-24,Hyderabad,26-35,YouTube
C07761,2024-11-05,Mumbai,36-45,Google
C07762,2025-09-17,Ahmedabad,46-55,Google
C07763,2025-12-21,Delhi,36-45,Google
C07764,2024-11-02,Delhi,26-35,Instagram
C07765,2025-03-23,Pune,26-35,Google
C07766,2025-05-02,Bangalore,36-45,Organic
C07767,2025-09-15,Chennai,36-45,Google
C07768,2025-02-10,Mumbai,56+,YouTube
C07769,2025-05-31,Ahmedabad,26-35,Facebook
C07770,2025-05-18,Pune,36-45,Google
C07771,2024-07-08,Bangalore,26-35,Google
C07772,2025-06-30,Bangalore,18-25,Instagram
C07773,2025-06-28,Bangalore,18-25,Organic
C07774,2026-03-26,Ahmedabad,18-25,Referral
C07775,2025-05-22,Pune,26-35,Organic
C07776,2026-01-27,Mumbai,26-35,Organic
C07777,2025-02-09,Delhi,36-45,Organic
C07778,2025-09-18,Kolkata,26-35,Referral
C07779,2026-01-28,Delhi,18-25,YouTube
C07780,2024-10-07,Pune,36-45,Facebook
C07781,2025-06-28,Chennai,18-25,Organic
C07782,2026-02-08,Delhi,18-25,Instagram
C07783,2025-06-21,Hyderabad,56+,Organic
C07784,2026-01-22,Delhi,18-25,Facebook
C07785,2025-03-26,Mumbai,26-35,Referral
C07786,2026-01-18,Ahmedabad,26-35,Organic
C07787,2025-08-06,Pune,26-35,Google
C07788,2025-05-03,Kolkata,26-35,Referral
C07789,2024-11-15,Hyderabad,36-45,YouTube
C07790,2024-10-18,Delhi,26-35,YouTube
C07791,2025-01-01,Pune,26-35,Instagram
C07792,2025-10-26,Hyderabad,46-55,Instagram
C07793,2025-04-26,Bangalore,18-25,Google
C07794,2025-03-06,Mumbai,26-35,Google
C07795,2025-04-25,Pune,18-25,Organic
C07796,2025-02-06,Chennai,18-25,Instagram
C07797,2025-11-28,Delhi,56+,Organic
C07798,2025-03-07,Kolkata,36-45,Referral
C07799,2025-04-28,Mumbai,18-25,Organic
C07800,2025-06-23,Delhi,26-35,Referral
C07801,2025-08-18,Delhi,18-25,YouTube
C07802,2025-01-30,Chennai,36-45,Referral
C07803,2024-08-16,Mumbai,26-35,Google
C07804,2025-09-14,Hyderabad,46-55,Organic
C07805,2025-06-23,Delhi,18-25,Referral
C07806,2025-08-18,Pune,26-35,Google
C07807,2025-06-13,Chennai,46-55,Facebook
C07808,2025-05-22,Delhi,46-55,Organic
C07809,2026-02-27,Ahmedabad,26-35,Google
C07810,2024-08-04,Bangalore,26-35,Organic
C07811,2024-08-28,Bangalore,46-55,Google
C07812,2026-02-19,Hyderabad,36-45,Referral
C07813,2026-01-18,Pune,26-35,Google
C07814,2025-03-21,Delhi,36-45,Instagram
C07815,2025-06-11,Hyderabad,46-55,Google
C07816,2025-04-14,Delhi,26-35,Referral
C07817,2026-03-30,Hyderabad,18-25,Google
C07818,2025-04-18,Pune,26-35,Instagram
C07819,2025-10-29,Ahmedabad,36-45,Google
C07820,2025-02-19,Mumbai,26-35,Google
C07821,2025-03-01,Pune,26-35,Organic
C07822,2025-09-05,Hyderabad,36-45,Google
C07823,2025-03-13,Delhi,26-35,Referral
C07824,2024-07-09,Delhi,56+,Referral
C07825,2024-10-19,Ahmedabad,26-35,Google
C07826,2026-01-10,Delhi,36-45,Organic
C07827,2025-02-20,Chennai,26-35,Organic
C07828,2024-09-04,Bangalore,18-25,Organic
C07829,2026-02-21,Chennai,26-35,Referral
C07830,2026-03-31,Delhi,18-25,Google
C07831,2025-05-16,Ahmedabad,36-45,Organic
C07832,2025-08-06,Pune,36-45,Facebook
C07833,2025-10-26,Bangalore,18-25,Referral
C07834,2024-08-12,Pune,26-35,Organic
C07835,2025-01-06,Hyderabad,56+,Referral
C07836,2025-06-25,Delhi,26-35,Facebook
C07837,2025-06-17,Delhi,46-55,Google
C07838,2025-01-28,Pune,18-25,Referral
C07839,2024-07-02,Chennai,18-25,Referral
C07840,2026-03-01,Delhi,26-35,Organic
C07841,2025-07-28,Kolkata,18-25,Organic
C07842,2025-10-26,Delhi,46-55,Organic
C07843,2025-04-06,Bangalore,36-45,Organic
C07844,2025-05-20,Hyderabad,36-45,Referral
C07845,2025-04-11,Bangalore,36-45,Instagram
C07846,2025-04-01,Delhi,36-45,YouTube
C07847,2025-09-02,Hyderabad,36-45,Google
C07848,2026-03-29,Delhi,36-45,Instagram
C07849,2025-11-09,Delhi,36-45,Instagram
C07850,2025-08-31,Pune,26-35,Referral
C07851,2024-07-08,Hyderabad,26-35,Referral
C07852,2025-05-25,Kolkata,26-35,Organic
C07853,2026-03-03,Hyderabad,26-35,Organic
C07854,2025-03-12,Hyderabad,26-35,Instagram
C07855,2025-06-17,Delhi,26-35,Google
C07856,2025-01-24,Chennai,26-35,Facebook
C07857,2024-10-31,Delhi,18-25,Organic
C07858,2025-09-24,Delhi,36-45,YouTube
C07859,2025-01-17,Kolkata,36-45,Instagram
C07860,2025-07-11,Chennai,26-35,Facebook
C07861,2025-07-15,Pune,46-55,YouTube
C07862,2025-12-24,Bangalore,46-55,Referral
C07863,2026-02-20,Bangalore,46-55,Organic
C07864,2025-06-19,Hyderabad,18-25,Google
C07865,2024-08-02,Chennai,26-35,Organic
C07866,2025-07-08,Mumbai,26-35,YouTube
C07867,2026-01-17,Bangalore,36-45,Referral
C07868,2025-05-02,Delhi,26-35,Instagram
C07869,2025-06-26,Hyderabad,36-45,Referral
C07870,2025-10-31,Pune,36-45,Organic
C07871,2025-04-07,Bangalore,46-55,Organic
C07872,2025-03-23,Bangalore,26-35,Referral
C07873,2025-05-05,Delhi,46-55,Facebook
C07874,2025-12-27,Bangalore,36-45,Instagram
C07875,2025-05-08,Hyderabad,26-35,Instagram
C07876,2025-01-25,Bangalore,36-45,Google
C07877,2025-07-17,Pune,18-25,YouTube
C07878,2025-09-16,Chennai,18-25,Organic
C07879,2026-02-04,Ahmedabad,56+,Organic
C07880,2026-01-22,Ahmedabad,26-35,YouTube
C07881,2025-11-13,Delhi,26-35,Referral
C07882,2025-11-04,Bangalore,56+,Google
C07883,2025-04-14,Delhi,26-35,Organic
C07884,2025-02-04,Pune,18-25,Google
C07885,2025-06-25,Bangalore,18-25,Referral
C07886,2025-09-25,Mumbai,26-35,Instagram
C07887,2025-05-28,Delhi,18-25,Google
C07888,2024-11-10,Delhi,18-25,Referral
C07889,2024-07-10,Pune,36-45,Instagram
C07890,2024-08-07,Pune,26-35,Facebook
C07891,2025-03-30,Hyderabad,26-35,Instagram
C07892,2025-11-18,Ahmedabad,18-25,Facebook
C07893,2025-11-17,Bangalore,26-35,Instagram
C07894,2025-11-29,Bangalore,26-35,YouTube
C07895,2025-09-27,Mumbai,26-35,Referral
C07896,2024-07-15,Pune,26-35,Google
C07897,2026-01-16,Hyderabad,26-35,Google
C07898,2026-02-26,Bangalore,18-25,Google
C07899,2025-12-25,Ahmedabad,18-25,YouTube
C07900,2025-04-11,Delhi,26-35,Instagram
C07901,2024-11-15,Mumbai,18-25,Google
C07902,2026-01-30,Pune,18-25,Organic
C07903,2024-10-27,Ahmedabad,18-25,Organic
C07904,2025-11-16,Pune,36-45,Referral
C07905,2026-03-09,Ahmedabad,26-35,Instagram
C07906,2026-01-27,Delhi,26-35,Referral
C07907,2025-05-29,Pune,26-35,Google
C07908,2025-12-15,Kolkata,26-35,Organic
C07909,2025-12-13,Hyderabad,26-35,Google
C07910,2026-03-15,Mumbai,26-35,Facebook
C07911,2025-02-16,Ahmedabad,26-35,Organic
C07912,2025-08-06,Bangalore,26-35,Organic
C07913,2025-12-05,Mumbai,18-25,YouTube
C07914,2024-11-23,Kolkata,46-55,Facebook
C07915,2024-11-22,Kolkata,36-45,Organic
C07916,2025-03-06,Ahmedabad,18-25,Organic
C07917,2025-02-16,Kolkata,46-55,YouTube
C07918,2025-10-24,Bangalore,18-25,Google
C07919,2026-02-19,Ahmedabad,18-25,Organic
C07920,2024-10-09,Mumbai,18-25,Organic
C07921,2025-01-24,Pune,46-55,Referral
C07922,2026-02-15,Mumbai,18-25,YouTube
C07923,2025-07-15,Chennai,36-45,Organic
C07924,2024-11-09,Hyderabad,36-45,Organic
C07925,2025-07-21,Kolkata,26-35,Facebook
C07926,2026-01-11,Delhi,26-35,Organic
C07927,2025-02-24,Delhi,18-25,Google
C07928,2025-05-06,Mumbai,36-45,Google
C07929,2025-07-28,Bangalore,26-35,Referral
C07930,2025-12-20,Pune,26-35,Google
C07931,2025-06-26,Delhi,18-25,Organic
C07932,2026-03-05,Hyderabad,36-45,YouTube
C07933,2025-10-26,Bangalore,36-45,Google
C07934,2025-03-27,Bangalore,26-35,Facebook
C07935,2025-05-08,Pune,26-35,Organic
C07936,2025-09-19,Delhi,26-35,Facebook
C07937,2024-08-15,Delhi,26-35,Google
C07938,2024-11-22,Delhi,18-25,Referral
C07939,2024-11-30,Delhi,36-45,Organic
C07940,2025-11-24,Pune,18-25,Organic
C07941,2025-12-08,Bangalore,18-25,Facebook
C07942,2025-12-06,Mumbai,18-25,Facebook
C07943,2024-09-06,Pune,18-25,Google
C07944,2025-01-05,Hyderabad,26-35,Referral
C07945,2025-01-16,Hyderabad,36-45,Organic
C07946,2024-07-16,Delhi,26-35,Instagram
C07947,2024-12-12,Ahmedabad,26-35,Facebook
C07948,2025-04-02,Mumbai,26-35,Organic
C07949,2026-01-17,Delhi,26-35,YouTube
C07950,2024-10-17,Kolkata,46-55,Facebook
C07951,2026-01-01,Pune,36-45,Instagram
C07952,2025-12-06,Pune,36-45,Referral
C07953,2024-10-10,Kolkata,46-55,Organic
C07954,2024-12-14,Bangalore,46-55,YouTube
C07955,2025-04-19,Kolkata,26-35,Organic
C07956,2026-02-24,Pune,26-35,Instagram
C07957,2025-11-14,Mumbai,36-45,Organic
C07958,2026-03-13,Delhi,18-25,Google
C07959,2025-01-16,Bangalore,26-35,Google
C07960,2026-02-01,Ahmedabad,46-55,Facebook
C07961,2026-03-03,Bangalore,26-35,Instagram
C07962,2025-07-19,Delhi,18-25,Instagram
C07963,2024-10-07,Pune,26-35,Google
C07964,2024-12-18,Pune,18-25,YouTube
C07965,2024-09-21,Bangalore,26-35,Instagram
C07966,2025-11-28,Chennai,26-35,Instagram
C07967,2025-01-17,Hyderabad,26-35,Referral
C07968,2025-09-22,Kolkata,26-35,Organic
C07969,2024-12-18,Bangalore,18-25,Instagram
C07970,2026-03-17,Bangalore,26-35,YouTube
C07971,2025-11-07,Pune,18-25,YouTube
C07972,2025-02-27,Bangalore,26-35,Referral
C07973,2025-05-01,Hyderabad,36-45,Instagram
C07974,2024-08-07,Bangalore,18-25,Referral
C07975,2024-09-26,Chennai,46-55,Google
C07976,2026-03-30,Kolkata,26-35,Referral
C07977,2025-12-04,Kolkata,18-25,Organic
C07978,2025-12-18,Ahmedabad,26-35,Instagram
C07979,2025-08-16,Kolkata,18-25,Instagram
C07980,2024-11-19,Mumbai,18-25,Instagram
C07981,2024-09-06,Mumbai,46-55,Instagram
C07982,2025-10-07,Kolkata,36-45,Google
C07983,2025-01-28,Ahmedabad,36-45,Google
C07984,2024-07-01,Ahmedabad,26-35,Organic
C07985,2024-07-15,Chennai,46-55,Instagram
C07986,2025-06-22,Delhi,46-55,Google
C07987,2025-12-19,Ahmedabad,18-25,Facebook
C07988,2025-02-17,Ahmedabad,18-25,Organic
C07989,2026-03-31,Pune,26-35,YouTube
C07990,2025-03-01,Kolkata,26-35,Referral
C07991,2025-10-12,Hyderabad,26-35,Instagram
C07992,2024-12-04,Ahmedabad,18-25,Google
C07993,2025-07-24,Bangalore,36-45,Organic
C07994,2024-12-23,Kolkata,18-25,YouTube
C07995,2025-11-10,Bangalore,36-45,Referral
C07996,2025-04-17,Delhi,26-35,Referral
C07997,2024-07-27,Bangalore,18-25,Referral
C07998,2024-12-06,Mumbai,46-55,Instagram
C07999,2025-02-11,Delhi,26-35,Instagram
C08000,2025-04-25,Ahmedabad,36-45,Facebook
C08001,2024-12-20,Hyderabad,46-55,Instagram
C08002,2025-07-04,Kolkata,18-25,Google
C08003,2026-03-08,Delhi,18-25,Organic
C08004,2025-09-28,Bangalore,18-25,Referral
C08005,2025-01-15,Chennai,18-25,Facebook
C08006,2025-09-06,Pune,46-55,Instagram
C08007,2026-03-10,Hyderabad,36-45,YouTube
C08008,2024-12-02,Chennai,26-35,Instagram
C08009,2024-11-26,Kolkata,36-45,Google
C08010,2024-07-26,Hyderabad,46-55,Referral
C08011,2025-12-21,Ahmedabad,18-25,YouTube
C08012,2025-12-15,Pune,18-25,Referral
C08013,2025-03-22,Pune,36-45,Google
C08014,2026-01-09,Mumbai,36-45,Google
C08015,2025-08-21,Bangalore,18-25,Instagram
C08016,2026-03-18,Delhi,26-35,YouTube
C08017,2026-02-10,Chennai,18-25,Facebook
C08018,2026-03-06,Pune,26-35,Organic
C08019,2025-03-08,Delhi,36-45,Referral
C08020,2025-08-10,Pune,18-25,Organic
C08021,2024-10-15,Delhi,36-45,Referral
C08022,2026-01-23,Delhi,26-35,Instagram
C08023,2025-01-20,Ahmedabad,36-45,Google
C08024,2025-04-13,Mumbai,26-35,Organic
C08025,2025-07-15,Delhi,26-35,YouTube
C08026,2025-11-16,Hyderabad,26-35,Google
C08027,2025-10-11,Mumbai,18-25,YouTube
C08028,2026-03-03,Chennai,36-45,Organic
C08029,2025-09-29,Ahmedabad,36-45,Facebook
C08030,2025-11-21,Hyderabad,26-35,Facebook
C08031,2025-07-01,Hyderabad,56+,Instagram
C08032,2025-03-23,Mumbai,36-45,Referral
C08033,2026-02-04,Hyderabad,18-25,Organic
C08034,2025-02-27,Delhi,18-25,YouTube
C08035,2025-08-01,Bangalore,26-35,Instagram
C08036,2025-01-03,Kolkata,18-25,Organic
C08037,2025-05-05,Mumbai,56+,Facebook
C08038,2025-02-20,Hyderabad,26-35,Google
C08039,2024-12-13,Bangalore,18-25,Google
C08040,2025-12-07,Kolkata,26-35,Google
C08041,2025-11-03,Bangalore,18-25,Google
C08042,2025-09-22,Mumbai,26-35,Referral
C08043,2024-08-23,Kolkata,18-25,Instagram
C08044,2024-12-07,Mumbai,36-45,Organic
C08045,2024-11-17,Ahmedabad,36-45,Instagram
C08046,2025-09-28,Delhi,46-55,YouTube
C08047,2026-01-22,Pune,18-25,Instagram
C08048,2025-02-28,Ahmedabad,26-35,Organic
C08049,2025-01-28,Hyderabad,36-45,Google
C08050,2025-06-22,Pune,26-35,Organic
C08051,2026-03-24,Mumbai,26-35,Instagram
C08052,2025-02-22,Chennai,56+,Referral
C08053,2024-12-25,Kolkata,36-45,Google
C08054,2025-05-30,Pune,46-55,Instagram
C08055,2026-02-06,Ahmedabad,26-35,Organic
C08056,2025-10-10,Hyderabad,26-35,Instagram
C08057,2025-05-28,Hyderabad,26-35,Facebook
C08058,2025-10-11,Delhi,26-35,Referral
C08059,2024-07-10,Pune,18-25,Instagram
C08060,2025-10-25,Kolkata,46-55,Facebook
C08061,2024-09-01,Pune,26-35,Instagram
C08062,2025-03-07,Delhi,26-35,YouTube
C08063,2025-02-09,Hyderabad,46-55,Google
C08064,2025-09-15,Chennai,36-45,Referral
C08065,2024-12-01,Ahmedabad,18-25,YouTube
C08066,2024-11-30,Bangalore,26-35,Instagram
C08067,2026-01-17,Bangalore,26-35,Organic
C08068,2025-05-02,Mumbai,18-25,Instagram
C08069,2025-10-17,Bangalore,18-25,Organic
C08070,2025-07-08,Ahmedabad,26-35,Instagram
C08071,2025-08-01,Mumbai,36-45,Instagram
C08072,2025-09-12,Hyderabad,46-55,Instagram
C08073,2025-08-31,Delhi,26-35,Organic
C08074,2026-02-03,Mumbai,26-35,Facebook
C08075,2025-11-14,Ahmedabad,18-25,Facebook
C08076,2025-01-11,Hyderabad,56+,Organic
C08077,2024-10-17,Bangalore,46-55,YouTube
C08078,2025-12-23,Delhi,56+,YouTube
C08079,2025-02-24,Ahmedabad,26-35,Referral
C08080,2025-01-15,Ahmedabad,18-25,Google
C08081,2024-09-09,Delhi,26-35,Organic
C08082,2025-06-18,Pune,26-35,Instagram
C08083,2025-05-24,Bangalore,26-35,YouTube
C08084,2025-12-12,Hyderabad,18-25,Referral
C08085,2025-10-22,Bangalore,18-25,Google
C08086,2025-10-06,Chennai,26-35,YouTube
C08087,2025-06-10,Ahmedabad,46-55,Instagram
C08088,2026-01-03,Bangalore,36-45,Facebook
C08089,2026-03-21,Mumbai,36-45,Facebook
C08090,2025-12-03,Bangalore,18-25,Organic
C08091,2025-02-08,Delhi,36-45,Organic
C08092,2024-12-24,Bangalore,26-35,Instagram
C08093,2024-07-01,Delhi,18-25,Referral
C08094,2026-03-27,Ahmedabad,26-35,YouTube
C08095,2025-10-12,Bangalore,18-25,Instagram
C08096,2026-02-19,Kolkata,46-55,Google
C08097,2025-11-16,Bangalore,46-55,Google
C08098,2025-04-01,Hyderabad,26-35,Organic
C08099,2024-10-01,Mumbai,26-35,Organic
C08100,2024-07-31,Ahmedabad,26-35,Instagram
C08101,2025-11-19,Delhi,18-25,Google
C08102,2025-01-10,Bangalore,36-45,YouTube
C08103,2025-02-28,Chennai,36-45,Google
C08104,2025-12-17,Chennai,36-45,Google
C08105,2025-05-04,Pune,18-25,Instagram
C08106,2026-02-28,Bangalore,26-35,Organic
C08107,2025-06-15,Delhi,18-25,Instagram
C08108,2025-12-14,Kolkata,18-25,Google
C08109,2024-09-19,Hyderabad,18-25,Referral
C08110,2025-03-11,Hyderabad,18-25,Instagram
C08111,2024-10-26,Delhi,26-35,Facebook
C08112,2024-08-06,Delhi,26-35,YouTube
C08113,2026-03-26,Ahmedabad,36-45,Organic
C08114,2025-05-27,Chennai,26-35,Referral
C08115,2025-02-12,Bangalore,18-25,Instagram
C08116,2025-02-26,Ahmedabad,46-55,Referral
C08117,2024-12-01,Hyderabad,46-55,Google
C08118,2024-09-17,Delhi,18-25,Organic
C08119,2026-02-04,Mumbai,26-35,Instagram
C08120,2024-09-06,Chennai,18-25,Organic
C08121,2025-03-03,Mumbai,56+,Google
C08122,2024-10-06,Hyderabad,26-35,Referral
C08123,2026-02-15,Pune,18-25,Instagram
C08124,2024-11-09,Delhi,36-45,Google
C08125,2025-03-09,Ahmedabad,36-45,Referral
C08126,2025-10-25,Mumbai,18-25,Referral
C08127,2025-06-30,Mumbai,26-35,Facebook
C08128,2025-03-01,Pune,26-35,Google
C08129,2025-06-26,Hyderabad,18-25,Instagram
C08130,2025-04-06,Mumbai,26-35,Referral
C08131,2025-01-01,Pune,36-45,Google
C08132,2025-07-18,Kolkata,36-45,YouTube
C08133,2025-02-19,Chennai,36-45,Google
C08134,2026-03-06,Kolkata,36-45,YouTube
C08135,2025-04-22,Delhi,26-35,Organic
C08136,2025-10-27,Mumbai,26-35,Google
C08137,2024-11-27,Hyderabad,36-45,Google
C08138,2025-08-17,Bangalore,18-25,Referral
C08139,2025-06-23,Chennai,18-25,Referral
C08140,2025-10-19,Delhi,18-25,Google
C08141,2025-04-22,Delhi,36-45,Organic
C08142,2025-10-03,Delhi,26-35,Organic
C08143,2024-08-07,Delhi,26-35,Referral
C08144,2025-09-15,Delhi,26-35,Organic
C08145,2025-10-25,Hyderabad,36-45,YouTube
C08146,2025-05-14,Hyderabad,18-25,Referral
C08147,2024-07-22,Delhi,26-35,Referral
C08148,2025-06-28,Delhi,36-45,Google
C08149,2025-11-12,Kolkata,36-45,Instagram
C08150,2025-04-21,Bangalore,26-35,Google
C08151,2024-08-30,Hyderabad,18-25,Google
C08152,2025-03-10,Hyderabad,46-55,Organic
C08153,2026-03-28,Hyderabad,26-35,Google
C08154,2024-12-21,Kolkata,46-55,Organic
C08155,2025-06-04,Pune,36-45,Instagram
C08156,2025-02-12,Ahmedabad,46-55,Instagram
C08157,2025-09-29,Kolkata,18-25,Google
C08158,2025-03-31,Delhi,26-35,Referral
C08159,2025-03-03,Delhi,18-25,Google
C08160,2025-07-06,Mumbai,18-25,Instagram
C08161,2025-07-01,Mumbai,18-25,Referral
C08162,2025-05-16,Hyderabad,26-35,Referral
C08163,2024-12-13,Delhi,26-35,Referral
C08164,2024-09-07,Delhi,26-35,Google
C08165,2025-09-15,Mumbai,26-35,Google
C08166,2025-02-03,Pune,18-25,Google
C08167,2025-07-27,Pune,26-35,Google
C08168,2025-02-26,Ahmedabad,36-45,Referral
C08169,2025-12-28,Delhi,18-25,Referral
C08170,2025-09-25,Mumbai,36-45,Facebook
C08171,2025-03-16,Ahmedabad,26-35,YouTube
C08172,2025-01-29,Pune,26-35,Instagram
C08173,2025-10-22,Hyderabad,36-45,Google
C08174,2024-07-06,Hyderabad,26-35,YouTube
C08175,2024-08-06,Bangalore,36-45,Google
C08176,2024-08-23,Kolkata,46-55,Referral
C08177,2025-02-07,Pune,18-25,Organic
C08178,2025-05-14,Hyderabad,26-35,Referral
C08179,2025-01-04,Hyderabad,46-55,Instagram
C08180,2024-10-29,Mumbai,36-45,Google
C08181,2025-01-16,Delhi,26-35,Instagram
C08182,2025-05-13,Chennai,18-25,Instagram
C08183,2025-01-07,Hyderabad,26-35,Instagram
C08184,2025-07-02,Bangalore,46-55,Organic
C08185,2025-03-02,Mumbai,36-45,Google
C08186,2026-02-17,Ahmedabad,26-35,Instagram
C08187,2026-03-27,Mumbai,18-25,Instagram
C08188,2025-08-23,Mumbai,36-45,Facebook
C08189,2025-06-20,Pune,26-35,Instagram
C08190,2024-07-20,Chennai,56+,Google
C08191,2025-08-02,Pune,26-35,Organic
C08192,2025-03-01,Kolkata,26-35,Google
C08193,2025-01-02,Bangalore,26-35,Google
C08194,2025-11-20,Ahmedabad,26-35,Instagram
C08195,2024-07-27,Kolkata,26-35,Facebook
C08196,2024-12-14,Hyderabad,18-25,Organic
C08197,2025-11-07,Pune,26-35,Referral
C08198,2026-02-12,Delhi,18-25,YouTube
C08199,2025-05-25,Mumbai,36-45,Organic
C08200,2025-06-04,Delhi,18-25,Google
C08201,2026-03-10,Bangalore,26-35,Referral
C08202,2024-08-29,Ahmedabad,36-45,Referral
C08203,2025-05-04,Delhi,18-25,Google
C08204,2024-12-02,Hyderabad,26-35,Organic
C08205,2025-05-01,Delhi,46-55,Instagram
C08206,2026-01-31,Mumbai,26-35,Instagram
C08207,2025-07-16,Mumbai,26-35,Google
C08208,2026-03-26,Delhi,36-45,Instagram
C08209,2025-05-19,Pune,46-55,Facebook
C08210,2026-01-03,Ahmedabad,36-45,Referral
C08211,2024-10-17,Mumbai,26-35,Instagram
C08212,2025-01-21,Ahmedabad,26-35,Organic
C08213,2024-12-23,Pune,26-35,Organic
C08214,2025-11-04,Hyderabad,26-35,Google
C08215,2025-05-24,Delhi,26-35,Referral
C08216,2024-11-20,Bangalore,36-45,Organic
C08217,2024-10-19,Kolkata,26-35,Google
C08218,2025-03-03,Hyderabad,46-55,Organic
C08219,2024-10-07,Mumbai,56+,Organic
C08220,2025-09-19,Chennai,26-35,YouTube
C08221,2025-12-25,Delhi,18-25,Facebook
C08222,2026-03-12,Chennai,56+,Facebook
C08223,2024-11-28,Delhi,18-25,Instagram
C08224,2025-04-07,Ahmedabad,36-45,YouTube
C08225,2025-05-18,Delhi,18-25,Organic
C08226,2025-05-13,Bangalore,18-25,Google
C08227,2025-04-16,Pune,18-25,Facebook
C08228,2024-11-18,Bangalore,26-35,YouTube
C08229,2024-09-10,Ahmedabad,46-55,Organic
C08230,2025-03-15,Pune,18-25,Instagram
C08231,2024-08-28,Delhi,18-25,Instagram
C08232,2024-08-10,Delhi,36-45,Facebook
C08233,2025-05-31,Ahmedabad,56+,Facebook
C08234,2025-12-31,Hyderabad,26-35,Google
C08235,2025-06-11,Kolkata,36-45,Google
C08236,2024-07-15,Bangalore,18-25,Organic
C08237,2025-12-20,Ahmedabad,36-45,Instagram
C08238,2025-09-10,Hyderabad,36-45,Organic
C08239,2025-01-10,Pune,46-55,Facebook
C08240,2024-12-22,Mumbai,26-35,Google
C08241,2026-01-26,Bangalore,46-55,Organic
C08242,2025-05-01,Ahmedabad,26-35,Referral
C08243,2024-09-29,Ahmedabad,36-45,Google
C08244,2024-12-27,Mumbai,36-45,Referral
C08245,2024-12-16,Ahmedabad,18-25,Referral
C08246,2025-03-13,Bangalore,46-55,Organic
C08247,2025-02-06,Bangalore,36-45,Referral
C08248,2025-06-15,Bangalore,46-55,Facebook
C08249,2025-01-23,Mumbai,26-35,Instagram
C08250,2025-08-14,Bangalore,46-55,Facebook
C08251,2025-05-11,Mumbai,26-35,Referral
C08252,2026-02-21,Bangalore,56+,Google
C08253,2025-12-12,Chennai,18-25,Instagram
C08254,2025-01-29,Kolkata,26-35,Google
C08255,2024-07-27,Pune,18-25,Referral
C08256,2025-07-09,Delhi,36-45,Facebook
C08257,2025-02-02,Chennai,26-35,Organic
C08258,2026-01-28,Delhi,46-55,Instagram
C08259,2025-03-17,Chennai,46-55,Google
C08260,2025-01-02,Hyderabad,26-35,Referral
C08261,2025-02-02,Mumbai,36-45,YouTube
C08262,2026-01-04,Bangalore,36-45,Organic
C08263,2024-09-10,Kolkata,26-35,Google
C08264,2026-03-04,Ahmedabad,26-35,Instagram
C08265,2024-11-27,Pune,18-25,Instagram
C08266,2025-12-24,Ahmedabad,18-25,Referral
C08267,2025-06-13,Ahmedabad,26-35,Instagram
C08268,2025-06-30,Delhi,26-35,Google
C08269,2024-11-08,Chennai,26-35,YouTube
C08270,2025-10-05,Mumbai,56+,Google
C08271,2025-08-19,Hyderabad,18-25,Facebook
C08272,2025-05-04,Bangalore,46-55,Organic
C08273,2025-04-19,Ahmedabad,36-45,Google
C08274,2025-07-17,Chennai,36-45,Instagram
C08275,2025-04-28,Delhi,26-35,Referral
C08276,2026-03-15,Mumbai,18-25,Organic
C08277,2024-07-27,Mumbai,46-55,Referral
C08278,2024-12-08,Chennai,36-45,Facebook
C08279,2025-12-26,Ahmedabad,36-45,Organic
C08280,2025-11-19,Delhi,18-25,Referral
C08281,2025-02-08,Mumbai,26-35,Instagram
C08282,2025-05-20,Hyderabad,26-35,Google
C08283,2024-07-18,Mumbai,26-35,Referral
C08284,2024-10-22,Hyderabad,36-45,Google
C08285,2026-02-24,Bangalore,18-25,YouTube
C08286,2025-08-16,Bangalore,18-25,Referral
C08287,2024-07-25,Mumbai,18-25,Google
C08288,2025-11-19,Ahmedabad,18-25,Organic
C08289,2025-03-15,Mumbai,18-25,Organic
C08290,2025-06-29,Delhi,18-25,Google
C08291,2025-12-30,Chennai,26-35,Referral
C08292,2025-12-18,Ahmedabad,36-45,Organic
C08293,2024-09-26,Mumbai,36-45,Referral
C08294,2025-02-19,Bangalore,26-35,Google
C08295,2024-12-22,Pune,18-25,Organic
C08296,2026-02-04,Mumbai,36-45,Organic
C08297,2025-11-11,Pune,26-35,Instagram
C08298,2025-08-19,Delhi,18-25,Google
C08299,2024-08-07,Bangalore,26-35,Organic
C08300,2025-11-26,Mumbai,56+,Google
C08301,2025-06-24,Pune,26-35,Facebook
C08302,2024-12-22,Mumbai,56+,Instagram
C08303,2025-04-09,Delhi,18-25,Organic
C08304,2025-04-12,Mumbai,18-25,Facebook
C08305,2025-01-06,Chennai,18-25,Google
C08306,2026-02-02,Bangalore,36-45,Organic
C08307,2026-02-07,Pune,26-35,Instagram
C08308,2024-08-02,Pune,26-35,Organic
C08309,2026-02-19,Mumbai,56+,Facebook
C08310,2025-03-16,Ahmedabad,26-35,Facebook
C08311,2025-11-24,Kolkata,18-25,Referral
C08312,2025-11-11,Delhi,36-45,YouTube
C08313,2025-07-18,Bangalore,18-25,YouTube
C08314,2025-10-19,Delhi,26-35,Google
C08315,2025-09-09,Delhi,46-55,YouTube
C08316,2025-12-27,Hyderabad,26-35,Instagram
C08317,2025-03-28,Ahmedabad,26-35,Facebook
C08318,2025-10-16,Kolkata,26-35,YouTube
C08319,2026-03-18,Delhi,18-25,Referral
C08320,2026-02-26,Mumbai,26-35,Google
C08321,2024-10-03,Bangalore,26-35,Facebook
C08322,2025-05-15,Hyderabad,18-25,Instagram
C08323,2025-05-22,Bangalore,18-25,Referral
C08324,2025-08-03,Ahmedabad,26-35,Referral
C08325,2025-08-18,Kolkata,26-35,Google
C08326,2025-12-24,Delhi,26-35,Instagram
C08327,2025-06-06,Pune,56+,Google
C08328,2025-09-22,Hyderabad,18-25,Facebook
C08329,2026-01-26,Chennai,18-25,YouTube
C08330,2024-09-04,Mumbai,46-55,YouTube
C08331,2025-08-15,Delhi,18-25,Referral
C08332,2025-02-20,Pune,46-55,Organic
C08333,2026-01-30,Bangalore,36-45,Referral
C08334,2025-06-19,Hyderabad,26-35,Organic
C08335,2025-07-21,Delhi,18-25,YouTube
C08336,2025-10-26,Pune,26-35,Google
C08337,2024-12-02,Kolkata,36-45,Facebook
C08338,2025-06-13,Bangalore,18-25,Facebook
C08339,2025-11-06,Mumbai,36-45,Referral
C08340,2025-11-09,Chennai,36-45,Facebook
C08341,2024-11-23,Bangalore,36-45,YouTube
C08342,2025-12-18,Hyderabad,18-25,Instagram
C08343,2024-10-13,Pune,36-45,Instagram
C08344,2024-12-17,Mumbai,36-45,Organic
C08345,2025-12-30,Kolkata,18-25,Organic
C08346,2025-07-29,Hyderabad,46-55,Google
C08347,2025-06-12,Pune,18-25,Referral
C08348,2025-06-21,Bangalore,56+,Referral
C08349,2026-03-12,Bangalore,18-25,Referral
C08350,2024-11-23,Bangalore,18-25,Instagram
C08351,2025-01-08,Kolkata,36-45,Google
C08352,2025-05-10,Kolkata,18-25,YouTube
C08353,2025-12-23,Chennai,18-25,Instagram
C08354,2025-06-16,Delhi,18-25,Organic
C08355,2025-10-07,Hyderabad,36-45,Organic
C08356,2025-12-05,Chennai,18-25,Facebook
C08357,2026-01-22,Pune,26-35,Facebook
C08358,2025-04-21,Bangalore,26-35,Facebook
C08359,2025-04-19,Kolkata,26-35,Referral
C08360,2024-08-21,Bangalore,26-35,Instagram
C08361,2024-08-21,Bangalore,26-35,Google
C08362,2025-05-08,Kolkata,56+,Referral
C08363,2025-10-22,Hyderabad,36-45,Instagram
C08364,2025-12-18,Mumbai,46-55,Instagram
C08365,2025-03-19,Hyderabad,36-45,Google
C08366,2025-07-01,Ahmedabad,36-45,Google
C08367,2025-12-02,Bangalore,56+,Organic
C08368,2025-01-20,Chennai,26-35,Facebook
C08369,2024-10-10,Delhi,46-55,Google
C08370,2026-02-09,Bangalore,18-25,Instagram
C08371,2025-06-14,Mumbai,18-25,Referral
C08372,2024-10-08,Hyderabad,26-35,Google
C08373,2024-12-09,Delhi,26-35,Facebook
C08374,2025-01-25,Mumbai,26-35,Referral
C08375,2024-11-06,Pune,26-35,Google
C08376,2025-04-06,Hyderabad,26-35,Organic
C08377,2025-12-02,Chennai,46-55,Referral
C08378,2025-10-15,Kolkata,26-35,Referral
C08379,2026-02-06,Mumbai,26-35,Instagram
C08380,2025-12-17,Mumbai,36-45,Google
C08381,2025-01-15,Hyderabad,36-45,Instagram
C08382,2024-08-07,Hyderabad,36-45,Organic
C08383,2024-10-05,Bangalore,26-35,Google
C08384,2025-11-19,Delhi,18-25,Instagram
C08385,2025-02-03,Bangalore,46-55,Organic
C08386,2025-10-04,Mumbai,18-25,Organic
C08387,2025-04-19,Ahmedabad,36-45,Google
C08388,2026-01-23,Hyderabad,26-35,Facebook
C08389,2025-05-21,Mumbai,26-35,Organic
C08390,2026-01-27,Hyderabad,36-45,Facebook
C08391,2024-12-08,Pune,26-35,Google
C08392,2025-11-09,Mumbai,18-25,Referral
C08393,2025-05-31,Mumbai,36-45,Referral
C08394,2024-10-30,Pune,18-25,Referral
C08395,2024-11-27,Bangalore,18-25,Instagram
C08396,2025-01-17,Hyderabad,26-35,Google
C08397,2024-10-07,Hyderabad,26-35,YouTube
C08398,2026-02-19,Chennai,26-35,YouTube
C08399,2024-11-13,Ahmedabad,26-35,Instagram
C08400,2025-07-18,Chennai,26-35,Instagram
C08401,2025-06-30,Hyderabad,26-35,Instagram
C08402,2025-06-10,Bangalore,46-55,Organic
C08403,2025-08-05,Hyderabad,18-25,Google
C08404,2026-02-06,Kolkata,46-55,Organic
C08405,2026-03-11,Ahmedabad,26-35,Instagram
C08406,2026-01-10,Kolkata,26-35,Organic
C08407,2025-04-20,Delhi,36-45,YouTube
C08408,2025-10-08,Pune,26-35,Instagram
C08409,2024-10-27,Kolkata,26-35,YouTube
C08410,2026-01-15,Pune,46-55,Facebook
C08411,2024-11-02,Pune,46-55,Referral
C08412,2024-09-11,Hyderabad,26-35,Google
C08413,2025-12-12,Pune,36-45,Referral
C08414,2025-10-28,Delhi,26-35,Google
C08415,2024-09-27,Bangalore,36-45,Facebook
C08416,2026-03-10,Kolkata,18-25,Referral
C08417,2024-09-10,Ahmedabad,18-25,YouTube
C08418,2024-08-01,Kolkata,26-35,Organic
C08419,2026-03-03,Delhi,18-25,Google
C08420,2024-11-20,Bangalore,36-45,Referral
C08421,2024-11-28,Delhi,18-25,YouTube
C08422,2025-11-20,Kolkata,18-25,Google
C08423,2025-07-23,Pune,36-45,Google
C08424,2025-05-29,Ahmedabad,26-35,Facebook
C08425,2026-03-24,Mumbai,56+,Google
C08426,2024-08-25,Hyderabad,18-25,YouTube
C08427,2026-02-12,Chennai,18-25,Instagram
C08428,2024-12-19,Delhi,18-25,YouTube
C08429,2025-08-02,Ahmedabad,26-35,Organic
C08430,2025-01-24,Hyderabad,18-25,Instagram
C08431,2025-01-04,Bangalore,36-45,Instagram
C08432,2025-01-22,Bangalore,18-25,Google
C08433,2025-06-23,Kolkata,46-55,Organic
C08434,2026-01-12,Pune,26-35,Google
C08435,2024-09-10,Chennai,36-45,Google
C08436,2025-08-28,Chennai,18-25,Organic
C08437,2026-01-01,Mumbai,18-25,Facebook
C08438,2025-10-13,Chennai,26-35,Instagram
C08439,2026-03-19,Ahmedabad,26-35,Organic
C08440,2024-07-09,Bangalore,26-35,Facebook
C08441,2025-02-17,Chennai,26-35,Referral
C08442,2025-03-31,Delhi,18-25,Facebook
C08443,2025-06-08,Delhi,56+,Organic
C08444,2025-01-20,Mumbai,18-25,Organic
C08445,2024-12-09,Kolkata,18-25,YouTube
C08446,2025-12-27,Bangalore,26-35,Google
C08447,2024-11-26,Mumbai,26-35,Referral
C08448,2026-03-02,Pune,26-35,Organic
C08449,2024-07-24,Bangalore,26-35,Instagram
C08450,2025-03-28,Chennai,26-35,Referral
C08451,2025-07-25,Ahmedabad,36-45,Organic
C08452,2026-03-14,Bangalore,18-25,Instagram
C08453,2025-11-01,Bangalore,18-25,Referral
C08454,2024-07-10,Ahmedabad,36-45,Instagram
C08455,2025-10-22,Delhi,18-25,Instagram
C08456,2025-01-25,Bangalore,26-35,Referral
C08457,2026-01-01,Ahmedabad,26-35,Instagram
C08458,2025-11-08,Kolkata,36-45,Referral
C08459,2024-10-31,Pune,18-25,Instagram
C08460,2025-02-16,Hyderabad,46-55,Facebook
C08461,2025-12-07,Ahmedabad,26-35,YouTube
C08462,2026-02-09,Pune,56+,Google
C08463,2025-07-21,Pune,26-35,Instagram
C08464,2024-11-17,Kolkata,36-45,Google
C08465,2025-03-06,Pune,26-35,Instagram
C08466,2025-11-21,Hyderabad,36-45,Organic
C08467,2025-07-18,Mumbai,26-35,Organic
C08468,2024-11-06,Hyderabad,46-55,Referral
C08469,2024-12-30,Hyderabad,36-45,YouTube
C08470,2024-11-03,Mumbai,26-35,YouTube
C08471,2025-04-26,Mumbai,18-25,Google
C08472,2025-04-11,Chennai,18-25,Organic
C08473,2025-06-12,Mumbai,56+,Referral
C08474,2026-02-24,Bangalore,46-55,Organic
C08475,2025-08-21,Delhi,18-25,Instagram
C08476,2025-07-10,Delhi,18-25,Google
C08477,2025-02-20,Chennai,18-25,Google
C08478,2025-08-10,Mumbai,18-25,Instagram
C08479,2026-03-03,Delhi,26-35,Referral
C08480,2024-07-07,Chennai,36-45,Organic
C08481,2025-02-09,Bangalore,18-25,Google
C08482,2024-08-06,Bangalore,46-55,Facebook
C08483,2024-11-08,Kolkata,56+,Google
C08484,2024-08-12,Hyderabad,26-35,Facebook
C08485,2025-07-14,Chennai,26-35,Google
C08486,2025-12-06,Kolkata,26-35,Google
C08487,2026-02-21,Ahmedabad,18-25,Instagram
C08488,2024-11-29,Bangalore,36-45,Google
C08489,2025-09-20,Chennai,26-35,Instagram
C08490,2025-01-27,Pune,18-25,Organic
C08491,2025-01-18,Delhi,46-55,Google
C08492,2025-07-25,Ahmedabad,26-35,Instagram
C08493,2025-09-07,Mumbai,18-25,Google
C08494,2025-07-09,Kolkata,56+,Organic
C08495,2024-09-02,Hyderabad,18-25,Referral
C08496,2025-03-20,Hyderabad,18-25,Instagram
C08497,2024-12-30,Bangalore,18-25,Instagram
C08498,2024-07-03,Ahmedabad,26-35,Organic
C08499,2024-07-26,Hyderabad,26-35,Organic
C08500,2025-04-14,Bangalore,36-45,Referral
C08501,2024-09-03,Bangalore,26-35,Referral
C08502,2025-10-16,Chennai,26-35,Google
C08503,2024-08-05,Bangalore,18-25,Referral
C08504,2024-11-28,Hyderabad,26-35,Organic
C08505,2026-03-22,Pune,46-55,Organic
C08506,2025-09-26,Delhi,36-45,Google
C08507,2025-06-22,Hyderabad,36-45,Organic
C08508,2024-07-10,Delhi,26-35,Referral
C08509,2024-07-28,Ahmedabad,26-35,Organic
C08510,2026-02-01,Kolkata,46-55,Organic
C08511,2025-11-23,Delhi,46-55,Organic
C08512,2026-02-28,Hyderabad,36-45,Instagram
C08513,2025-11-29,Hyderabad,26-35,Google
C08514,2024-07-02,Ahmedabad,18-25,Google
C08515,2025-11-27,Mumbai,18-25,Referral
C08516,2025-04-19,Hyderabad,18-25,Referral
C08517,2025-09-16,Ahmedabad,26-35,Organic
C08518,2025-03-22,Bangalore,18-25,Referral
C08519,2025-10-04,Hyderabad,26-35,Organic
C08520,2025-12-20,Bangalore,26-35,Organic
C08521,2026-03-15,Pune,26-35,Google
C08522,2025-06-11,Mumbai,26-35,Google
C08523,2024-12-26,Ahmedabad,18-25,Google
C08524,2025-07-26,Mumbai,26-35,Organic
C08525,2025-05-16,Bangalore,56+,Instagram
C08526,2024-11-07,Kolkata,26-35,Google
C08527,2025-10-06,Kolkata,46-55,Google
C08528,2024-08-19,Pune,26-35,Organic
C08529,2025-03-15,Chennai,26-35,Facebook
C08530,2025-09-16,Delhi,26-35,YouTube
C08531,2026-02-09,Pune,36-45,Instagram
C08532,2025-08-01,Bangalore,46-55,Referral
C08533,2026-03-18,Delhi,26-35,Instagram
C08534,2025-12-14,Ahmedabad,36-45,YouTube
C08535,2024-11-28,Chennai,46-55,Google
C08536,2025-12-22,Delhi,36-45,Google
C08537,2025-01-31,Bangalore,18-25,Referral
C08538,2025-08-08,Ahmedabad,18-25,Referral
C08539,2024-11-06,Bangalore,46-55,Facebook
C08540,2025-06-10,Delhi,36-45,Instagram
C08541,2025-09-08,Delhi,56+,Facebook
C08542,2026-02-05,Bangalore,26-35,Google
C08543,2026-02-23,Delhi,36-45,Instagram
C08544,2025-11-25,Ahmedabad,36-45,Organic
C08545,2025-06-23,Mumbai,46-55,Referral
C08546,2026-01-15,Hyderabad,36-45,Facebook
C08547,2024-09-06,Chennai,18-25,Referral
C08548,2026-03-29,Hyderabad,36-45,Referral
C08549,2024-11-08,Chennai,26-35,Google
C08550,2025-03-15,Pune,26-35,Facebook
C08551,2026-01-31,Hyderabad,18-25,Organic
C08552,2025-10-02,Pune,46-55,Organic
C08553,2025-12-26,Chennai,18-25,YouTube
C08554,2025-09-13,Pune,26-35,Instagram
C08555,2025-07-20,Chennai,26-35,YouTube
C08556,2024-10-20,Bangalore,56+,Referral
C08557,2026-03-29,Pune,36-45,YouTube
C08558,2025-08-11,Chennai,26-35,Organic
C08559,2025-08-31,Delhi,18-25,Referral
C08560,2025-03-31,Kolkata,26-35,Organic
C08561,2026-03-01,Delhi,26-35,Organic
C08562,2025-04-14,Delhi,36-45,Instagram
C08563,2024-10-30,Kolkata,26-35,Organic
C08564,2024-10-24,Delhi,18-25,Referral
C08565,2025-09-20,Mumbai,46-55,YouTube
C08566,2025-10-19,Mumbai,18-25,YouTube
C08567,2024-11-09,Kolkata,18-25,Instagram
C08568,2025-09-19,Mumbai,26-35,Instagram
C08569,2026-03-30,Pune,18-25,Google
C08570,2025-06-06,Chennai,18-25,Organic
C08571,2026-03-13,Pune,56+,YouTube
C08572,2024-10-09,Ahmedabad,46-55,Organic
C08573,2025-03-15,Chennai,36-45,YouTube
C08574,2025-06-21,Mumbai,36-45,Organic
C08575,2025-02-14,Ahmedabad,18-25,Referral
C08576,2024-09-02,Hyderabad,36-45,Facebook
C08577,2025-04-19,Bangalore,26-35,Instagram
C08578,2025-02-02,Delhi,18-25,Referral
C08579,2024-11-08,Pune,26-35,Google
C08580,2025-02-23,Bangalore,26-35,Instagram
C08581,2025-03-25,Hyderabad,18-25,Organic
C08582,2026-01-16,Mumbai,18-25,Google
C08583,2025-05-11,Hyderabad,26-35,Referral
C08584,2025-03-23,Bangalore,26-35,Instagram
C08585,2025-03-06,Kolkata,18-25,Google
C08586,2025-07-18,Mumbai,26-35,Google
C08587,2024-12-24,Bangalore,18-25,Facebook
C08588,2026-01-10,Mumbai,26-35,Referral
C08589,2025-03-25,Hyderabad,18-25,YouTube
C08590,2025-03-30,Pune,26-35,Referral
C08591,2024-08-10,Hyderabad,26-35,Instagram
C08592,2026-01-16,Bangalore,36-45,Organic
C08593,2025-04-28,Kolkata,18-25,Instagram
C08594,2024-09-26,Mumbai,26-35,Google
C08595,2024-10-18,Bangalore,36-45,Referral
C08596,2025-02-19,Chennai,18-25,Organic
C08597,2025-11-11,Pune,26-35,Facebook
C08598,2024-08-30,Pune,26-35,Google
C08599,2024-09-16,Mumbai,46-55,Organic
C08600,2025-06-24,Mumbai,26-35,Referral
C08601,2025-05-15,Hyderabad,46-55,Organic
C08602,2026-03-04,Bangalore,36-45,Facebook
C08603,2025-10-24,Delhi,26-35,Referral
C08604,2025-08-24,Ahmedabad,26-35,Google
C08605,2025-01-31,Pune,26-35,YouTube
C08606,2025-08-05,Mumbai,18-25,Referral
C08607,2025-07-09,Delhi,26-35,YouTube
C08608,2024-12-25,Chennai,26-35,Referral
C08609,2025-02-22,Delhi,36-45,Facebook
C08610,2026-02-15,Bangalore,36-45,Instagram
C08611,2025-06-09,Bangalore,46-55,Organic
C08612,2025-04-28,Chennai,18-25,Google
C08613,2025-11-22,Pune,46-55,Organic
C08614,2024-12-18,Bangalore,46-55,Facebook
C08615,2024-11-18,Bangalore,46-55,Organic
C08616,2026-03-24,Pune,36-45,Organic
C08617,2025-11-26,Hyderabad,18-25,Instagram
C08618,2025-03-28,Pune,46-55,Instagram
C08619,2026-02-25,Bangalore,26-35,Organic
C08620,2025-02-23,Chennai,36-45,Referral
C08621,2025-09-05,Ahmedabad,18-25,Instagram
C08622,2024-07-23,Hyderabad,18-25,Organic
C08623,2025-09-19,Delhi,18-25,Organic
C08624,2024-10-22,Pune,26-35,Instagram
C08625,2024-12-02,Mumbai,26-35,Instagram
C08626,2025-11-30,Bangalore,46-55,Google
C08627,2024-11-09,Delhi,18-25,Organic
C08628,2025-05-05,Kolkata,18-25,Facebook
C08629,2026-02-09,Mumbai,26-35,Referral
C08630,2026-03-03,Kolkata,18-25,Instagram
C08631,2025-04-10,Hyderabad,26-35,YouTube
C08632,2024-08-23,Hyderabad,36-45,Instagram
C08633,2024-12-31,Bangalore,56+,Organic
C08634,2025-07-29,Pune,18-25,Referral
C08635,2025-02-01,Bangalore,18-25,Facebook
C08636,2025-10-04,Mumbai,36-45,Organic
C08637,2026-03-27,Delhi,18-25,Instagram
C08638,2025-08-01,Mumbai,36-45,Google
C08639,2025-08-04,Hyderabad,26-35,Google
C08640,2025-06-04,Bangalore,46-55,Google
C08641,2024-10-28,Delhi,18-25,Google
C08642,2025-07-05,Ahmedabad,56+,Referral
C08643,2026-02-16,Bangalore,56+,YouTube
C08644,2025-09-14,Delhi,18-25,Instagram
C08645,2025-10-24,Delhi,26-35,Referral
C08646,2026-01-03,Mumbai,26-35,YouTube
C08647,2025-03-05,Pune,18-25,Referral
C08648,2025-01-31,Delhi,56+,Referral
C08649,2026-03-12,Mumbai,18-25,Organic
C08650,2025-04-20,Pune,18-25,Organic
C08651,2025-10-12,Delhi,18-25,Referral
C08652,2025-08-11,Ahmedabad,26-35,Facebook
C08653,2024-09-17,Ahmedabad,46-55,Instagram
C08654,2025-01-17,Bangalore,26-35,Instagram
C08655,2025-01-25,Mumbai,36-45,Referral
C08656,2024-10-23,Delhi,18-25,Instagram
C08657,2025-11-10,Delhi,36-45,Google
C08658,2026-03-10,Hyderabad,26-35,Instagram
C08659,2026-03-10,Hyderabad,26-35,Organic
C08660,2024-11-02,Mumbai,26-35,Referral
C08661,2025-04-14,Delhi,56+,YouTube
C08662,2024-11-26,Delhi,36-45,Google
C08663,2024-08-09,Ahmedabad,36-45,Organic
C08664,2025-07-31,Ahmedabad,26-35,Google
C08665,2026-01-01,Bangalore,18-25,Instagram
C08666,2024-08-19,Pune,26-35,Organic
C08667,2025-08-15,Mumbai,36-45,Instagram
C08668,2024-07-22,Pune,36-45,Organic
C08669,2025-12-21,Hyderabad,26-35,Organic
C08670,2024-08-10,Kolkata,26-35,Organic
C08671,2025-04-05,Bangalore,18-25,Organic
C08672,2024-09-17,Mumbai,18-25,YouTube
C08673,2025-03-21,Ahmedabad,36-45,Instagram
C08674,2025-04-01,Delhi,56+,Facebook
C08675,2025-06-11,Bangalore,26-35,Instagram
C08676,2025-12-12,Chennai,36-45,Referral
C08677,2026-03-29,Chennai,36-45,Facebook
C08678,2025-02-04,Pune,18-25,Google
C08679,2026-02-10,Chennai,18-25,YouTube
C08680,2025-03-31,Pune,18-25,Organic
C08681,2024-09-14,Bangalore,46-55,YouTube
C08682,2025-07-19,Hyderabad,18-25,Instagram
C08683,2025-10-05,Chennai,26-35,Referral
C08684,2025-01-10,Kolkata,26-35,Google
C08685,2025-07-12,Delhi,36-45,Instagram
C08686,2025-04-03,Bangalore,18-25,Organic
C08687,2024-10-01,Chennai,56+,Organic
C08688,2025-03-04,Delhi,26-35,Organic
C08689,2025-03-31,Bangalore,46-55,Organic
C08690,2025-02-04,Kolkata,26-35,YouTube
C08691,2026-02-05,Hyderabad,26-35,Referral
C08692,2025-03-06,Delhi,36-45,Google
C08693,2025-08-05,Bangalore,26-35,Organic
C08694,2024-07-08,Bangalore,18-25,Organic
C08695,2025-01-17,Chennai,36-45,Google
C08696,2026-01-18,Hyderabad,26-35,Referral
C08697,2026-01-22,Bangalore,26-35,Google
C08698,2026-03-17,Mumbai,36-45,Organic
C08699,2024-08-06,Bangalore,36-45,Google
C08700,2026-01-03,Bangalore,26-35,Organic
C08701,2024-12-19,Delhi,26-35,Organic
C08702,2024-07-04,Hyderabad,18-25,Facebook
C08703,2024-08-29,Delhi,26-35,Referral
C08704,2025-10-23,Mumbai,26-35,YouTube
C08705,2025-07-14,Mumbai,18-25,Organic
C08706,2025-07-02,Mumbai,36-45,Instagram
C08707,2026-01-15,Bangalore,18-25,Google
C08708,2024-08-30,Bangalore,18-25,Google
C08709,2024-08-22,Bangalore,46-55,Instagram
C08710,2026-02-17,Mumbai,36-45,Referral
C08711,2025-07-23,Pune,36-45,Instagram
C08712,2025-11-09,Bangalore,26-35,YouTube
C08713,2025-06-01,Chennai,26-35,Google
C08714,2024-10-01,Pune,46-55,Google
C08715,2025-05-30,Bangalore,26-35,Organic
C08716,2026-03-09,Bangalore,18-25,YouTube
C08717,2024-09-14,Delhi,18-25,Facebook
C08718,2024-09-19,Bangalore,46-55,Facebook
C08719,2025-02-07,Hyderabad,26-35,YouTube
C08720,2025-04-17,Bangalore,26-35,Google
C08721,2025-08-06,Chennai,26-35,Referral
C08722,2024-10-10,Hyderabad,56+,Google
C08723,2026-02-17,Chennai,26-35,Facebook
C08724,2024-10-04,Chennai,26-35,Instagram
C08725,2024-11-05,Hyderabad,56+,Referral
C08726,2026-03-11,Ahmedabad,18-25,Google
C08727,2025-02-26,Ahmedabad,26-35,YouTube
C08728,2025-07-01,Mumbai,18-25,Google
C08729,2025-04-04,Bangalore,18-25,YouTube
C08730,2024-12-13,Mumbai,18-25,Facebook
C08731,2025-05-20,Delhi,26-35,Instagram
C08732,2025-11-09,Hyderabad,18-25,Organic
C08733,2024-07-08,Mumbai,36-45,Google
C08734,2026-01-11,Hyderabad,26-35,Google
C08735,2024-10-26,Chennai,26-35,Google
C08736,2026-02-07,Delhi,36-45,Organic
C08737,2026-03-07,Hyderabad,46-55,Google
C08738,2026-02-17,Delhi,26-35,Organic
C08739,2025-08-20,Chennai,18-25,Organic
C08740,2026-01-30,Pune,18-25,Google
C08741,2026-01-01,Bangalore,46-55,Instagram
C08742,2025-08-13,Pune,46-55,Instagram
C08743,2026-01-21,Bangalore,26-35,Google
C08744,2025-02-04,Chennai,18-25,Facebook
C08745,2025-12-16,Hyderabad,26-35,Google
C08746,2026-02-12,Mumbai,36-45,Organic
C08747,2025-08-10,Pune,26-35,Facebook
C08748,2024-09-17,Kolkata,18-25,Google
C08749,2024-11-14,Chennai,26-35,Referral
C08750,2024-10-16,Hyderabad,36-45,YouTube
C08751,2025-06-06,Chennai,56+,Organic
C08752,2025-04-04,Mumbai,18-25,Instagram
C08753,2025-12-11,Chennai,46-55,Organic
C08754,2024-12-29,Kolkata,26-35,Facebook
C08755,2024-10-14,Bangalore,36-45,Organic
C08756,2025-07-29,Delhi,46-55,Organic
C08757,2024-09-27,Delhi,26-35,Organic
C08758,2026-01-30,Bangalore,18-25,Organic
C08759,2024-08-21,Mumbai,18-25,Google
C08760,2025-05-10,Delhi,36-45,Facebook
C08761,2026-02-27,Hyderabad,26-35,Instagram
C08762,2025-06-19,Bangalore,26-35,YouTube
C08763,2025-11-29,Delhi,26-35,Google
C08764,2025-03-28,Pune,18-25,Organic
C08765,2025-10-26,Mumbai,18-25,YouTube
C08766,2025-09-26,Mumbai,36-45,YouTube
C08767,2025-05-25,Chennai,26-35,Instagram
C08768,2024-09-03,Ahmedabad,18-25,Organic
C08769,2026-03-13,Hyderabad,26-35,Google
C08770,2024-08-01,Bangalore,46-55,Instagram
C08771,2025-02-14,Bangalore,18-25,Referral
C08772,2025-08-14,Ahmedabad,18-25,Facebook
C08773,2025-11-04,Pune,26-35,Facebook
C08774,2025-06-07,Chennai,18-25,Organic
C08775,2025-03-14,Pune,18-25,Organic
C08776,2025-03-18,Bangalore,18-25,Google
C08777,2026-03-16,Mumbai,18-25,Google
C08778,2025-01-30,Chennai,36-45,Organic
C08779,2025-12-29,Kolkata,18-25,Organic
C08780,2024-08-03,Delhi,26-35,Organic
C08781,2025-08-26,Hyderabad,36-45,Instagram
C08782,2025-09-08,Bangalore,18-25,Google
C08783,2025-09-05,Ahmedabad,18-25,Instagram
C08784,2025-03-27,Delhi,56+,Organic
C08785,2025-09-15,Chennai,26-35,Google
C08786,2025-04-11,Delhi,36-45,Referral
C08787,2025-07-15,Pune,26-35,Organic
C08788,2026-01-22,Pune,56+,Instagram
C08789,2025-09-03,Delhi,18-25,Google
C08790,2025-10-15,Chennai,18-25,Organic
C08791,2026-03-12,Kolkata,36-45,Google
C08792,2024-11-18,Kolkata,18-25,Organic
C08793,2025-07-11,Delhi,26-35,Facebook
C08794,2025-08-24,Chennai,18-25,Instagram
C08795,2025-09-18,Hyderabad,26-35,Google
C08796,2024-09-23,Hyderabad,36-45,Organic
C08797,2025-10-29,Mumbai,26-35,Organic
C08798,2024-11-02,Hyderabad,26-35,Facebook
C08799,2025-03-19,Bangalore,18-25,Instagram
C08800,2025-09-30,Mumbai,26-35,YouTube
C08801,2024-12-16,Bangalore,36-45,Referral
C08802,2024-09-19,Delhi,18-25,Google
C08803,2025-09-05,Bangalore,26-35,Referral
C08804,2024-12-27,Delhi,26-35,Referral
C08805,2025-12-11,Chennai,26-35,Instagram
C08806,2026-01-25,Hyderabad,26-35,Google
C08807,2025-02-09,Bangalore,36-45,Google
C08808,2025-10-15,Chennai,26-35,Referral
C08809,2024-11-21,Kolkata,18-25,Instagram
C08810,2026-02-14,Kolkata,56+,Instagram
C08811,2024-12-05,Kolkata,18-25,Google
C08812,2026-01-15,Ahmedabad,36-45,Organic
C08813,2025-11-15,Hyderabad,18-25,Facebook
C08814,2025-01-16,Ahmedabad,26-35,Instagram
C08815,2025-12-09,Ahmedabad,26-35,Facebook
C08816,2025-08-09,Delhi,18-25,Organic
C08817,2025-09-01,Kolkata,36-45,Facebook
C08818,2025-02-27,Chennai,18-25,Referral
C08819,2024-11-27,Chennai,26-35,Referral
C08820,2025-09-19,Kolkata,36-45,Organic
C08821,2024-08-03,Mumbai,26-35,Referral
C08822,2025-02-08,Mumbai,26-35,Facebook
C08823,2024-09-29,Pune,26-35,Facebook
C08824,2024-07-01,Chennai,18-25,Referral
C08825,2024-07-05,Kolkata,46-55,Organic
C08826,2024-08-30,Kolkata,26-35,Referral
C08827,2026-02-21,Chennai,26-35,Organic
C08828,2025-11-05,Ahmedabad,26-35,Organic
C08829,2026-03-25,Bangalore,26-35,Organic
C08830,2024-08-23,Ahmedabad,18-25,Instagram
C08831,2026-03-30,Bangalore,18-25,Facebook
C08832,2025-07-19,Hyderabad,26-35,Google
C08833,2025-11-20,Bangalore,18-25,Google
C08834,2025-12-31,Hyderabad,18-25,Google
C08835,2024-12-15,Mumbai,26-35,Instagram
C08836,2025-10-17,Bangalore,26-35,Referral
C08837,2025-08-18,Pune,26-35,Instagram
C08838,2025-03-22,Chennai,36-45,Instagram
C08839,2025-05-11,Bangalore,26-35,Instagram
C08840,2024-11-11,Pune,18-25,Instagram
C08841,2024-10-27,Bangalore,36-45,Facebook
C08842,2026-02-10,Bangalore,26-35,Referral
C08843,2025-10-11,Bangalore,26-35,Instagram
C08844,2025-06-27,Hyderabad,46-55,Referral
C08845,2025-09-17,Chennai,18-25,Organic
C08846,2025-03-17,Hyderabad,26-35,Referral
C08847,2024-12-07,Chennai,26-35,Google
C08848,2026-02-22,Hyderabad,18-25,Organic
C08849,2026-03-25,Chennai,26-35,Instagram
C08850,2024-11-15,Ahmedabad,26-35,Google
C08851,2025-11-25,Mumbai,18-25,Facebook
C08852,2025-04-09,Bangalore,26-35,Referral
C08853,2025-09-26,Bangalore,26-35,Instagram
C08854,2024-09-08,Hyderabad,26-35,Google
C08855,2025-05-03,Hyderabad,18-25,Organic
C08856,2024-09-18,Delhi,26-35,Instagram
C08857,2025-12-03,Kolkata,26-35,Google
C08858,2025-03-12,Ahmedabad,26-35,Google
C08859,2024-12-16,Delhi,36-45,Google
C08860,2025-09-21,Delhi,56+,Referral
C08861,2026-03-03,Delhi,18-25,Instagram
C08862,2025-02-02,Mumbai,26-35,Referral
C08863,2025-10-02,Kolkata,46-55,Instagram
C08864,2025-09-14,Hyderabad,26-35,Facebook
C08865,2025-05-10,Bangalore,56+,Organic
C08866,2025-11-27,Mumbai,36-45,Instagram
C08867,2024-09-20,Bangalore,36-45,Google
C08868,2026-01-12,Mumbai,18-25,Organic
C08869,2025-03-16,Mumbai,18-25,Organic
C08870,2024-07-29,Pune,26-35,Google
C08871,2026-03-25,Hyderabad,26-35,Instagram
C08872,2025-11-07,Kolkata,36-45,Referral
C08873,2025-12-04,Bangalore,56+,Google
C08874,2024-10-03,Chennai,18-25,Instagram
C08875,2025-10-23,Bangalore,26-35,Google
C08876,2025-09-20,Delhi,46-55,Organic
C08877,2026-01-28,Kolkata,36-45,Google
C08878,2025-02-23,Pune,36-45,Instagram
C08879,2026-02-13,Bangalore,26-35,Instagram
C08880,2025-09-26,Hyderabad,56+,Organic
C08881,2024-12-10,Chennai,26-35,Referral
C08882,2024-11-14,Ahmedabad,18-25,Organic
C08883,2026-01-29,Pune,18-25,Organic
C08884,2025-08-17,Bangalore,26-35,Referral
C08885,2024-09-14,Hyderabad,36-45,Referral
C08886,2024-09-19,Bangalore,26-35,Facebook
C08887,2025-12-11,Bangalore,26-35,YouTube
C08888,2024-10-17,Hyderabad,26-35,Google
C08889,2024-11-17,Chennai,36-45,Organic
C08890,2025-07-28,Bangalore,18-25,Instagram
C08891,2026-01-03,Chennai,26-35,Instagram
C08892,2025-02-01,Pune,18-25,Google
C08893,2025-08-30,Chennai,26-35,Organic
C08894,2025-09-23,Delhi,26-35,Facebook
C08895,2025-07-19,Mumbai,26-35,Organic
C08896,2025-09-11,Bangalore,26-35,Organic
C08897,2024-11-23,Delhi,56+,Instagram
C08898,2025-08-02,Delhi,46-55,Facebook
C08899,2024-07-03,Delhi,26-35,Instagram
C08900,2025-10-10,Bangalore,18-25,Facebook
C08901,2025-11-19,Delhi,18-25,Instagram
C08902,2025-11-20,Kolkata,18-25,Instagram
C08903,2024-07-19,Chennai,18-25,Referral
C08904,2026-02-03,Mumbai,46-55,Instagram
C08905,2025-04-04,Ahmedabad,46-55,Instagram
C08906,2024-08-21,Delhi,18-25,Organic
C08907,2025-06-07,Mumbai,36-45,Organic
C08908,2025-07-01,Chennai,36-45,Google
C08909,2025-03-14,Mumbai,26-35,Referral
C08910,2025-10-22,Delhi,46-55,Organic
C08911,2025-06-13,Mumbai,56+,Instagram
C08912,2024-11-16,Hyderabad,56+,Referral
C08913,2025-08-01,Pune,36-45,Organic
C08914,2024-12-16,Mumbai,26-35,YouTube
C08915,2024-09-14,Mumbai,18-25,Referral
C08916,2024-12-18,Delhi,56+,Organic
C08917,2026-01-30,Hyderabad,18-25,Referral
C08918,2025-07-01,Delhi,26-35,Organic
C08919,2025-01-20,Kolkata,18-25,Organic
C08920,2025-02-19,Chennai,26-35,Referral
C08921,2026-01-01,Mumbai,18-25,Instagram
C08922,2025-08-30,Chennai,36-45,YouTube
C08923,2025-11-07,Bangalore,26-35,Organic
C08924,2025-07-25,Mumbai,26-35,Organic
C08925,2026-03-27,Mumbai,26-35,Referral
C08926,2025-08-24,Mumbai,26-35,Instagram
C08927,2025-03-13,Chennai,36-45,Referral
C08928,2024-12-09,Ahmedabad,46-55,Referral
C08929,2024-07-30,Mumbai,46-55,Google
C08930,2025-11-03,Mumbai,26-35,Instagram
C08931,2026-02-17,Pune,36-45,Organic
C08932,2025-08-29,Delhi,26-35,Referral
C08933,2025-05-08,Bangalore,26-35,Organic
C08934,2024-09-22,Ahmedabad,36-45,Instagram
C08935,2025-08-16,Chennai,26-35,Referral
C08936,2024-11-05,Ahmedabad,26-35,Instagram
C08937,2025-08-02,Delhi,36-45,Organic
C08938,2025-01-09,Bangalore,26-35,Organic
C08939,2026-01-05,Mumbai,36-45,Referral
C08940,2026-02-19,Ahmedabad,26-35,Facebook
C08941,2024-11-27,Bangalore,26-35,Google
C08942,2025-01-25,Bangalore,36-45,Referral
C08943,2026-02-10,Bangalore,18-25,Organic
C08944,2024-07-13,Chennai,18-25,Referral
C08945,2025-05-27,Chennai,26-35,Organic
C08946,2024-09-29,Pune,18-25,Facebook
C08947,2025-04-03,Bangalore,18-25,Organic
C08948,2024-07-21,Chennai,36-45,Instagram
C08949,2024-09-28,Mumbai,18-25,Google
C08950,2025-03-15,Bangalore,26-35,YouTube
C08951,2024-08-08,Delhi,18-25,Instagram
C08952,2025-11-22,Hyderabad,18-25,Referral
C08953,2025-07-05,Delhi,26-35,Facebook
C08954,2025-04-14,Ahmedabad,56+,Organic
C08955,2025-04-28,Mumbai,26-35,Instagram
C08956,2025-12-19,Mumbai,26-35,Organic
C08957,2025-12-23,Pune,26-35,Google
C08958,2024-07-31,Pune,26-35,Facebook
C08959,2025-09-11,Bangalore,26-35,Organic
C08960,2025-04-27,Pune,18-25,Referral
C08961,2025-11-13,Delhi,18-25,Instagram
C08962,2025-11-15,Mumbai,26-35,Google
C08963,2025-09-26,Pune,36-45,Referral
C08964,2025-09-05,Hyderabad,36-45,Organic
C08965,2024-11-13,Mumbai,26-35,Referral
C08966,2025-12-27,Bangalore,36-45,YouTube
C08967,2025-09-21,Hyderabad,26-35,Instagram
C08968,2024-12-22,Delhi,26-35,Google
C08969,2024-11-26,Ahmedabad,26-35,Organic
C08970,2025-05-17,Hyderabad,18-25,Organic
C08971,2025-02-05,Kolkata,46-55,Referral
C08972,2025-09-06,Mumbai,26-35,Google
C08973,2025-03-17,Kolkata,26-35,Instagram
C08974,2024-10-16,Bangalore,26-35,Organic
C08975,2025-03-10,Delhi,46-55,Facebook
C08976,2025-12-04,Bangalore,18-25,YouTube
C08977,2025-12-13,Bangalore,46-55,Organic
C08978,2025-01-16,Ahmedabad,18-25,Organic
C08979,2025-11-21,Pune,18-25,Organic
C08980,2024-08-29,Pune,46-55,Organic
C08981,2026-03-21,Hyderabad,18-25,Instagram
C08982,2025-11-02,Hyderabad,26-35,Google
C08983,2024-07-27,Pune,26-35,YouTube
C08984,2025-09-24,Kolkata,46-55,YouTube
C08985,2025-05-12,Hyderabad,36-45,Organic
C08986,2026-01-16,Chennai,26-35,Google
C08987,2024-12-01,Delhi,36-45,YouTube
C08988,2026-01-22,Ahmedabad,18-25,Google
C08989,2026-01-08,Bangalore,26-35,Google
C08990,2024-12-25,Mumbai,36-45,Referral
C08991,2025-04-03,Kolkata,36-45,Organic
C08992,2025-08-14,Delhi,36-45,Google
C08993,2024-12-01,Bangalore,36-45,Organic
C08994,2026-03-31,Mumbai,26-35,Organic
C08995,2024-10-31,Mumbai,46-55,Google
C08996,2024-12-03,Ahmedabad,18-25,Google
C08997,2025-05-16,Kolkata,26-35,Organic
C08998,2025-04-29,Mumbai,36-45,Facebook
C08999,2024-08-02,Ahmedabad,26-35,YouTube
C09000,2026-02-02,Pune,26-35,Instagram
C09001,2024-12-01,Kolkata,36-45,Referral
C09002,2024-09-04,Delhi,26-35,YouTube
C09003,2025-05-28,Hyderabad,18-25,Google
C09004,2026-02-14,Bangalore,18-25,Organic
C09005,2024-07-02,Bangalore,26-35,Referral
C09006,2025-05-08,Pune,26-35,Organic
C09007,2026-02-02,Bangalore,18-25,Instagram
C09008,2026-01-22,Hyderabad,36-45,Google
C09009,2024-10-18,Pune,26-35,Google
C09010,2025-08-02,Bangalore,36-45,Referral
C09011,2025-12-17,Mumbai,56+,Instagram
C09012,2025-09-03,Pune,26-35,Referral
C09013,2025-08-24,Kolkata,56+,Referral
C09014,2025-11-06,Delhi,18-25,Instagram
C09015,2025-04-16,Ahmedabad,36-45,Google
C09016,2024-08-12,Kolkata,56+,Instagram
C09017,2025-08-13,Pune,36-45,Facebook
C09018,2025-08-06,Mumbai,18-25,Instagram
C09019,2025-12-27,Pune,18-25,Organic
C09020,2026-02-11,Chennai,18-25,Google
C09021,2025-02-01,Delhi,46-55,Google
C09022,2026-03-03,Ahmedabad,18-25,YouTube
C09023,2024-07-07,Kolkata,26-35,Organic
C09024,2026-03-11,Hyderabad,26-35,Organic
C09025,2024-09-26,Chennai,26-35,Instagram
C09026,2025-08-17,Hyderabad,26-35,Google
C09027,2025-09-10,Chennai,26-35,Google
C09028,2025-08-09,Kolkata,26-35,Referral
C09029,2026-03-26,Bangalore,26-35,Facebook
C09030,2025-06-19,Bangalore,26-35,Google
C09031,2024-09-22,Delhi,26-35,Google
C09032,2025-07-24,Ahmedabad,26-35,Instagram
C09033,2025-01-02,Mumbai,36-45,Google
C09034,2025-07-27,Kolkata,26-35,Instagram
C09035,2025-03-01,Mumbai,26-35,Google
C09036,2024-07-28,Delhi,18-25,Facebook
C09037,2025-08-12,Kolkata,18-25,Referral
C09038,2024-08-26,Hyderabad,36-45,Google
C09039,2025-01-26,Mumbai,46-55,Google
C09040,2025-07-31,Bangalore,18-25,Organic
C09041,2026-01-15,Bangalore,26-35,Instagram
C09042,2025-01-17,Bangalore,26-35,Facebook
C09043,2025-01-07,Mumbai,36-45,Organic
C09044,2025-01-09,Hyderabad,18-25,Referral
C09045,2025-07-03,Delhi,56+,Organic
C09046,2024-11-01,Bangalore,18-25,Google
C09047,2025-06-02,Delhi,56+,Instagram
C09048,2025-11-24,Mumbai,18-25,Organic
C09049,2024-08-21,Ahmedabad,26-35,Instagram
C09050,2026-03-09,Mumbai,18-25,Instagram
C09051,2025-06-05,Bangalore,18-25,Facebook
C09052,2025-08-06,Hyderabad,56+,Organic
C09053,2025-07-30,Ahmedabad,26-35,Instagram
C09054,2026-02-25,Chennai,18-25,Facebook
C09055,2025-08-29,Kolkata,56+,Instagram
C09056,2026-01-16,Ahmedabad,18-25,YouTube
C09057,2024-12-30,Pune,18-25,Referral
C09058,2024-11-17,Ahmedabad,18-25,Referral
C09059,2025-08-16,Bangalore,26-35,Organic
C09060,2024-10-07,Kolkata,46-55,Instagram
C09061,2024-09-10,Kolkata,18-25,Facebook
C09062,2024-11-13,Ahmedabad,36-45,Instagram
C09063,2024-12-21,Mumbai,18-25,Facebook
C09064,2024-08-31,Chennai,18-25,Instagram
C09065,2025-10-09,Delhi,36-45,Instagram
C09066,2025-07-08,Hyderabad,36-45,Instagram
C09067,2024-11-06,Mumbai,26-35,Google
C09068,2024-12-28,Hyderabad,18-25,Organic
C09069,2026-02-15,Pune,18-25,Organic
C09070,2026-02-04,Mumbai,36-45,YouTube
C09071,2024-09-17,Delhi,26-35,Referral
C09072,2025-07-27,Delhi,26-35,Referral
C09073,2025-01-23,Pune,18-25,Google
C09074,2025-02-15,Pune,36-45,Organic
C09075,2025-07-19,Chennai,18-25,Facebook
C09076,2026-03-22,Bangalore,36-45,Google
C09077,2025-07-08,Chennai,36-45,Google
C09078,2026-03-02,Pune,18-25,Google
C09079,2025-12-07,Bangalore,26-35,Google
C09080,2025-11-10,Delhi,26-35,Referral
C09081,2025-11-18,Mumbai,26-35,Instagram
C09082,2025-11-18,Mumbai,46-55,YouTube
C09083,2024-12-11,Bangalore,26-35,Instagram
C09084,2026-03-17,Delhi,18-25,Instagram
C09085,2026-02-07,Bangalore,26-35,Instagram
C09086,2025-07-19,Bangalore,26-35,Google
C09087,2025-09-28,Delhi,26-35,Organic
C09088,2026-01-14,Chennai,36-45,Facebook
C09089,2024-10-06,Hyderabad,18-25,Referral
C09090,2024-08-11,Mumbai,18-25,Google
C09091,2026-03-29,Pune,18-25,Organic
C09092,2025-06-20,Hyderabad,46-55,Organic
C09093,2025-10-05,Bangalore,36-45,Organic
C09094,2025-05-18,Delhi,26-35,Referral
C09095,2025-05-27,Delhi,26-35,Referral
C09096,2024-07-25,Hyderabad,46-55,Instagram
C09097,2025-01-01,Mumbai,46-55,Google
C09098,2024-08-25,Mumbai,26-35,Facebook
C09099,2025-04-03,Hyderabad,36-45,Instagram
C09100,2024-07-14,Ahmedabad,46-55,Google
C09101,2025-11-25,Delhi,26-35,Google
C09102,2025-01-04,Hyderabad,26-35,Instagram
C09103,2025-10-17,Hyderabad,26-35,Facebook
C09104,2024-08-04,Pune,26-35,Instagram
C09105,2024-07-22,Chennai,36-45,Referral
C09106,2025-03-28,Chennai,26-35,YouTube
C09107,2025-11-16,Delhi,18-25,Instagram
C09108,2025-12-02,Mumbai,26-35,Instagram
C09109,2025-06-14,Chennai,36-45,Google
C09110,2025-07-28,Mumbai,18-25,Instagram
C09111,2025-09-14,Ahmedabad,26-35,Google
C09112,2025-09-04,Mumbai,18-25,Organic
C09113,2025-10-17,Hyderabad,36-45,Instagram
C09114,2024-07-21,Mumbai,18-25,Organic
C09115,2025-04-01,Mumbai,18-25,Facebook
C09116,2025-12-19,Kolkata,36-45,Google
C09117,2025-04-08,Bangalore,18-25,Google
C09118,2024-10-02,Hyderabad,36-45,Instagram
C09119,2025-08-30,Pune,26-35,Instagram
C09120,2025-01-10,Kolkata,36-45,Google
C09121,2025-05-23,Hyderabad,18-25,Referral
C09122,2025-05-27,Ahmedabad,18-25,Google
C09123,2025-09-18,Kolkata,18-25,Google
C09124,2026-02-15,Mumbai,46-55,Instagram
C09125,2025-09-17,Kolkata,36-45,Organic
C09126,2026-03-30,Ahmedabad,26-35,Google
C09127,2024-07-13,Delhi,18-25,Organic
C09128,2025-11-13,Pune,18-25,Referral
C09129,2025-03-24,Delhi,18-25,Google
C09130,2025-10-10,Pune,18-25,Organic
C09131,2024-08-24,Bangalore,46-55,Instagram
C09132,2025-06-03,Chennai,18-25,Organic
C09133,2024-07-20,Mumbai,46-55,Google
C09134,2025-08-30,Hyderabad,18-25,Referral
C09135,2024-11-16,Bangalore,36-45,Referral
C09136,2024-10-01,Pune,26-35,Referral
C09137,2024-08-20,Hyderabad,18-25,Organic
C09138,2024-12-20,Pune,36-45,Instagram
C09139,2026-03-06,Delhi,18-25,Referral
C09140,2026-03-22,Bangalore,46-55,Instagram
C09141,2024-08-21,Mumbai,36-45,Google
C09142,2026-03-18,Ahmedabad,56+,Google
C09143,2025-07-11,Delhi,36-45,Organic
C09144,2025-01-23,Pune,18-25,Organic
C09145,2026-02-23,Bangalore,26-35,YouTube
C09146,2024-12-02,Pune,36-45,Referral
C09147,2024-10-25,Delhi,26-35,Organic
C09148,2024-11-24,Mumbai,26-35,YouTube
C09149,2024-10-02,Mumbai,18-25,Instagram
C09150,2025-05-06,Bangalore,36-45,Organic
C09151,2024-09-28,Mumbai,26-35,Google
C09152,2024-11-20,Mumbai,18-25,Google
C09153,2025-02-23,Hyderabad,56+,Facebook
C09154,2025-08-19,Ahmedabad,46-55,Google
C09155,2025-12-31,Mumbai,26-35,Facebook
C09156,2024-08-17,Ahmedabad,18-25,YouTube
C09157,2025-08-08,Mumbai,36-45,YouTube
C09158,2024-09-05,Bangalore,18-25,Organic
C09159,2026-03-26,Delhi,26-35,Organic
C09160,2024-12-24,Mumbai,36-45,Google
C09161,2025-12-30,Delhi,18-25,Google
C09162,2025-11-09,Kolkata,26-35,YouTube
C09163,2025-01-24,Pune,18-25,Google
C09164,2025-01-23,Hyderabad,26-35,Referral
C09165,2025-01-19,Hyderabad,26-35,Facebook
C09166,2025-04-27,Mumbai,18-25,Google
C09167,2025-04-09,Pune,56+,YouTube
C09168,2025-08-24,Bangalore,36-45,Google
C09169,2025-04-23,Bangalore,18-25,Instagram
C09170,2025-11-16,Delhi,26-35,Organic
C09171,2025-04-25,Bangalore,26-35,Referral
C09172,2025-01-13,Pune,26-35,Organic
C09173,2025-01-25,Bangalore,26-35,Instagram
C09174,2025-10-11,Bangalore,18-25,Instagram
C09175,2024-09-28,Kolkata,18-25,YouTube
C09176,2024-12-30,Ahmedabad,18-25,Referral
C09177,2025-01-16,Hyderabad,18-25,Referral
C09178,2025-08-16,Hyderabad,36-45,Google
C09179,2024-09-21,Chennai,56+,Facebook
C09180,2025-04-15,Bangalore,36-45,Facebook
C09181,2025-09-05,Mumbai,56+,Referral
C09182,2026-02-13,Bangalore,26-35,Google
C09183,2025-04-06,Mumbai,26-35,Facebook
C09184,2026-03-20,Ahmedabad,46-55,Facebook
C09185,2025-07-24,Chennai,18-25,Referral
C09186,2025-11-07,Ahmedabad,18-25,Organic
C09187,2024-12-03,Chennai,46-55,Referral
C09188,2026-02-05,Hyderabad,36-45,Google
C09189,2024-12-13,Chennai,46-55,Organic
C09190,2024-09-26,Pune,18-25,Organic
C09191,2024-08-20,Mumbai,36-45,Referral
C09192,2025-08-23,Delhi,18-25,YouTube
C09193,2025-08-06,Hyderabad,26-35,Referral
C09194,2024-11-04,Delhi,46-55,YouTube
C09195,2026-01-13,Hyderabad,26-35,Google
C09196,2024-12-24,Bangalore,36-45,Facebook
C09197,2025-07-25,Hyderabad,46-55,Google
C09198,2025-05-31,Delhi,46-55,Instagram
C09199,2025-07-14,Delhi,18-25,Organic
C09200,2025-10-18,Hyderabad,18-25,Instagram
C09201,2026-02-13,Bangalore,46-55,Instagram
C09202,2025-10-05,Ahmedabad,26-35,Organic
C09203,2026-01-31,Mumbai,26-35,Google
C09204,2026-01-07,Mumbai,18-25,YouTube
C09205,2025-02-15,Bangalore,18-25,Instagram
C09206,2025-06-23,Kolkata,56+,Google
C09207,2024-11-04,Pune,26-35,Google
C09208,2026-02-12,Mumbai,36-45,Referral
C09209,2026-03-10,Delhi,18-25,Referral
C09210,2026-01-19,Chennai,18-25,Google
C09211,2025-10-18,Ahmedabad,26-35,Google
C09212,2025-12-25,Mumbai,46-55,Instagram
C09213,2025-11-20,Bangalore,26-35,Organic
C09214,2024-11-24,Bangalore,26-35,Referral
C09215,2024-12-16,Bangalore,26-35,Google
C09216,2025-06-05,Chennai,18-25,Google
C09217,2025-03-26,Ahmedabad,26-35,Facebook
C09218,2025-10-14,Ahmedabad,26-35,Google
C09219,2025-10-14,Chennai,18-25,Facebook
C09220,2026-03-16,Bangalore,26-35,Google
C09221,2025-11-16,Ahmedabad,18-25,Facebook
C09222,2024-07-08,Delhi,36-45,Referral
C09223,2025-02-03,Delhi,36-45,Referral
C09224,2025-01-26,Pune,36-45,Google
C09225,2025-08-09,Bangalore,36-45,Facebook
C09226,2025-02-04,Kolkata,26-35,Google
C09227,2026-03-18,Ahmedabad,26-35,Organic
C09228,2025-01-01,Chennai,26-35,Instagram
C09229,2025-04-06,Chennai,18-25,Referral
C09230,2025-12-05,Mumbai,36-45,Organic
C09231,2025-02-20,Bangalore,18-25,Referral
C09232,2024-07-29,Chennai,26-35,Organic
C09233,2025-01-29,Hyderabad,26-35,Organic
C09234,2025-02-15,Kolkata,36-45,Referral
C09235,2025-07-27,Bangalore,26-35,Google
C09236,2025-09-28,Delhi,26-35,Google
C09237,2025-06-16,Mumbai,26-35,Organic
C09238,2025-03-17,Pune,46-55,Google
C09239,2025-05-18,Chennai,36-45,Organic
C09240,2024-10-01,Ahmedabad,18-25,Instagram
C09241,2024-10-24,Delhi,46-55,Facebook
C09242,2025-07-26,Hyderabad,18-25,Organic
C09243,2026-01-05,Bangalore,18-25,Referral
C09244,2025-05-30,Delhi,18-25,YouTube
C09245,2024-08-08,Mumbai,26-35,YouTube
C09246,2026-03-20,Hyderabad,26-35,Instagram
C09247,2025-01-24,Mumbai,26-35,Google
C09248,2025-10-22,Mumbai,36-45,Referral
C09249,2026-01-25,Pune,26-35,Google
C09250,2026-03-23,Kolkata,18-25,Google
C09251,2024-09-13,Delhi,26-35,Google
C09252,2024-10-28,Mumbai,36-45,Instagram
C09253,2025-08-17,Pune,26-35,Instagram
C09254,2025-10-30,Chennai,26-35,Google
C09255,2025-12-16,Kolkata,26-35,Instagram
C09256,2025-06-18,Delhi,26-35,Referral
C09257,2024-10-10,Hyderabad,26-35,Instagram
C09258,2025-09-29,Kolkata,46-55,Instagram
C09259,2025-09-01,Mumbai,18-25,YouTube
C09260,2025-04-25,Mumbai,18-25,Organic
C09261,2025-08-12,Ahmedabad,36-45,Facebook
C09262,2024-11-13,Bangalore,46-55,Facebook
C09263,2025-12-01,Pune,36-45,Organic
C09264,2024-07-30,Kolkata,26-35,YouTube
C09265,2025-12-19,Bangalore,56+,Instagram
C09266,2025-12-18,Pune,26-35,Organic
C09267,2025-09-13,Mumbai,26-35,Referral
C09268,2025-12-03,Kolkata,26-35,Organic
C09269,2026-02-04,Kolkata,26-35,Instagram
C09270,2024-10-12,Kolkata,26-35,Facebook
C09271,2025-06-14,Bangalore,56+,Referral
C09272,2025-08-17,Chennai,18-25,Organic
C09273,2026-02-23,Ahmedabad,18-25,Facebook
C09274,2025-10-15,Pune,26-35,YouTube
C09275,2025-07-15,Hyderabad,26-35,Google
C09276,2025-06-22,Bangalore,36-45,Google
C09277,2024-09-30,Kolkata,56+,Organic
C09278,2025-01-19,Bangalore,36-45,Referral
C09279,2025-04-03,Delhi,56+,Referral
C09280,2026-01-14,Ahmedabad,18-25,Organic
C09281,2026-01-02,Ahmedabad,18-25,Facebook
C09282,2025-08-15,Ahmedabad,26-35,Google
C09283,2024-09-06,Mumbai,36-45,Instagram
C09284,2025-10-04,Bangalore,18-25,Organic
C09285,2025-04-20,Hyderabad,18-25,Organic
C09286,2025-08-21,Bangalore,26-35,Facebook
C09287,2025-04-03,Kolkata,26-35,Organic
C09288,2025-10-04,Hyderabad,36-45,Google
C09289,2024-11-17,Mumbai,46-55,Organic
C09290,2024-10-01,Bangalore,18-25,YouTube
C09291,2024-11-18,Mumbai,26-35,Google
C09292,2026-02-10,Kolkata,18-25,Instagram
C09293,2024-08-18,Pune,18-25,Organic
C09294,2024-12-30,Bangalore,26-35,Instagram
C09295,2025-02-04,Bangalore,26-35,Facebook
C09296,2025-12-17,Mumbai,26-35,Instagram
C09297,2025-02-15,Bangalore,36-45,Google
C09298,2026-01-22,Ahmedabad,36-45,Facebook
C09299,2026-03-24,Pune,18-25,Instagram
C09300,2025-08-21,Bangalore,36-45,Instagram
C09301,2025-02-05,Chennai,36-45,Instagram
C09302,2025-07-18,Mumbai,18-25,Facebook
C09303,2025-09-01,Delhi,26-35,Facebook
C09304,2024-09-08,Hyderabad,18-25,Google
C09305,2025-12-15,Bangalore,18-25,Organic
C09306,2025-04-05,Mumbai,26-35,Organic
C09307,2025-12-23,Kolkata,18-25,Instagram
C09308,2025-07-26,Ahmedabad,46-55,Google
C09309,2026-01-02,Mumbai,46-55,YouTube
C09310,2024-08-22,Pune,26-35,Instagram
C09311,2024-07-28,Delhi,36-45,Referral
C09312,2024-09-10,Hyderabad,56+,Google
C09313,2026-01-10,Delhi,26-35,Referral
C09314,2026-03-27,Hyderabad,26-35,Google
C09315,2026-03-31,Bangalore,36-45,Google
C09316,2025-01-29,Ahmedabad,46-55,Instagram
C09317,2024-12-16,Kolkata,36-45,Facebook
C09318,2025-02-09,Delhi,18-25,Instagram
C09319,2025-12-05,Chennai,36-45,Referral
C09320,2024-12-08,Bangalore,18-25,Referral
C09321,2025-06-15,Chennai,18-25,Google
C09322,2025-08-17,Delhi,26-35,YouTube
C09323,2025-02-16,Bangalore,36-45,Google
C09324,2025-04-29,Pune,18-25,Organic
C09325,2025-08-30,Mumbai,26-35,Referral
C09326,2025-11-18,Hyderabad,36-45,YouTube
C09327,2024-10-30,Hyderabad,18-25,YouTube
C09328,2025-05-24,Bangalore,46-55,Google
C09329,2024-10-07,Bangalore,26-35,Organic
C09330,2024-07-10,Hyderabad,26-35,YouTube
C09331,2025-08-17,Pune,18-25,Facebook
C09332,2025-05-05,Bangalore,56+,Facebook
C09333,2024-12-13,Mumbai,46-55,Organic
C09334,2024-08-05,Pune,18-25,Referral
C09335,2026-02-25,Pune,36-45,Google
C09336,2025-12-11,Kolkata,36-45,YouTube
C09337,2026-02-18,Mumbai,18-25,Facebook
C09338,2024-09-11,Hyderabad,26-35,Instagram
C09339,2024-07-09,Hyderabad,46-55,Referral
C09340,2024-11-16,Delhi,26-35,Instagram
C09341,2024-09-03,Bangalore,46-55,Google
C09342,2025-04-20,Bangalore,18-25,Google
C09343,2025-08-17,Kolkata,46-55,Google
C09344,2024-11-02,Delhi,56+,Organic
C09345,2025-03-11,Pune,18-25,Instagram
C09346,2025-06-10,Hyderabad,26-35,Organic
C09347,2025-01-19,Mumbai,26-35,Organic
C09348,2025-04-21,Kolkata,46-55,Organic
C09349,2025-07-13,Pune,18-25,Instagram
C09350,2026-03-01,Bangalore,26-35,Google
C09351,2025-01-15,Chennai,36-45,Organic
C09352,2024-08-26,Hyderabad,26-35,Organic
C09353,2026-01-06,Mumbai,26-35,Referral
C09354,2025-07-04,Chennai,26-35,Referral
C09355,2025-04-28,Pune,56+,Facebook
C09356,2025-10-04,Delhi,18-25,Google
C09357,2026-03-19,Ahmedabad,46-55,Instagram
C09358,2024-09-20,Pune,26-35,Facebook
C09359,2026-01-01,Hyderabad,46-55,YouTube
C09360,2025-08-11,Bangalore,18-25,Google
C09361,2025-07-10,Delhi,36-45,YouTube
C09362,2026-01-04,Mumbai,46-55,Google
C09363,2025-01-11,Pune,36-45,YouTube
C09364,2025-11-16,Hyderabad,18-25,Organic
C09365,2025-06-30,Chennai,26-35,Referral
C09366,2026-02-18,Delhi,18-25,Facebook
C09367,2025-04-25,Pune,18-25,YouTube
C09368,2025-10-04,Chennai,36-45,Instagram
C09369,2025-05-14,Chennai,56+,Organic
C09370,2025-03-09,Chennai,26-35,Organic
C09371,2025-02-25,Kolkata,18-25,Referral
C09372,2026-02-09,Bangalore,18-25,Google
C09373,2025-12-18,Pune,26-35,Google
C09374,2024-11-22,Ahmedabad,18-25,Facebook
C09375,2026-01-05,Hyderabad,46-55,Referral
C09376,2025-07-08,Delhi,18-25,Referral
C09377,2024-09-05,Ahmedabad,18-25,Organic
C09378,2025-11-02,Bangalore,36-45,Instagram
C09379,2024-10-12,Delhi,18-25,Instagram
C09380,2026-01-09,Bangalore,26-35,Google
C09381,2025-04-17,Mumbai,26-35,Instagram
C09382,2026-02-06,Mumbai,18-25,Facebook
C09383,2025-05-05,Hyderabad,26-35,Instagram
C09384,2024-08-24,Ahmedabad,26-35,Google
C09385,2025-11-02,Mumbai,36-45,Referral
C09386,2025-10-07,Hyderabad,18-25,Facebook
C09387,2025-01-10,Kolkata,26-35,Instagram
C09388,2024-11-08,Chennai,36-45,Google
C09389,2026-01-03,Delhi,18-25,Organic
C09390,2025-11-10,Bangalore,18-25,Referral
C09391,2025-01-07,Pune,26-35,Organic
C09392,2025-09-21,Kolkata,18-25,Instagram
C09393,2024-12-01,Hyderabad,18-25,YouTube
C09394,2024-10-24,Delhi,56+,Organic
C09395,2025-08-29,Chennai,26-35,YouTube
C09396,2025-12-15,Pune,26-35,Facebook
C09397,2026-02-08,Hyderabad,18-25,Organic
C09398,2025-04-22,Kolkata,18-25,Instagram
C09399,2024-09-30,Chennai,36-45,Organic
C09400,2025-06-13,Pune,36-45,Referral
C09401,2025-09-09,Pune,56+,Instagram
C09402,2026-03-13,Pune,18-25,Google
C09403,2024-09-10,Hyderabad,18-25,Instagram
C09404,2025-08-24,Mumbai,36-45,Facebook
C09405,2025-05-24,Pune,26-35,YouTube
C09406,2025-07-12,Pune,18-25,Organic
C09407,2024-08-29,Hyderabad,26-35,Organic
C09408,2024-07-11,Bangalore,18-25,Organic
C09409,2025-07-23,Pune,36-45,YouTube
C09410,2024-11-05,Pune,46-55,Google
C09411,2025-07-28,Mumbai,26-35,Google
C09412,2024-07-17,Mumbai,26-35,Organic
C09413,2025-11-25,Delhi,36-45,YouTube
C09414,2025-01-29,Ahmedabad,26-35,YouTube
C09415,2025-04-15,Kolkata,36-45,Facebook
C09416,2025-02-06,Hyderabad,26-35,Organic
C09417,2025-03-25,Mumbai,56+,Google
C09418,2025-06-04,Chennai,26-35,Google
C09419,2025-08-17,Hyderabad,26-35,Referral
C09420,2025-09-14,Ahmedabad,36-45,Organic
C09421,2026-03-25,Bangalore,46-55,Referral
C09422,2024-10-23,Bangalore,46-55,Instagram
C09423,2026-01-08,Hyderabad,26-35,Referral
C09424,2025-07-20,Delhi,36-45,YouTube
C09425,2025-01-14,Hyderabad,26-35,Google
C09426,2026-02-06,Chennai,36-45,Organic
C09427,2025-09-25,Bangalore,18-25,Google
C09428,2024-10-27,Mumbai,26-35,Referral
C09429,2024-10-20,Pune,46-55,Organic
C09430,2025-08-26,Kolkata,36-45,Google
C09431,2025-10-10,Hyderabad,26-35,Organic
C09432,2024-07-30,Delhi,18-25,Organic
C09433,2025-08-06,Hyderabad,26-35,Google
C09434,2025-06-05,Mumbai,18-25,Facebook
C09435,2026-03-12,Chennai,18-25,Organic
C09436,2025-10-17,Hyderabad,46-55,Referral
C09437,2026-02-02,Delhi,26-35,Instagram
C09438,2024-07-22,Chennai,18-25,Referral
C09439,2025-11-01,Hyderabad,36-45,Google
C09440,2025-01-30,Bangalore,18-25,Google
C09441,2025-06-19,Hyderabad,26-35,Organic
C09442,2026-01-13,Ahmedabad,18-25,Facebook
C09443,2026-01-07,Pune,18-25,Instagram
C09444,2024-11-22,Delhi,26-35,Organic
C09445,2024-12-01,Pune,36-45,Organic
C09446,2025-10-05,Delhi,26-35,Organic
C09447,2026-01-13,Hyderabad,36-45,YouTube
C09448,2025-07-27,Hyderabad,46-55,Google
C09449,2024-08-04,Delhi,36-45,Organic
C09450,2024-10-13,Mumbai,56+,Google
C09451,2025-10-22,Ahmedabad,46-55,Google
C09452,2025-10-17,Delhi,36-45,Referral
C09453,2026-01-24,Chennai,26-35,Instagram
C09454,2025-06-05,Pune,18-25,Google
C09455,2025-03-31,Hyderabad,36-45,Instagram
C09456,2024-09-10,Bangalore,46-55,Instagram
C09457,2025-11-12,Delhi,36-45,Google
C09458,2026-02-27,Bangalore,36-45,Instagram
C09459,2024-07-29,Hyderabad,36-45,Instagram
C09460,2025-05-11,Ahmedabad,36-45,Organic
C09461,2025-02-13,Kolkata,36-45,Organic
C09462,2025-10-20,Bangalore,18-25,Facebook
C09463,2025-10-31,Delhi,26-35,Facebook
C09464,2024-11-17,Bangalore,18-25,YouTube
C09465,2026-03-01,Ahmedabad,18-25,Organic
C09466,2024-09-26,Delhi,26-35,Google
C09467,2025-11-12,Delhi,18-25,Instagram
C09468,2025-10-17,Pune,46-55,Facebook
C09469,2024-10-12,Hyderabad,26-35,Facebook
C09470,2025-09-04,Delhi,36-45,Referral
C09471,2024-12-20,Pune,18-25,Referral
C09472,2024-12-23,Bangalore,46-55,Instagram
C09473,2024-08-25,Bangalore,26-35,Instagram
C09474,2025-10-20,Bangalore,26-35,Referral
C09475,2025-11-29,Mumbai,36-45,Google
C09476,2025-05-19,Ahmedabad,26-35,Referral
C09477,2025-11-08,Hyderabad,26-35,YouTube
C09478,2025-02-08,Chennai,36-45,YouTube
C09479,2025-06-27,Delhi,36-45,YouTube
C09480,2025-11-15,Pune,26-35,Google
C09481,2025-04-02,Ahmedabad,46-55,Referral
C09482,2025-07-30,Mumbai,26-35,Organic
C09483,2024-10-01,Ahmedabad,18-25,Organic
C09484,2025-05-21,Pune,26-35,Facebook
C09485,2025-12-26,Chennai,26-35,Google
C09486,2025-11-07,Delhi,26-35,Instagram
C09487,2025-01-08,Pune,46-55,Google
C09488,2025-06-14,Hyderabad,26-35,Referral
C09489,2025-07-31,Ahmedabad,56+,Google
C09490,2026-02-20,Kolkata,18-25,Google
C09491,2025-12-12,Mumbai,26-35,Google
C09492,2025-12-05,Ahmedabad,18-25,Referral
C09493,2025-10-25,Kolkata,26-35,Organic
C09494,2025-02-14,Hyderabad,26-35,Instagram
C09495,2025-02-26,Bangalore,36-45,YouTube
C09496,2025-04-24,Bangalore,36-45,Organic
C09497,2025-03-30,Bangalore,18-25,Instagram
C09498,2026-03-04,Bangalore,18-25,Instagram
C09499,2026-01-11,Ahmedabad,26-35,Instagram
C09500,2026-01-24,Delhi,18-25,Instagram
C09501,2025-07-24,Pune,36-45,Organic
C09502,2024-10-31,Pune,26-35,Facebook
C09503,2024-09-30,Pune,36-45,Instagram
C09504,2024-12-23,Delhi,56+,Google
C09505,2025-08-20,Hyderabad,26-35,YouTube
C09506,2025-02-18,Pune,46-55,Referral
C09507,2025-08-23,Hyderabad,36-45,Referral
C09508,2026-01-14,Delhi,18-25,Referral
C09509,2025-01-30,Chennai,36-45,Instagram
C09510,2026-02-13,Bangalore,26-35,Google
C09511,2025-05-24,Hyderabad,36-45,Facebook
C09512,2025-11-25,Mumbai,36-45,Organic
C09513,2024-08-08,Delhi,46-55,Google
C09514,2024-12-24,Chennai,36-45,Facebook
C09515,2026-02-15,Bangalore,36-45,Google
C09516,2026-01-18,Ahmedabad,26-35,Instagram
C09517,2025-06-30,Kolkata,56+,Facebook
C09518,2024-07-22,Mumbai,36-45,Organic
C09519,2024-08-08,Delhi,36-45,Organic
C09520,2025-03-28,Bangalore,46-55,Instagram
C09521,2026-01-25,Ahmedabad,18-25,Google
C09522,2025-02-27,Pune,26-35,Facebook
C09523,2026-01-16,Bangalore,36-45,Instagram
C09524,2025-06-08,Hyderabad,46-55,YouTube
C09525,2024-09-25,Bangalore,36-45,Organic
C09526,2025-06-24,Hyderabad,26-35,Google
C09527,2025-02-18,Hyderabad,18-25,YouTube
C09528,2024-11-22,Bangalore,26-35,Facebook
C09529,2025-09-05,Chennai,26-35,YouTube
C09530,2024-11-08,Delhi,46-55,Google
C09531,2026-01-30,Hyderabad,26-35,Organic
C09532,2025-11-26,Pune,26-35,Google
C09533,2025-11-12,Ahmedabad,26-35,Instagram
C09534,2024-08-18,Hyderabad,46-55,Facebook
C09535,2026-03-06,Ahmedabad,26-35,Facebook
C09536,2025-05-12,Mumbai,18-25,Instagram
C09537,2025-10-12,Kolkata,26-35,Organic
C09538,2024-10-31,Delhi,26-35,Facebook
C09539,2025-11-03,Pune,26-35,Organic
C09540,2025-01-21,Bangalore,36-45,Instagram
C09541,2025-09-25,Ahmedabad,18-25,Instagram
C09542,2024-12-25,Ahmedabad,26-35,Referral
C09543,2026-02-16,Mumbai,26-35,Facebook
C09544,2025-09-26,Hyderabad,26-35,Google
C09545,2025-04-16,Hyderabad,26-35,Google
C09546,2025-04-18,Delhi,36-45,YouTube
C09547,2024-07-01,Pune,18-25,YouTube
C09548,2025-01-08,Pune,26-35,Facebook
C09549,2025-11-17,Hyderabad,36-45,YouTube
C09550,2025-12-14,Bangalore,46-55,Organic
C09551,2026-03-31,Ahmedabad,18-25,Facebook
C09552,2024-08-24,Bangalore,18-25,Organic
C09553,2024-12-08,Pune,46-55,Organic
C09554,2025-11-02,Bangalore,18-25,Instagram
C09555,2025-02-16,Bangalore,56+,Referral
C09556,2024-12-06,Bangalore,36-45,Instagram
C09557,2024-12-27,Mumbai,18-25,Facebook
C09558,2026-02-07,Pune,18-25,Instagram
C09559,2025-12-31,Hyderabad,56+,Google
C09560,2024-07-04,Pune,18-25,Facebook
C09561,2025-12-20,Pune,26-35,YouTube
C09562,2025-06-21,Bangalore,18-25,Organic
C09563,2025-12-22,Bangalore,26-35,Organic
C09564,2025-08-02,Pune,46-55,Instagram
C09565,2025-09-13,Pune,36-45,Google
C09566,2025-07-04,Hyderabad,18-25,YouTube
C09567,2025-10-13,Delhi,26-35,Facebook
C09568,2025-12-03,Chennai,36-45,Google
C09569,2025-05-21,Bangalore,18-25,Google
C09570,2024-09-10,Pune,36-45,Google
C09571,2024-08-29,Bangalore,26-35,Referral
C09572,2025-03-23,Pune,18-25,Google
C09573,2025-04-29,Mumbai,56+,Instagram
C09574,2026-01-03,Pune,26-35,Google
C09575,2024-07-22,Bangalore,18-25,Referral
C09576,2026-01-19,Hyderabad,18-25,Organic
C09577,2024-08-05,Bangalore,26-35,Google
C09578,2025-05-15,Pune,26-35,Google
C09579,2025-03-28,Bangalore,26-35,Google
C09580,2025-06-22,Bangalore,36-45,Organic
C09581,2024-07-28,Pune,36-45,Google
C09582,2025-11-01,Bangalore,18-25,Facebook
C09583,2024-09-24,Delhi,36-45,Google
C09584,2025-11-11,Kolkata,36-45,YouTube
C09585,2025-06-28,Chennai,26-35,Google
C09586,2026-01-19,Kolkata,56+,Organic
C09587,2026-03-18,Delhi,26-35,Organic
C09588,2025-12-22,Hyderabad,18-25,Instagram
C09589,2025-04-15,Chennai,18-25,Google
C09590,2025-03-22,Bangalore,26-35,Instagram
C09591,2025-08-28,Chennai,26-35,Referral
C09592,2025-08-20,Bangalore,18-25,Facebook
C09593,2025-11-17,Ahmedabad,26-35,Organic
C09594,2025-05-05,Pune,46-55,Organic
C09595,2025-04-22,Hyderabad,36-45,Google
C09596,2024-09-14,Hyderabad,36-45,Referral
C09597,2024-10-16,Delhi,36-45,Organic
C09598,2025-12-08,Mumbai,36-45,Instagram
C09599,2026-03-25,Chennai,26-35,Instagram
C09600,2025-07-20,Hyderabad,26-35,Google
C09601,2025-02-05,Hyderabad,26-35,Google
C09602,2024-08-07,Delhi,18-25,Facebook
C09603,2024-07-28,Pune,26-35,Instagram
C09604,2025-09-06,Mumbai,26-35,Instagram
C09605,2025-08-15,Delhi,18-25,Instagram
C09606,2024-12-28,Ahmedabad,18-25,Google
C09607,2024-10-29,Hyderabad,36-45,Google
C09608,2024-08-14,Hyderabad,18-25,Google
C09609,2025-09-10,Ahmedabad,26-35,Instagram
C09610,2025-07-23,Mumbai,18-25,Instagram
C09611,2025-01-29,Ahmedabad,18-25,Organic
C09612,2025-10-11,Pune,36-45,Referral
C09613,2025-12-23,Pune,18-25,Organic
C09614,2025-05-27,Delhi,26-35,Instagram
C09615,2024-12-15,Bangalore,56+,Google
C09616,2024-07-04,Mumbai,26-35,Facebook
C09617,2025-11-21,Bangalore,26-35,Instagram
C09618,2025-07-04,Bangalore,36-45,Referral
C09619,2025-02-08,Hyderabad,18-25,Google
C09620,2024-07-05,Chennai,26-35,Instagram
C09621,2025-12-03,Bangalore,26-35,Referral
C09622,2026-02-12,Chennai,18-25,Referral
C09623,2025-05-04,Ahmedabad,18-25,Google
C09624,2024-12-18,Chennai,26-35,Referral
C09625,2025-08-01,Chennai,18-25,Google
C09626,2026-01-08,Pune,18-25,Referral
C09627,2025-07-11,Delhi,26-35,YouTube
C09628,2024-07-08,Mumbai,26-35,Organic
C09629,2024-11-02,Ahmedabad,26-35,Google
C09630,2024-09-01,Pune,18-25,Google
C09631,2025-03-20,Chennai,36-45,Organic
C09632,2025-04-15,Ahmedabad,46-55,Google
C09633,2025-06-08,Delhi,26-35,Facebook
C09634,2025-10-28,Delhi,46-55,YouTube
C09635,2024-09-10,Pune,26-35,Google
C09636,2026-02-23,Bangalore,18-25,YouTube
C09637,2024-12-16,Hyderabad,26-35,Google
C09638,2025-05-29,Chennai,26-35,Instagram
C09639,2024-11-12,Pune,46-55,Facebook
C09640,2025-02-13,Delhi,26-35,Organic
C09641,2025-12-15,Chennai,26-35,Referral
C09642,2024-07-29,Bangalore,46-55,YouTube
C09643,2025-05-05,Kolkata,18-25,Instagram
C09644,2025-07-08,Bangalore,36-45,Organic
C09645,2025-06-30,Kolkata,26-35,Facebook
C09646,2025-02-28,Hyderabad,56+,YouTube
C09647,2025-02-27,Mumbai,18-25,Referral
C09648,2026-02-01,Hyderabad,36-45,Google
C09649,2024-12-01,Delhi,26-35,Facebook
C09650,2025-05-03,Mumbai,56+,Google
C09651,2025-02-18,Kolkata,56+,Facebook
C09652,2025-11-02,Chennai,36-45,Google
C09653,2025-11-27,Bangalore,18-25,Instagram
C09654,2025-12-25,Pune,26-35,Google
C09655,2024-08-24,Kolkata,46-55,Referral
C09656,2024-09-01,Chennai,26-35,Instagram
C09657,2025-02-25,Mumbai,46-55,Google
C09658,2025-04-08,Bangalore,36-45,Facebook
C09659,2024-08-10,Ahmedabad,26-35,Instagram
C09660,2026-01-23,Mumbai,18-25,Organic
C09661,2026-01-25,Mumbai,26-35,Google
C09662,2025-03-29,Chennai,36-45,Organic
C09663,2025-11-04,Delhi,26-35,Referral
C09664,2025-06-27,Kolkata,18-25,YouTube
C09665,2025-08-24,Bangalore,36-45,Google
C09666,2026-01-09,Chennai,18-25,Referral
C09667,2024-08-28,Ahmedabad,26-35,Instagram
C09668,2024-11-26,Ahmedabad,26-35,Referral
C09669,2025-03-31,Ahmedabad,26-35,Instagram
C09670,2026-01-23,Kolkata,18-25,Organic
C09671,2025-07-14,Delhi,36-45,Referral
C09672,2025-03-11,Ahmedabad,46-55,Organic
C09673,2024-07-19,Ahmedabad,36-45,Referral
C09674,2025-07-14,Hyderabad,56+,Organic
C09675,2024-12-20,Mumbai,18-25,Instagram
C09676,2025-01-26,Bangalore,18-25,Organic
C09677,2026-03-29,Hyderabad,18-25,Facebook
C09678,2025-06-02,Pune,36-45,Referral
C09679,2024-09-27,Mumbai,18-25,Instagram
C09680,2024-08-01,Mumbai,46-55,Organic
C09681,2025-03-06,Hyderabad,26-35,Instagram
C09682,2024-08-11,Bangalore,36-45,Referral
C09683,2025-03-31,Ahmedabad,26-35,Instagram
C09684,2025-03-23,Delhi,36-45,Referral
C09685,2026-01-14,Bangalore,26-35,YouTube
C09686,2025-01-31,Bangalore,26-35,Instagram
C09687,2024-12-24,Kolkata,36-45,Referral
C09688,2025-07-29,Kolkata,18-25,Google
C09689,2025-08-13,Bangalore,46-55,Google
C09690,2024-07-25,Bangalore,36-45,Organic
C09691,2024-08-23,Mumbai,36-45,Organic
C09692,2024-10-16,Delhi,18-25,YouTube
C09693,2025-11-09,Chennai,18-25,Google
C09694,2024-11-11,Bangalore,18-25,Instagram
C09695,2026-03-27,Hyderabad,36-45,Referral
C09696,2025-04-08,Mumbai,18-25,Organic
C09697,2026-02-17,Mumbai,56+,Organic
C09698,2024-12-05,Mumbai,56+,Organic
C09699,2025-03-28,Bangalore,18-25,YouTube
C09700,2024-09-26,Delhi,36-45,Instagram
C09701,2025-12-23,Bangalore,18-25,Facebook
C09702,2025-07-17,Bangalore,26-35,Facebook
C09703,2024-08-18,Ahmedabad,18-25,Instagram
C09704,2025-10-19,Delhi,36-45,Google
C09705,2026-01-18,Delhi,46-55,Organic
C09706,2025-09-11,Bangalore,18-25,Referral
C09707,2025-11-29,Chennai,18-25,Instagram
C09708,2024-12-24,Ahmedabad,26-35,Google
C09709,2025-04-03,Chennai,26-35,Organic
C09710,2025-12-28,Pune,18-25,YouTube
C09711,2025-07-24,Chennai,36-45,YouTube
C09712,2025-07-26,Mumbai,46-55,Facebook
C09713,2025-11-03,Kolkata,26-35,Referral
C09714,2025-07-28,Chennai,46-55,YouTube
C09715,2024-09-19,Bangalore,36-45,Instagram
C09716,2024-11-14,Hyderabad,26-35,Referral
C09717,2025-11-10,Delhi,36-45,Facebook
C09718,2024-12-02,Bangalore,26-35,YouTube
C09719,2025-08-30,Kolkata,26-35,Organic
C09720,2025-04-30,Bangalore,18-25,Instagram
C09721,2025-08-01,Chennai,36-45,Google
C09722,2024-11-29,Ahmedabad,18-25,Organic
C09723,2025-01-15,Hyderabad,18-25,Google
C09724,2025-09-13,Mumbai,26-35,Google
C09725,2024-10-18,Hyderabad,26-35,YouTube
C09726,2025-01-14,Chennai,18-25,Instagram
C09727,2026-03-30,Delhi,18-25,Google
C09728,2024-10-06,Delhi,46-55,Google
C09729,2025-07-05,Hyderabad,26-35,Instagram
C09730,2024-10-05,Ahmedabad,26-35,Google
C09731,2025-09-25,Delhi,46-55,Google
C09732,2024-09-20,Mumbai,36-45,Referral
C09733,2025-07-02,Ahmedabad,18-25,Referral
C09734,2025-04-08,Bangalore,26-35,Referral
C09735,2025-09-15,Bangalore,26-35,YouTube
C09736,2024-07-02,Hyderabad,26-35,Referral
C09737,2025-05-26,Bangalore,36-45,Organic
C09738,2025-06-12,Delhi,18-25,Organic
C09739,2024-12-01,Pune,26-35,Referral
C09740,2025-01-07,Pune,26-35,Google
C09741,2025-09-25,Hyderabad,26-35,Facebook
C09742,2025-06-19,Mumbai,18-25,Referral
C09743,2025-07-05,Hyderabad,36-45,Organic
C09744,2026-02-18,Pune,26-35,Referral
C09745,2025-03-16,Chennai,18-25,YouTube
C09746,2026-01-07,Chennai,36-45,Referral
C09747,2026-03-15,Pune,18-25,Referral
C09748,2025-07-04,Kolkata,26-35,Referral
C09749,2024-11-13,Kolkata,26-35,Organic
C09750,2025-03-25,Bangalore,18-25,Google
C09751,2024-07-30,Ahmedabad,18-25,Facebook
C09752,2025-09-20,Kolkata,18-25,YouTube
C09753,2024-12-22,Delhi,36-45,Instagram
C09754,2026-02-10,Bangalore,36-45,Google
C09755,2025-08-22,Hyderabad,18-25,Facebook
C09756,2025-05-09,Mumbai,18-25,Google
C09757,2024-10-28,Chennai,46-55,Google
C09758,2024-09-02,Hyderabad,18-25,Google
C09759,2025-09-03,Bangalore,26-35,Instagram
C09760,2025-11-02,Delhi,36-45,Referral
C09761,2024-12-18,Kolkata,18-25,Organic
C09762,2024-07-07,Bangalore,46-55,Organic
C09763,2025-01-21,Chennai,18-25,Instagram
C09764,2025-11-01,Delhi,46-55,Referral
C09765,2025-07-06,Mumbai,26-35,Google
C09766,2024-08-24,Hyderabad,18-25,Organic
C09767,2024-09-12,Delhi,26-35,Google
C09768,2024-09-07,Pune,56+,Facebook
C09769,2025-10-28,Pune,26-35,YouTube
C09770,2025-11-12,Bangalore,18-25,Organic
C09771,2025-03-18,Mumbai,46-55,Referral
C09772,2025-09-14,Chennai,18-25,Organic
C09773,2024-07-14,Chennai,18-25,Referral
C09774,2025-06-25,Hyderabad,18-25,YouTube
C09775,2024-12-21,Chennai,36-45,Facebook
C09776,2025-12-07,Bangalore,18-25,Facebook
C09777,2025-05-09,Bangalore,18-25,Organic
C09778,2025-12-27,Pune,46-55,Organic
C09779,2025-06-25,Pune,26-35,Google
C09780,2025-04-19,Chennai,26-35,Instagram
C09781,2026-02-26,Delhi,26-35,Organic
C09782,2026-03-29,Hyderabad,18-25,Facebook
C09783,2025-04-18,Pune,26-35,YouTube
C09784,2025-02-14,Delhi,26-35,YouTube
C09785,2025-08-18,Hyderabad,26-35,Google
C09786,2024-10-18,Pune,36-45,Organic
C09787,2025-03-04,Delhi,26-35,Organic
C09788,2025-12-23,Mumbai,18-25,Referral
C09789,2026-01-25,Delhi,26-35,Instagram
C09790,2025-03-23,Kolkata,36-45,Organic
C09791,2025-03-07,Delhi,36-45,Google
C09792,2026-01-10,Bangalore,36-45,Organic
C09793,2024-11-07,Bangalore,56+,Facebook
C09794,2024-08-09,Bangalore,36-45,Organic
C09795,2024-08-16,Delhi,56+,Google
C09796,2024-09-09,Hyderabad,26-35,Referral
C09797,2026-01-14,Bangalore,18-25,Referral
C09798,2024-07-26,Delhi,26-35,Organic
C09799,2025-01-29,Bangalore,18-25,Instagram
C09800,2025-07-20,Mumbai,18-25,Referral
C09801,2025-07-25,Bangalore,26-35,YouTube
C09802,2025-12-14,Hyderabad,26-35,Instagram
C09803,2026-03-19,Pune,36-45,Organic
C09804,2025-03-15,Chennai,26-35,YouTube
C09805,2024-11-26,Delhi,18-25,YouTube
C09806,2024-08-27,Kolkata,46-55,Facebook
C09807,2026-01-21,Pune,26-35,Organic
C09808,2025-02-24,Bangalore,18-25,Referral
C09809,2026-01-26,Mumbai,18-25,Referral
C09810,2025-02-08,Chennai,18-25,Instagram
C09811,2025-10-27,Delhi,46-55,Instagram
C09812,2025-08-16,Mumbai,18-25,Organic
C09813,2025-09-29,Pune,46-55,Google
C09814,2025-08-21,Bangalore,18-25,Google
C09815,2025-01-13,Ahmedabad,36-45,YouTube
C09816,2024-09-04,Bangalore,18-25,Instagram
C09817,2024-07-07,Bangalore,26-35,Google
C09818,2025-03-26,Bangalore,26-35,Organic
C09819,2026-01-21,Mumbai,26-35,Instagram
C09820,2025-08-15,Kolkata,56+,Referral
C09821,2025-09-04,Chennai,36-45,Instagram
C09822,2024-12-13,Ahmedabad,18-25,Organic
C09823,2025-05-07,Hyderabad,36-45,Organic
C09824,2025-03-18,Mumbai,18-25,Organic
C09825,2024-09-26,Mumbai,46-55,Google
C09826,2025-07-28,Bangalore,26-35,Organic
C09827,2025-02-18,Kolkata,18-25,Google
C09828,2025-03-15,Hyderabad,18-25,Organic
C09829,2025-07-17,Mumbai,18-25,Instagram
C09830,2024-07-20,Hyderabad,46-55,Instagram
C09831,2026-02-19,Chennai,26-35,Google
C09832,2024-11-20,Delhi,18-25,Google
C09833,2025-09-08,Pune,36-45,Instagram
C09834,2025-11-08,Pune,18-25,Instagram
C09835,2024-10-07,Kolkata,18-25,YouTube
C09836,2024-12-06,Bangalore,36-45,Referral
C09837,2025-03-21,Bangalore,18-25,Organic
C09838,2025-12-05,Mumbai,36-45,Google
C09839,2025-08-11,Kolkata,26-35,Instagram
C09840,2025-04-25,Ahmedabad,18-25,Facebook
C09841,2025-12-25,Hyderabad,26-35,Instagram
C09842,2025-04-29,Delhi,18-25,YouTube
C09843,2026-01-18,Delhi,26-35,Organic
C09844,2025-11-05,Pune,26-35,Google
C09845,2024-10-19,Delhi,36-45,Organic
C09846,2025-03-02,Hyderabad,26-35,Organic
C09847,2024-07-17,Kolkata,36-45,YouTube
C09848,2024-11-30,Mumbai,18-25,Referral
C09849,2024-07-15,Mumbai,46-55,Google
C09850,2024-09-06,Bangalore,18-25,Organic
C09851,2024-07-03,Delhi,36-45,Instagram
C09852,2025-09-03,Pune,26-35,Google
C09853,2025-03-19,Mumbai,18-25,Organic
C09854,2025-04-27,Bangalore,26-35,Google
C09855,2025-11-01,Bangalore,46-55,YouTube
C09856,2025-11-30,Bangalore,36-45,Facebook
C09857,2025-06-06,Pune,36-45,Instagram
C09858,2025-04-19,Pune,26-35,Google
C09859,2025-08-20,Hyderabad,26-35,Referral
C09860,2025-03-23,Hyderabad,18-25,Instagram
C09861,2025-04-09,Bangalore,36-45,Instagram
C09862,2025-01-07,Hyderabad,18-25,Facebook
C09863,2024-10-30,Bangalore,36-45,Instagram
C09864,2024-11-05,Ahmedabad,36-45,Google
C09865,2025-08-23,Bangalore,26-35,Referral
C09866,2025-12-13,Mumbai,36-45,Instagram
C09867,2025-03-28,Bangalore,26-35,YouTube
C09868,2024-08-30,Chennai,18-25,YouTube
C09869,2025-07-25,Bangalore,18-25,Google
C09870,2026-01-28,Ahmedabad,18-25,Google
C09871,2025-06-03,Bangalore,18-25,Facebook
C09872,2024-07-18,Kolkata,36-45,Organic
C09873,2024-08-22,Pune,36-45,Referral
C09874,2025-05-30,Delhi,26-35,Google
C09875,2026-01-02,Delhi,56+,Referral
C09876,2024-08-07,Mumbai,46-55,Google
C09877,2025-10-25,Kolkata,18-25,Referral
C09878,2025-11-11,Kolkata,26-35,Organic
C09879,2024-08-02,Bangalore,46-55,Referral
C09880,2024-11-13,Mumbai,18-25,Organic
C09881,2024-07-03,Delhi,26-35,Organic
C09882,2025-06-27,Bangalore,46-55,Organic
C09883,2024-10-20,Pune,36-45,Referral
C09884,2026-02-06,Mumbai,36-45,Google
C09885,2024-08-28,Delhi,46-55,Organic
C09886,2025-08-19,Kolkata,18-25,YouTube
C09887,2025-11-15,Chennai,36-45,Instagram
C09888,2024-10-22,Chennai,36-45,Facebook
C09889,2024-12-09,Bangalore,18-25,Facebook
C09890,2025-11-22,Ahmedabad,18-25,Organic
C09891,2024-08-29,Hyderabad,18-25,Instagram
C09892,2025-04-09,Hyderabad,36-45,Organic
C09893,2024-12-07,Bangalore,36-45,Google
C09894,2024-07-09,Kolkata,46-55,Google
C09895,2025-04-15,Hyderabad,26-35,Instagram
C09896,2025-05-08,Kolkata,26-35,Organic
C09897,2025-02-07,Pune,18-25,Referral
C09898,2025-12-02,Chennai,46-55,Referral
C09899,2024-08-31,Pune,26-35,Google
C09900,2025-04-01,Ahmedabad,36-45,Referral
C09901,2024-10-24,Delhi,26-35,Referral
C09902,2025-10-28,Delhi,18-25,Referral
C09903,2025-06-21,Pune,18-25,Instagram
C09904,2025-09-24,Hyderabad,36-45,Google
C09905,2024-09-07,Hyderabad,18-25,Instagram
C09906,2025-04-18,Pune,36-45,Organic
C09907,2024-08-02,Hyderabad,18-25,Referral
C09908,2025-01-23,Chennai,26-35,YouTube
C09909,2026-02-25,Delhi,18-25,Referral
C09910,2025-10-08,Kolkata,18-25,Instagram
C09911,2024-08-20,Bangalore,26-35,Google
C09912,2025-02-21,Pune,26-35,Google
C09913,2026-01-08,Kolkata,26-35,Referral
C09914,2024-10-17,Delhi,26-35,Organic
C09915,2025-10-27,Delhi,26-35,Instagram
C09916,2025-01-22,Delhi,26-35,Google
C09917,2025-05-01,Hyderabad,36-45,Instagram
C09918,2026-01-12,Mumbai,18-25,Google
C09919,2025-09-03,Bangalore,26-35,Organic
C09920,2024-12-29,Kolkata,18-25,Instagram
C09921,2024-07-06,Delhi,18-25,Instagram
C09922,2024-11-28,Hyderabad,18-25,Organic
C09923,2025-03-24,Hyderabad,26-35,Google
C09924,2024-09-24,Bangalore,18-25,Google
C09925,2026-01-15,Bangalore,46-55,Organic
C09926,2024-08-05,Ahmedabad,36-45,Instagram
C09927,2025-06-11,Pune,18-25,YouTube
C09928,2026-03-17,Bangalore,26-35,Organic
C09929,2025-01-31,Chennai,18-25,Google
C09930,2025-06-09,Hyderabad,18-25,Referral
C09931,2024-08-16,Bangalore,56+,Google
C09932,2025-10-10,Pune,26-35,Organic
C09933,2026-03-17,Hyderabad,18-25,Instagram
C09934,2025-11-06,Delhi,46-55,Organic
C09935,2024-10-04,Kolkata,46-55,Google
C09936,2025-02-11,Delhi,26-35,Organic
C09937,2025-10-06,Delhi,36-45,Facebook
C09938,2025-11-23,Delhi,36-45,Google
C09939,2025-03-15,Chennai,36-45,Referral
C09940,2026-03-07,Pune,26-35,Referral
C09941,2024-11-08,Kolkata,36-45,Referral
C09942,2025-10-17,Delhi,26-35,Instagram
C09943,2025-05-14,Chennai,18-25,Organic
C09944,2025-09-28,Hyderabad,18-25,Organic
C09945,2025-07-16,Delhi,26-35,Facebook
C09946,2025-04-03,Bangalore,18-25,Organic
C09947,2025-12-04,Chennai,18-25,Organic
C09948,2025-12-20,Delhi,26-35,Google
C09949,2025-12-05,Pune,46-55,Instagram
C09950,2024-08-26,Hyderabad,18-25,Organic
C09951,2025-03-28,Bangalore,18-25,Organic
C09952,2025-10-23,Ahmedabad,36-45,YouTube
C09953,2026-01-05,Chennai,26-35,Referral
C09954,2025-02-17,Hyderabad,36-45,Instagram
C09955,2025-10-17,Pune,26-35,Google
C09956,2025-06-27,Mumbai,26-35,Referral
C09957,2024-11-18,Chennai,18-25,Google
C09958,2026-01-22,Bangalore,26-35,Google
C09959,2025-04-11,Mumbai,26-35,Instagram
C09960,2025-07-22,Delhi,18-25,Referral
C09961,2025-01-01,Mumbai,18-25,Google
C09962,2024-07-17,Mumbai,26-35,Facebook
C09963,2025-04-16,Bangalore,36-45,YouTube
C09964,2025-10-05,Ahmedabad,26-35,Google
C09965,2025-01-26,Bangalore,36-45,Organic
C09966,2026-02-14,Bangalore,36-45,Referral
C09967,2025-10-23,Mumbai,18-25,Facebook
C09968,2025-08-15,Pune,46-55,Organic
C09969,2025-11-28,Bangalore,36-45,Google
C09970,2026-01-02,Hyderabad,18-25,Google
C09971,2025-10-04,Chennai,26-35,Facebook
C09972,2025-12-10,Bangalore,26-35,Facebook
C09973,2025-09-29,Ahmedabad,46-55,Referral
C09974,2026-01-02,Delhi,26-35,Referral
C09975,2024-09-05,Pune,26-35,Referral
C09976,2025-02-05,Bangalore,46-55,Organic
C09977,2026-01-19,Pune,26-35,Referral
C09978,2025-04-29,Kolkata,18-25,Instagram
C09979,2024-07-10,Bangalore,26-35,Google
C09980,2025-12-24,Bangalore,36-45,Referral
C09981,2025-08-23,Delhi,26-35,Google
C09982,2026-02-02,Bangalore,26-35,YouTube
C09983,2024-07-11,Ahmedabad,26-35,Facebook
C09984,2024-10-02,Hyderabad,26-35,Google
C09985,2025-05-23,Hyderabad,56+,YouTube
C09986,2024-10-24,Ahmedabad,26-35,Organic
C09987,2025-05-29,Kolkata,36-45,Organic
C09988,2025-02-07,Chennai,36-45,Instagram
C09989,2024-11-12,Delhi,18-25,Referral
C09990,2025-11-05,Delhi,18-25,Facebook
C09991,2024-07-25,Delhi,56+,Organic
C09992,2026-01-11,Mumbai,36-45,Organic
C09993,2024-10-07,Mumbai,26-35,Instagram
C09994,2025-07-06,Bangalore,18-25,Google
C09995,2026-03-26,Mumbai,18-25,Referral
C09996,2024-09-11,Mumbai,18-25,Organic
C09997,2026-02-13,Delhi,26-35,YouTube
C09998,2025-01-11,Bangalore,26-35,Referral
C09999,2025-10-17,Mumbai,18-25,Google
C10000,2025-12-30,Hyderabad,26-35,Google
